order_id,customer_id,order_date,status,channel,total_amount,shipping_cost
1,31,2024-11-20,Entregue,Marketplace,3054.23,2.93
2,817,2024-09-16,Entregue,Marketplace,4938.97,17.74
3,936,2024-12-29,Entregue,Website,17468.93,35.17
4,540,2026-07-17,Entregue,Website,14181.55,16.59
5,104,2025-10-27,Entregue,Marketplace,5554.92,15.09
6,725,2026-01-09,Entregue,Marketplace,18833.72,11.16
7,580,2025-06-06,Entregue,Website,2664.42,46.83
8,91,2025-06-01,Entregue,Marketplace,3027.76,22.33
9,751,2026-05-31,Entregue,Marketplace,10160.27,48.46
10,302,2026-07-03,Entregue,Website,2104.38,15.94
11,750,2026-03-13,Entregue,Website,2345.03,27.35
12,915,2024-12-15,Entregue,Marketplace,23916.27,35.23
13,677,2025-03-21,Entregue,Marketplace,6575.01,14.87
14,861,2026-06-27,Entregue,Marketplace,13225.84,7.68
15,654,2024-09-30,Entregue,Marketplace,6929.56,48.85
16,457,2025-02-11,Entregue,Website,11413.72,13.16
17,63,2024-08-11,Entregue,Marketplace,4826.91,40.92
18,151,2024-12-25,Entregue,Website,7954.94,47.46
19,937,2026-06-12,Entregue,Website,8103.41,4.35
20,577,2025-08-08,Entregue,Website,9840.64,39.29
21,340,2024-09-27,Entregue,Website,7185.77,2.46
22,762,2026-06-25,Entregue,Marketplace,11228.11,38.7
23,841,2025-02-24,Entregue,Website,3667.34,25.76
24,537,2025-10-16,Entregue,Website,3373.7,8.69
25,281,2025-08-20,Entregue,Marketplace,8230.91,41.18
26,706,2025-03-26,Entregue,Website,13257.34,14.25
27,663,2025-11-10,Entregue,Website,777.8,30.06
28,966,2025-03-11,Entregue,Marketplace,7730.95,35.64
29,407,2024-12-27,Entregue,Website,8018.9,0.37
30,729,2024-10-13,Entregue,Marketplace,24491.56,9.42
31,352,2025-07-15,Entregue,Website,6633.65,34.32
32,188,2025-07-16,Entregue,Marketplace,3568.39,32.72
33,340,2025-01-22,Entregue,Marketplace,8998.03,13.03
34,513,2026-03-12,Entregue,Website,4707.32,43.37
35,500,2025-01-09,Entregue,Marketplace,5065.66,31.55
36,173,2024-12-26,Entregue,Website,12623.31,24.48
37,440,2025-03-16,Entregue,Marketplace,17124.79,21.45
38,232,2025-01-14,Entregue,Marketplace,4153.98,15.6
39,172,2026-02-19,Entregue,Website,2012.14,41.19
40,924,2024-09-22,Entregue,Marketplace,2231.81,17.96
41,217,2026-03-01,Entregue,Website,5960.89,29.48
42,656,2026-05-13,Entregue,Marketplace,27774.41,38.56
43,277,2026-03-10,Entregue,Website,4174.86,20.94
44,290,2026-01-15,Entregue,Website,5344.64,39.24
45,3,2025-06-26,Entregue,Website,1068.42,33.58
46,799,2025-10-13,Entregue,Website,394.29,36.18
47,304,2024-10-31,Entregue,Marketplace,1621.15,23.21
48,369,2025-04-12,Entregue,Marketplace,3532.83,21.3
49,663,2024-11-18,Entregue,Website,9878.57,16.43
50,665,2025-04-14,Entregue,Website,778.03,5.65
51,605,2026-03-06,Entregue,Marketplace,13294.7,40.11
52,48,2025-12-03,Entregue,Website,13114.23,13.08
53,444,2025-03-07,Entregue,Website,24167.91,24.1
54,994,2026-03-21,Entregue,Marketplace,2631.93,2.52
55,878,2025-05-14,Entregue,Marketplace,3126.87,22.35
56,106,2026-04-15,Entregue,Marketplace,22618.81,20.62
57,734,2025-10-19,Entregue,Marketplace,11457.64,35.8
58,350,2025-02-21,Entregue,Marketplace,13187.09,41.49
59,261,2024-11-21,Entregue,Website,5788.31,9.38
60,604,2026-02-24,Entregue,Website,1209.97,48.19
61,859,2025-08-20,Entregue,Marketplace,14242.99,46.22
62,330,2025-02-20,Entregue,Marketplace,4480.59,20.93
63,322,2024-12-15,Entregue,Website,19656.08,10.04
64,691,2024-08-22,Entregue,Marketplace,15912.23,43.87
65,860,2024-10-03,Entregue,Website,14391.36,34.53
66,886,2026-04-04,Entregue,Website,12958.8,37.12
67,934,2026-01-05,Entregue,Marketplace,8384.28,37.76
68,960,2024-10-09,Entregue,Website,11972.91,2.0
69,980,2024-11-14,Entregue,Website,14366.85,26.03
70,575,2025-08-16,Entregue,Website,7762.15,5.74
71,554,2024-10-09,Entregue,Marketplace,16867.41,1.24
72,642,2026-03-11,Entregue,Website,12506.61,10.54
73,760,2026-06-23,Entregue,Marketplace,4216.77,32.33
74,340,2024-12-23,Entregue,Website,3200.26,4.38
75,589,2026-02-01,Entregue,Website,8335.41,45.55
76,367,2025-10-12,Entregue,Website,8174.09,14.49
77,817,2025-12-08,Entregue,Marketplace,2238.64,48.01
78,587,2025-10-21,Entregue,Marketplace,87.88,26.86
79,926,2025-12-20,Entregue,Marketplace,11642.25,10.59
80,499,2025-01-25,Entregue,Marketplace,10720.23,17.86
81,632,2026-02-08,Entregue,Marketplace,3126.6,34.67
82,657,2025-11-28,Entregue,Marketplace,11137.32,13.83
83,862,2026-07-29,Entregue,Website,3963.99,44.56
84,833,2025-06-03,Entregue,Marketplace,12076.11,38.46
85,794,2026-03-04,Entregue,Website,4511.54,18.29
86,515,2024-08-21,Entregue,Website,14820.6,33.13
87,500,2025-06-02,Entregue,Website,10680.55,3.14
88,41,2025-06-11,Entregue,Marketplace,6371.79,5.16
89,362,2026-07-05,Entregue,Marketplace,15299.6,24.34
90,122,2024-08-14,Entregue,Website,6384.09,20.73
91,165,2026-07-14,Enviado,Website,8921.82,44.54
92,614,2025-09-17,Entregue,Website,14565.58,43.93
93,786,2024-12-02,Entregue,Website,4875.68,31.16
94,630,2025-01-31,Entregue,Website,24377.5,43.89
95,440,2025-05-18,Entregue,Website,9385.66,46.92
96,194,2026-08-03,Enviado,Website,536.49,28.9
97,211,2025-02-22,Entregue,Marketplace,8389.32,20.44
98,260,2026-06-09,Entregue,Marketplace,4806.22,42.75
99,315,2025-08-13,Entregue,Marketplace,18889.42,38.71
100,701,2026-08-03,Enviado,Website,3347.94,19.46
101,615,2025-02-08,Entregue,Marketplace,12476.89,4.41
102,987,2025-04-25,Entregue,Website,4860.42,47.29
103,531,2026-02-06,Entregue,Marketplace,12991.6,9.74
104,206,2025-12-23,Entregue,Website,10022.29,36.85
105,850,2026-04-21,Entregue,Marketplace,3738.08,17.37
106,970,2024-10-08,Entregue,Website,4494.08,40.15
107,919,2025-08-17,Entregue,Website,7111.32,24.1
108,10,2025-12-17,Entregue,Marketplace,1453.88,12.41
109,351,2026-01-06,Entregue,Website,8135.71,27.73
110,970,2025-07-20,Entregue,Website,186.79,24.95
111,365,2025-07-04,Entregue,Website,10024.39,38.95
112,505,2024-09-19,Entregue,Website,18819.61,38.21
113,490,2025-02-26,Entregue,Website,9140.6,25.12
114,276,2026-01-16,Entregue,Marketplace,8419.15,47.93
115,287,2024-11-21,Entregue,Marketplace,4937.88,8.99
116,877,2024-10-14,Entregue,Marketplace,4918.32,9.8
117,870,2026-02-13,Entregue,Marketplace,4399.69,39.27
118,645,2026-03-26,Entregue,Website,3977.0,22.49
119,665,2025-09-20,Entregue,Website,8184.95,48.97
120,475,2024-10-11,Entregue,Website,5050.18,43.41
121,661,2026-06-15,Entregue,Marketplace,6311.16,13.56
122,216,2025-04-23,Entregue,Website,2406.89,19.85
123,27,2026-06-23,Entregue,Marketplace,7640.76,26.2
124,87,2025-08-20,Entregue,Marketplace,1416.82,15.47
125,882,2026-06-29,Entregue,Marketplace,19669.21,43.21
126,656,2025-11-07,Entregue,Marketplace,13814.79,45.45
127,481,2025-04-16,Entregue,Website,9649.55,34.39
128,256,2026-08-04,Enviado,Marketplace,10265.6,41.42
129,932,2026-05-17,Entregue,Marketplace,10209.31,14.23
130,548,2025-03-19,Entregue,Website,262.51,9.3
131,9,2026-06-02,Entregue,Website,1039.35,4.51
132,320,2026-01-17,Entregue,Marketplace,16963.02,49.9
133,849,2026-04-27,Entregue,Website,2396.8,6.1
134,97,2026-03-10,Entregue,Website,13278.96,23.64
135,885,2025-10-14,Entregue,Website,2763.9,48.66
136,249,2025-04-08,Entregue,Website,19379.23,48.44
137,572,2025-10-14,Entregue,Marketplace,13062.57,40.28
138,581,2025-01-29,Entregue,Website,2433.61,27.18
139,465,2024-10-16,Entregue,Website,12877.33,38.8
140,114,2024-12-12,Entregue,Website,3700.33,26.16
141,110,2025-06-02,Entregue,Marketplace,4147.96,9.58
142,639,2025-01-30,Entregue,Marketplace,4681.56,2.45
143,655,2025-10-14,Entregue,Website,8666.42,18.05
144,198,2026-02-28,Entregue,Website,12993.63,28.5
145,682,2025-10-02,Entregue,Marketplace,5318.45,44.14
146,615,2025-02-28,Entregue,Marketplace,8084.81,46.68
147,220,2024-09-19,Entregue,Marketplace,4423.73,38.29
148,7,2025-12-12,Entregue,Marketplace,11176.7,49.22
149,585,2025-03-02,Entregue,Website,13474.8,4.71
150,741,2025-01-22,Entregue,Marketplace,6951.45,39.65
151,591,2026-01-04,Entregue,Marketplace,1549.04,3.92
152,445,2025-11-06,Entregue,Marketplace,1168.12,46.51
153,617,2025-04-11,Entregue,Website,12068.8,31.69
154,403,2025-12-24,Entregue,Marketplace,11745.06,37.64
155,573,2025-10-22,Entregue,Website,4961.99,24.39
156,789,2026-06-12,Entregue,Marketplace,17557.26,8.46
157,249,2026-04-05,Entregue,Website,12964.73,43.44
158,209,2026-02-21,Entregue,Marketplace,26842.03,27.44
159,676,2025-03-16,Entregue,Marketplace,483.67,43.21
160,390,2026-05-19,Entregue,Website,15869.24,45.19
161,403,2024-09-30,Entregue,Website,2934.81,0.92
162,835,2026-07-04,Entregue,Website,7297.07,47.21
163,628,2024-09-21,Entregue,Website,18915.5,20.87
164,441,2026-02-11,Entregue,Website,10213.67,32.81
165,957,2025-01-06,Entregue,Marketplace,15472.58,7.6
166,581,2024-08-30,Entregue,Website,3436.1,29.82
167,481,2025-09-22,Entregue,Marketplace,9634.27,9.2
168,688,2025-02-19,Entregue,Website,3233.77,37.89
169,502,2026-01-09,Entregue,Marketplace,2078.55,43.34
170,404,2025-06-14,Entregue,Website,12386.02,26.03
171,408,2026-01-02,Entregue,Marketplace,2908.19,38.68
172,662,2026-07-17,Entregue,Website,4829.95,36.13
173,713,2024-10-05,Entregue,Website,11232.82,19.65
174,665,2025-09-23,Entregue,Website,3364.4,35.92
175,650,2024-10-11,Entregue,Marketplace,15352.6,4.27
176,748,2026-03-20,Entregue,Marketplace,5589.42,14.44
177,876,2025-03-27,Entregue,Marketplace,1062.02,27.18
178,676,2026-05-18,Entregue,Marketplace,13518.61,22.69
179,684,2026-03-19,Entregue,Marketplace,3296.63,16.56
180,183,2025-11-08,Entregue,Website,12243.23,33.6
181,338,2026-03-01,Entregue,Marketplace,21288.28,26.23
182,90,2026-04-08,Entregue,Marketplace,9260.53,36.2
183,185,2025-05-26,Entregue,Website,5246.87,35.43
184,213,2026-07-20,Entregue,Marketplace,8979.66,2.27
185,786,2026-04-27,Entregue,Website,5962.5,5.69
186,662,2026-01-31,Entregue,Website,6182.62,24.07
187,702,2024-11-29,Entregue,Marketplace,9777.49,39.98
188,399,2024-11-06,Entregue,Website,10883.66,29.76
189,310,2025-11-05,Entregue,Website,951.49,5.61
190,26,2025-12-31,Entregue,Marketplace,4254.69,45.25
191,336,2025-02-13,Entregue,Website,1561.24,38.47
192,211,2025-05-30,Entregue,Website,28099.9,22.97
193,329,2026-02-26,Entregue,Website,8954.27,9.63
194,212,2025-10-28,Entregue,Marketplace,3819.44,27.47
195,692,2026-04-29,Entregue,Website,6662.26,5.3
196,722,2024-12-31,Entregue,Marketplace,3602.99,30.82
197,942,2025-10-31,Entregue,Marketplace,3818.15,4.86
198,339,2026-02-11,Entregue,Marketplace,2061.84,22.66
199,867,2025-06-02,Entregue,Website,19958.57,14.11
200,473,2026-06-03,Entregue,Marketplace,1659.23,29.53
201,711,2025-09-04,Entregue,Marketplace,6805.8,39.22
202,475,2025-03-01,Entregue,Marketplace,6558.41,27.75
203,143,2026-07-02,Entregue,Website,5280.26,37.85
204,211,2024-09-26,Entregue,Marketplace,9423.81,14.99
205,992,2024-12-02,Entregue,Website,9703.53,0.04
206,487,2025-08-20,Entregue,Website,11885.64,9.41
207,426,2026-06-01,Entregue,Marketplace,12234.74,44.68
208,949,2024-09-28,Entregue,Marketplace,4270.46,1.67
209,595,2024-12-03,Entregue,Marketplace,12601.41,48.09
210,880,2024-09-10,Entregue,Marketplace,1325.99,23.25
211,760,2026-03-04,Entregue,Website,13562.79,34.2
212,612,2024-09-13,Entregue,Marketplace,10362.75,36.35
213,879,2025-08-08,Entregue,Marketplace,4794.53,0.71
214,675,2025-01-14,Entregue,Marketplace,262.58,18.49
215,87,2025-07-16,Entregue,Website,3128.32,29.78
216,172,2025-10-03,Entregue,Website,8299.66,28.89
217,700,2026-05-24,Entregue,Marketplace,2679.78,23.73
218,324,2025-03-18,Entregue,Website,10662.24,4.87
219,694,2025-07-13,Entregue,Website,3258.86,15.66
220,107,2025-06-02,Entregue,Marketplace,12762.37,17.58
221,223,2025-11-11,Entregue,Website,8210.69,35.4
222,922,2024-09-27,Entregue,Website,430.36,44.8
223,945,2024-11-05,Entregue,Marketplace,3015.49,38.47
224,833,2025-03-23,Entregue,Marketplace,1043.74,8.9
225,183,2025-04-15,Entregue,Marketplace,14038.51,5.42
226,273,2026-01-27,Entregue,Website,13617.87,35.0
227,706,2025-05-08,Entregue,Marketplace,9093.74,6.06
228,991,2025-06-15,Entregue,Marketplace,14003.36,33.04
229,608,2025-02-23,Entregue,Website,2748.01,24.46
230,547,2025-09-06,Entregue,Marketplace,6218.59,48.33
231,44,2026-02-26,Entregue,Marketplace,12592.98,5.91
232,927,2026-01-26,Entregue,Marketplace,1317.3,41.04
233,838,2026-06-03,Entregue,Website,8536.2,5.71
234,281,2025-01-13,Entregue,Website,3700.56,37.88
235,868,2026-08-08,Entregue,Marketplace,984.85,38.88
236,92,2025-04-01,Entregue,Marketplace,26504.22,20.81
237,974,2026-02-17,Entregue,Website,6819.31,31.36
238,884,2025-01-11,Entregue,Website,6744.48,23.21
239,164,2024-10-23,Entregue,Website,4270.56,2.7
240,497,2025-05-22,Entregue,Website,5563.56,3.54
241,113,2025-02-25,Entregue,Marketplace,1986.13,11.39
242,497,2025-12-02,Entregue,Website,1440.69,44.52
243,199,2024-09-28,Entregue,Marketplace,5020.95,48.78
244,114,2025-11-29,Entregue,Marketplace,2689.66,22.93
245,928,2026-08-07,Processando,Website,7175.93,4.32
246,936,2025-03-21,Entregue,Website,7807.25,20.89
247,517,2025-09-09,Entregue,Website,16807.06,21.28
248,17,2025-03-07,Entregue,Marketplace,3011.47,33.45
249,416,2025-12-14,Entregue,Website,10420.61,39.49
250,277,2025-07-10,Entregue,Website,2357.06,39.38
251,528,2025-12-17,Entregue,Marketplace,2803.32,44.4
252,42,2024-12-24,Entregue,Marketplace,20732.81,18.32
253,274,2025-10-29,Entregue,Marketplace,1521.58,13.86
254,514,2026-06-30,Entregue,Website,6415.13,23.51
255,210,2024-12-16,Entregue,Website,20295.97,14.66
256,672,2025-05-27,Entregue,Marketplace,8592.56,24.31
257,293,2026-02-12,Entregue,Website,775.98,48.66
258,379,2025-04-15,Entregue,Website,3028.31,10.26
259,999,2024-09-14,Entregue,Website,3936.92,26.68
260,787,2025-04-05,Entregue,Website,24873.18,47.39
261,773,2025-03-18,Entregue,Website,9277.43,39.98
262,95,2025-06-15,Entregue,Marketplace,1697.94,2.75
263,981,2025-04-10,Entregue,Website,11095.75,48.79
264,13,2026-01-21,Entregue,Marketplace,15550.42,17.25
265,826,2025-12-05,Entregue,Marketplace,25259.69,36.43
266,91,2024-10-01,Entregue,Website,3838.72,20.47
267,44,2025-11-01,Entregue,Marketplace,2709.63,41.73
268,484,2025-06-14,Entregue,Website,4040.27,32.69
269,371,2024-09-28,Entregue,Marketplace,6776.78,28.28
270,150,2025-12-26,Entregue,Marketplace,2497.12,23.05
271,979,2024-11-08,Entregue,Marketplace,5857.47,2.44
272,557,2025-03-27,Entregue,Marketplace,8821.55,43.62
273,422,2026-03-19,Entregue,Marketplace,4738.05,46.05
274,573,2025-06-18,Entregue,Website,1746.72,20.87
275,492,2025-06-06,Entregue,Marketplace,11673.04,15.58
276,705,2026-05-03,Entregue,Website,11060.94,15.37
277,776,2025-09-04,Entregue,Marketplace,11681.67,2.13
278,61,2026-01-31,Entregue,Marketplace,12130.63,5.95
279,205,2025-07-12,Entregue,Website,3362.01,33.53
280,965,2026-01-18,Entregue,Marketplace,6537.15,47.44
281,782,2025-07-21,Entregue,Website,1153.36,26.44
282,872,2025-07-21,Entregue,Marketplace,15227.69,18.32
283,571,2025-02-10,Entregue,Website,10636.58,4.11
284,876,2026-02-13,Entregue,Marketplace,4278.23,9.44
285,14,2025-07-27,Entregue,Marketplace,7447.23,33.6
286,347,2026-03-24,Entregue,Website,9895.43,29.75
287,618,2026-01-26,Entregue,Marketplace,10527.58,49.38
288,392,2025-04-09,Entregue,Marketplace,10833.11,7.64
289,902,2025-06-06,Entregue,Website,4206.4,19.18
290,138,2025-11-04,Entregue,Marketplace,10606.82,35.79
291,632,2026-04-11,Entregue,Marketplace,15243.15,38.32
292,350,2026-05-31,Entregue,Marketplace,11301.43,4.87
293,890,2025-02-28,Entregue,Marketplace,5021.74,5.72
294,924,2026-06-01,Entregue,Marketplace,22268.39,13.33
295,993,2025-03-11,Entregue,Marketplace,917.94,10.09
296,49,2024-10-02,Entregue,Marketplace,17229.55,49.81
297,517,2025-07-31,Entregue,Marketplace,10196.68,21.65
298,219,2025-06-16,Entregue,Marketplace,15298.77,13.4
299,294,2026-03-17,Entregue,Website,15508.58,12.82
300,280,2025-02-18,Entregue,Website,10054.19,1.46
301,417,2024-11-19,Entregue,Marketplace,1475.05,33.58
302,242,2025-06-13,Entregue,Website,12889.17,28.55
303,110,2025-11-25,Entregue,Website,4978.99,10.71
304,487,2024-09-05,Entregue,Website,4463.04,48.17
305,621,2025-06-15,Entregue,Website,127.01,42.07
306,317,2025-04-06,Entregue,Marketplace,953.01,45.16
307,398,2025-05-26,Entregue,Website,10458.1,45.49
308,35,2025-08-14,Entregue,Marketplace,7004.79,43.32
309,561,2024-10-13,Entregue,Marketplace,9862.87,22.66
310,646,2025-01-07,Entregue,Marketplace,4486.12,39.55
311,114,2026-08-01,Enviado,Website,5871.12,25.82
312,608,2026-01-31,Entregue,Marketplace,6740.56,39.98
313,971,2026-05-03,Entregue,Website,6636.87,46.16
314,446,2026-07-05,Entregue,Marketplace,8847.88,41.36
315,844,2026-06-02,Entregue,Marketplace,2663.14,36.34
316,269,2026-06-02,Entregue,Website,1749.86,30.88
317,408,2026-03-31,Entregue,Website,18803.33,35.67
318,613,2025-04-29,Entregue,Website,13197.33,0.27
319,46,2026-05-19,Entregue,Website,3974.78,24.96
320,324,2026-07-07,Entregue,Marketplace,4456.81,38.18
321,168,2026-05-17,Entregue,Marketplace,13550.62,21.82
322,185,2026-01-21,Entregue,Website,6902.49,37.5
323,292,2025-06-17,Entregue,Website,37972.03,19.71
324,672,2025-07-01,Entregue,Marketplace,15648.85,16.25
325,167,2025-07-29,Entregue,Marketplace,13707.44,38.97
326,618,2025-06-30,Entregue,Website,1964.97,17.95
327,398,2024-10-03,Entregue,Marketplace,25432.13,13.42
328,538,2025-10-24,Entregue,Website,18105.45,14.54
329,47,2025-01-16,Entregue,Website,10699.54,25.53
330,722,2024-12-04,Entregue,Marketplace,4934.14,15.7
331,14,2025-12-21,Entregue,Website,5405.19,32.79
332,994,2026-08-03,Enviado,Website,3005.47,10.46
333,475,2024-12-26,Entregue,Website,1749.55,23.7
334,757,2024-11-30,Entregue,Marketplace,8366.55,48.19
335,869,2025-12-03,Entregue,Marketplace,17476.3,36.85
336,567,2025-02-14,Entregue,Website,7247.13,13.39
337,602,2025-03-19,Entregue,Marketplace,15346.88,46.09
338,89,2024-12-10,Entregue,Marketplace,2848.51,6.45
339,215,2024-09-10,Entregue,Website,4179.85,49.96
340,576,2025-06-19,Entregue,Website,12808.28,24.32
341,949,2024-09-15,Entregue,Marketplace,11461.79,39.95
342,879,2026-06-05,Entregue,Website,1323.89,41.18
343,211,2025-04-19,Entregue,Marketplace,7240.46,7.85
344,126,2025-08-07,Entregue,Website,12849.52,21.96
345,252,2026-02-12,Entregue,Website,14025.38,37.66
346,412,2026-05-01,Entregue,Website,27936.7,21.7
347,9,2026-05-28,Entregue,Marketplace,20120.67,45.01
348,87,2025-11-26,Entregue,Website,8088.45,26.87
349,248,2026-02-20,Entregue,Marketplace,9958.19,36.33
350,596,2026-04-10,Entregue,Website,15882.86,17.52
351,370,2024-11-03,Entregue,Marketplace,15725.16,4.9
352,893,2025-07-22,Entregue,Marketplace,6189.9,29.22
353,121,2025-06-05,Entregue,Website,2339.91,22.77
354,975,2025-01-22,Entregue,Website,18021.92,30.08
355,960,2026-06-04,Entregue,Marketplace,2485.91,44.45
356,587,2025-03-31,Entregue,Marketplace,16852.44,28.29
357,888,2025-03-11,Entregue,Marketplace,7849.13,4.47
358,661,2025-12-17,Entregue,Website,2869.84,32.2
359,776,2025-03-22,Entregue,Website,14210.38,47.86
360,827,2024-09-06,Entregue,Marketplace,1054.93,20.09
361,185,2026-05-19,Entregue,Marketplace,15371.57,1.2
362,306,2024-10-25,Entregue,Marketplace,2616.08,4.94
363,612,2026-07-04,Entregue,Website,13401.83,24.65
364,253,2025-12-23,Entregue,Website,11411.22,15.23
365,2,2025-09-25,Entregue,Marketplace,17178.88,48.06
366,166,2025-01-02,Entregue,Website,13713.01,15.03
367,252,2026-06-28,Entregue,Marketplace,23145.87,17.08
368,781,2025-11-06,Entregue,Marketplace,934.76,26.91
369,836,2026-05-07,Entregue,Marketplace,6699.24,33.61
370,227,2025-04-04,Entregue,Website,9593.54,37.92
371,927,2026-02-26,Entregue,Website,8989.56,0.36
372,764,2026-05-03,Entregue,Website,9987.32,6.37
373,666,2026-04-20,Entregue,Website,2671.11,42.69
374,906,2025-05-30,Entregue,Website,21194.74,2.35
375,77,2025-07-05,Entregue,Website,12686.22,9.84
376,861,2025-07-03,Entregue,Marketplace,6802.42,12.36
377,939,2025-06-05,Entregue,Website,4218.48,18.87
378,453,2025-03-16,Entregue,Website,17544.48,15.07
379,465,2024-10-04,Entregue,Marketplace,17334.58,23.21
380,130,2025-10-23,Entregue,Marketplace,12858.23,17.77
381,555,2025-11-25,Entregue,Website,1974.25,7.37
382,839,2025-12-13,Entregue,Website,5218.84,21.1
383,615,2026-05-29,Entregue,Marketplace,15902.15,42.6
384,493,2026-04-21,Entregue,Marketplace,11059.47,40.36
385,203,2026-05-29,Entregue,Marketplace,3058.07,8.71
386,141,2025-03-23,Entregue,Marketplace,805.3,32.74
387,246,2024-09-14,Entregue,Marketplace,2517.34,40.47
388,197,2025-11-15,Entregue,Marketplace,7278.0,34.72
389,55,2025-05-05,Entregue,Marketplace,16268.2,43.64
390,733,2025-09-21,Entregue,Marketplace,13308.78,23.69
391,138,2024-12-26,Entregue,Website,14745.86,14.75
392,272,2025-05-13,Entregue,Website,458.41,17.95
393,660,2024-10-19,Entregue,Website,9024.12,39.29
394,202,2026-02-25,Entregue,Marketplace,11911.29,12.5
395,842,2026-07-04,Entregue,Website,11386.42,23.6
396,440,2025-04-22,Entregue,Marketplace,14660.89,10.48
397,708,2026-05-08,Entregue,Marketplace,2973.06,16.3
398,339,2026-05-01,Entregue,Marketplace,3486.28,49.01
399,463,2026-07-26,Entregue,Website,18442.71,8.57
400,932,2026-04-19,Entregue,Marketplace,12618.39,19.56
401,761,2025-06-16,Entregue,Website,11072.83,19.45
402,163,2026-06-27,Entregue,Marketplace,15087.82,29.37
403,295,2024-08-24,Entregue,Marketplace,4900.94,17.34
404,403,2026-03-02,Entregue,Website,1270.05,11.98
405,740,2026-03-31,Entregue,Website,18713.94,45.44
406,655,2025-09-18,Entregue,Marketplace,13069.86,19.06
407,731,2025-12-06,Entregue,Marketplace,9680.23,7.01
408,694,2026-07-21,Entregue,Website,10462.55,22.03
409,857,2025-07-09,Entregue,Website,11530.21,19.53
410,205,2026-01-01,Entregue,Website,6971.98,0.8
411,697,2026-01-28,Entregue,Website,2019.68,11.03
412,111,2025-12-29,Entregue,Marketplace,2693.42,16.13
413,109,2025-01-03,Entregue,Marketplace,1457.64,16.17
414,399,2026-08-05,Processando,Marketplace,13637.92,11.0
415,811,2024-11-14,Entregue,Website,5274.72,12.6
416,695,2025-06-26,Entregue,Website,7337.77,16.6
417,239,2025-06-04,Entregue,Website,11456.64,11.63
418,337,2025-07-15,Entregue,Website,1029.09,13.91
419,296,2026-03-24,Entregue,Website,4484.5,11.45
420,623,2025-04-03,Entregue,Marketplace,4771.09,26.07
421,54,2025-10-26,Entregue,Website,11630.29,46.91
422,81,2026-05-02,Entregue,Marketplace,3446.02,36.25
423,884,2026-08-05,Enviado,Website,6691.67,47.55
424,840,2025-05-10,Entregue,Marketplace,6341.44,0.99
425,621,2025-06-05,Entregue,Marketplace,2230.4,3.6
426,743,2024-12-08,Entregue,Marketplace,6588.79,24.57
427,981,2026-05-26,Entregue,Marketplace,6488.2,38.56
428,944,2024-12-30,Entregue,Marketplace,8400.43,31.55
429,967,2025-06-04,Entregue,Website,12856.31,12.71
430,513,2025-09-10,Entregue,Marketplace,27644.73,29.3
431,714,2026-05-31,Entregue,Marketplace,6379.93,26.25
432,218,2024-09-13,Entregue,Website,2196.43,10.05
433,82,2025-07-07,Entregue,Marketplace,179.4,4.29
434,600,2026-06-02,Entregue,Website,3509.48,23.89
435,979,2025-07-26,Entregue,Website,3840.55,33.27
436,8,2026-04-20,Entregue,Marketplace,7525.65,30.15
437,837,2026-03-17,Entregue,Website,10855.18,47.05
438,717,2025-08-20,Entregue,Website,17041.77,18.42
439,497,2026-01-16,Entregue,Marketplace,1895.58,36.96
440,965,2026-03-29,Entregue,Marketplace,2808.26,49.34
441,730,2024-09-30,Entregue,Website,32742.16,43.49
442,217,2024-08-14,Entregue,Website,7652.22,37.66
443,30,2025-05-04,Entregue,Website,5570.13,46.45
444,548,2025-01-08,Entregue,Marketplace,5877.94,4.52
445,804,2025-03-03,Entregue,Marketplace,5440.52,40.42
446,193,2026-05-20,Entregue,Website,7616.2,28.64
447,868,2026-04-27,Entregue,Marketplace,7307.66,48.99
448,836,2024-10-15,Entregue,Marketplace,25955.89,41.86
449,647,2026-05-27,Entregue,Website,15706.68,24.75
450,745,2026-02-27,Entregue,Marketplace,4886.18,14.96
451,776,2025-12-09,Entregue,Marketplace,26675.43,19.55
452,713,2026-04-26,Entregue,Marketplace,4560.47,14.55
453,590,2025-09-05,Entregue,Website,4983.52,33.92
454,184,2026-07-29,Enviado,Website,10828.13,49.01
455,669,2026-05-21,Entregue,Marketplace,1573.14,38.79
456,648,2025-01-08,Entregue,Marketplace,1436.53,18.37
457,931,2025-02-08,Entregue,Website,21532.64,1.15
458,21,2025-08-18,Entregue,Marketplace,5825.57,27.8
459,90,2024-10-09,Entregue,Marketplace,3371.05,42.57
460,373,2024-08-17,Entregue,Website,85.78,21.15
461,927,2025-11-19,Entregue,Marketplace,13798.33,32.96
462,193,2025-02-15,Entregue,Website,13498.54,14.99
463,433,2025-10-14,Entregue,Website,4533.46,27.49
464,73,2025-02-05,Entregue,Marketplace,4595.94,49.77
465,445,2025-03-03,Entregue,Marketplace,6672.16,1.3
466,993,2025-07-25,Entregue,Website,1744.78,18.93
467,897,2025-04-11,Entregue,Marketplace,13119.8,29.44
468,695,2024-08-24,Entregue,Marketplace,3867.54,23.84
469,147,2026-01-14,Entregue,Marketplace,12215.11,28.38
470,818,2026-03-05,Entregue,Marketplace,3428.9,25.11
471,866,2025-04-23,Entregue,Website,71.59,31.73
472,762,2025-01-18,Entregue,Marketplace,22035.28,27.71
473,852,2025-08-05,Entregue,Website,14428.4,35.71
474,389,2024-11-26,Entregue,Website,2336.34,18.66
475,553,2024-11-15,Entregue,Website,12919.91,14.5
476,915,2025-02-17,Entregue,Website,9057.59,46.77
477,921,2026-01-11,Entregue,Website,16124.74,20.54
478,860,2025-08-22,Entregue,Marketplace,7823.87,8.09
479,165,2026-07-28,Enviado,Marketplace,8838.5,47.98
480,800,2026-01-02,Entregue,Marketplace,24104.39,25.09
481,756,2026-02-26,Entregue,Website,4678.68,21.72
482,786,2025-04-09,Entregue,Website,3137.55,43.21
483,515,2024-09-09,Entregue,Website,13350.11,9.43
484,649,2025-01-17,Entregue,Website,14376.13,11.09
485,49,2026-06-05,Entregue,Website,1756.08,2.04
486,287,2024-11-24,Entregue,Website,4744.98,21.55
487,760,2025-02-19,Entregue,Marketplace,3606.3,37.15
488,948,2025-06-30,Entregue,Website,9767.52,3.74
489,735,2026-02-13,Entregue,Website,2891.4,45.54
490,976,2024-12-13,Entregue,Website,17460.01,8.35
491,546,2025-03-06,Entregue,Website,8735.72,8.28
492,226,2025-01-05,Entregue,Marketplace,8727.96,35.41
493,216,2025-02-26,Entregue,Website,12426.69,0.07
494,302,2025-06-24,Entregue,Marketplace,978.57,49.26
495,287,2026-03-24,Entregue,Website,2736.35,12.8
496,797,2025-02-25,Entregue,Website,6326.82,36.13
497,152,2026-01-13,Entregue,Marketplace,4724.1,4.68
498,318,2026-08-04,Enviado,Website,17661.32,40.87
499,113,2025-08-05,Entregue,Website,4237.78,38.17
500,275,2025-11-27,Entregue,Website,23016.92,46.93
501,643,2026-03-18,Entregue,Website,11422.9,1.06
502,524,2025-06-15,Entregue,Marketplace,4665.07,7.09
503,232,2025-05-10,Entregue,Marketplace,1069.18,34.34
504,230,2026-04-19,Entregue,Website,4173.76,47.82
505,343,2026-02-19,Entregue,Website,449.65,33.97
506,678,2025-12-22,Entregue,Marketplace,3532.23,46.64
507,151,2025-10-01,Entregue,Marketplace,9124.82,7.39
508,493,2025-06-09,Entregue,Marketplace,12695.1,30.09
509,236,2026-04-16,Entregue,Marketplace,7835.01,4.18
510,870,2025-04-26,Entregue,Website,571.63,14.73
511,121,2025-02-02,Entregue,Website,2014.36,18.87
512,596,2025-06-19,Entregue,Website,26336.3,23.84
513,801,2024-08-15,Entregue,Website,20024.18,14.34
514,434,2026-02-28,Entregue,Marketplace,4040.64,27.71
515,974,2024-12-04,Entregue,Website,15636.33,37.16
516,415,2025-05-29,Entregue,Marketplace,3118.03,8.24
517,12,2026-05-20,Entregue,Marketplace,6561.07,9.39
518,810,2024-10-03,Entregue,Marketplace,13752.46,2.28
519,744,2025-03-08,Entregue,Marketplace,1593.81,48.69
520,516,2025-05-16,Entregue,Website,5314.81,25.11
521,156,2026-02-01,Entregue,Marketplace,377.81,3.94
522,670,2026-04-05,Entregue,Website,5715.13,38.44
523,350,2025-10-15,Entregue,Marketplace,3521.9,39.27
524,622,2024-09-29,Entregue,Website,21534.5,47.9
525,73,2025-05-25,Entregue,Website,17487.24,35.53
526,133,2026-06-16,Entregue,Marketplace,12313.24,18.34
527,298,2025-12-12,Entregue,Marketplace,7230.38,7.91
528,945,2024-09-07,Entregue,Marketplace,2836.58,38.41
529,720,2026-02-10,Entregue,Marketplace,19690.85,5.72
530,371,2025-10-27,Entregue,Marketplace,5983.16,48.93
531,259,2025-11-25,Entregue,Website,275.69,4.18
532,463,2024-11-09,Entregue,Marketplace,15652.95,26.24
533,549,2025-06-10,Entregue,Website,14924.79,48.28
534,755,2026-01-23,Entregue,Marketplace,20892.48,0.71
535,655,2025-10-23,Entregue,Website,1424.1,1.82
536,976,2026-03-30,Entregue,Website,12597.32,48.59
537,784,2025-09-08,Entregue,Marketplace,4078.41,5.67
538,292,2025-08-06,Entregue,Marketplace,29531.13,31.71
539,796,2026-01-12,Entregue,Marketplace,1919.34,27.58
540,360,2026-01-08,Entregue,Marketplace,11385.79,20.65
541,425,2026-03-08,Entregue,Website,3110.61,0.78
542,441,2025-01-23,Entregue,Website,7363.18,27.79
543,448,2024-08-28,Entregue,Website,7610.6,4.98
544,643,2026-05-21,Entregue,Marketplace,4208.92,41.87
545,157,2025-07-28,Entregue,Website,28365.56,30.9
546,805,2026-04-05,Entregue,Marketplace,213.63,38.52
547,643,2026-01-21,Entregue,Website,18097.45,31.92
548,79,2025-12-17,Entregue,Website,10896.66,34.37
549,629,2026-07-22,Enviado,Website,8905.78,26.09
550,336,2025-09-04,Entregue,Website,3031.96,10.99
551,668,2026-03-27,Entregue,Marketplace,9521.21,23.35
552,814,2025-10-10,Entregue,Website,6226.05,47.69
553,911,2026-05-10,Entregue,Website,1714.35,47.9
554,75,2024-11-26,Entregue,Website,7697.18,32.85
555,815,2024-12-29,Entregue,Marketplace,8375.21,44.94
556,328,2024-12-11,Entregue,Website,9735.24,9.86
557,590,2025-10-15,Entregue,Website,16749.36,45.58
558,822,2024-09-09,Entregue,Marketplace,4129.31,36.16
559,714,2024-11-05,Entregue,Marketplace,2071.85,24.67
560,846,2025-04-23,Entregue,Website,3898.49,6.94
561,957,2026-01-05,Entregue,Website,1738.83,12.98
562,77,2025-05-23,Entregue,Marketplace,15333.09,16.47
563,502,2026-04-26,Entregue,Marketplace,4975.76,16.1
564,62,2025-08-01,Entregue,Website,3271.03,0.66
565,605,2025-11-11,Entregue,Marketplace,7503.19,38.02
566,889,2025-12-23,Entregue,Website,2685.38,39.0
567,151,2024-11-27,Entregue,Marketplace,86.28,43.81
568,192,2026-03-25,Entregue,Marketplace,10874.73,1.43
569,750,2025-02-25,Entregue,Marketplace,6244.99,9.7
570,444,2025-07-10,Entregue,Website,2409.04,34.06
571,545,2024-09-11,Entregue,Website,16247.37,13.77
572,757,2025-10-29,Entregue,Marketplace,5480.83,42.63
573,486,2026-03-19,Entregue,Marketplace,1329.59,16.7
574,993,2025-03-21,Entregue,Marketplace,11988.22,29.16
575,103,2025-03-26,Entregue,Marketplace,7522.77,40.19
576,728,2025-03-05,Entregue,Marketplace,9741.41,44.57
577,442,2025-08-13,Entregue,Marketplace,1902.08,10.32
578,989,2025-08-19,Entregue,Marketplace,9681.08,43.86
579,628,2026-02-28,Entregue,Website,10724.14,21.67
580,681,2025-11-25,Entregue,Website,6008.76,15.18
581,677,2025-05-03,Entregue,Website,3201.29,2.5
582,278,2024-09-15,Entregue,Website,8855.22,49.8
583,255,2024-11-09,Entregue,Marketplace,259.87,21.13
584,178,2026-05-08,Entregue,Marketplace,5298.81,33.95
585,950,2025-10-19,Entregue,Marketplace,27211.6,27.29
586,431,2025-09-28,Entregue,Marketplace,17128.44,23.06
587,474,2024-11-03,Entregue,Marketplace,6602.1,41.96
588,666,2026-02-01,Entregue,Website,457.13,16.67
589,340,2024-11-09,Entregue,Website,25440.45,6.07
590,7,2025-08-06,Entregue,Marketplace,4622.26,31.18
591,486,2024-08-19,Entregue,Website,9643.3,41.64
592,880,2025-05-31,Entregue,Website,1619.56,21.62
593,674,2025-01-14,Entregue,Website,12730.02,8.54
594,12,2024-11-24,Entregue,Marketplace,23664.97,1.7
595,526,2026-02-19,Entregue,Website,2639.9,8.72
596,781,2026-07-29,Entregue,Marketplace,13127.82,3.41
597,850,2025-03-23,Entregue,Marketplace,720.73,3.38
598,957,2024-12-13,Entregue,Marketplace,7673.21,16.18
599,431,2025-01-13,Entregue,Website,16327.86,3.1
600,329,2025-11-03,Entregue,Website,12603.93,34.94
601,197,2024-12-22,Entregue,Website,913.83,29.11
602,915,2025-11-04,Entregue,Website,10921.72,17.98
603,366,2026-01-29,Entregue,Website,9884.23,40.08
604,297,2025-11-14,Entregue,Marketplace,2425.88,19.52
605,409,2026-04-05,Entregue,Website,2873.16,27.3
606,34,2026-05-25,Entregue,Marketplace,10633.84,21.07
607,776,2025-06-24,Entregue,Website,7798.14,11.78
608,973,2025-02-15,Entregue,Marketplace,19579.66,29.91
609,881,2024-11-25,Entregue,Marketplace,1457.03,34.1
610,387,2026-01-01,Entregue,Website,11006.6,21.49
611,771,2025-07-09,Entregue,Website,88.82,49.55
612,185,2024-12-05,Entregue,Marketplace,8940.49,2.19
613,211,2025-06-29,Entregue,Marketplace,3362.88,35.26
614,274,2026-07-08,Entregue,Marketplace,19956.76,34.89
615,451,2025-06-04,Entregue,Marketplace,1082.49,47.65
616,603,2024-10-22,Entregue,Marketplace,6575.16,15.02
617,394,2025-12-27,Entregue,Marketplace,9425.74,0.94
618,357,2026-01-25,Entregue,Website,6848.64,45.5
619,951,2024-08-25,Entregue,Website,10141.92,40.37
620,88,2025-08-10,Entregue,Website,14996.77,38.57
621,623,2024-11-20,Entregue,Website,9557.53,6.22
622,284,2025-08-19,Entregue,Marketplace,4443.68,47.66
623,882,2025-11-11,Entregue,Marketplace,402.86,28.99
624,266,2024-10-16,Entregue,Marketplace,5477.29,0.81
625,585,2024-10-12,Entregue,Marketplace,12045.96,41.46
626,997,2026-01-05,Entregue,Marketplace,11211.73,31.1
627,828,2026-03-10,Entregue,Marketplace,29976.89,25.54
628,751,2025-03-04,Entregue,Website,12230.79,42.38
629,456,2025-12-28,Entregue,Marketplace,6873.25,18.09
630,848,2026-07-19,Enviado,Website,8902.99,38.82
631,898,2026-06-08,Entregue,Marketplace,1029.64,0.78
632,729,2024-08-30,Entregue,Marketplace,4764.59,37.14
633,941,2025-04-09,Entregue,Marketplace,13689.96,45.21
634,632,2025-10-27,Entregue,Website,3630.27,49.71
635,973,2025-04-03,Entregue,Marketplace,19820.56,45.53
636,389,2025-10-29,Entregue,Marketplace,13644.84,21.93
637,43,2025-08-25,Entregue,Website,11696.12,21.53
638,940,2025-07-22,Entregue,Marketplace,1171.05,49.44
639,99,2025-01-23,Entregue,Website,15156.78,27.61
640,851,2025-11-29,Entregue,Marketplace,3466.45,14.75
641,506,2025-04-04,Entregue,Marketplace,5532.11,4.34
642,745,2025-10-02,Entregue,Website,9312.33,16.36
643,9,2025-04-23,Entregue,Website,2946.01,6.84
644,878,2025-08-25,Entregue,Website,3104.68,0.16
645,728,2025-06-04,Entregue,Website,3732.64,1.94
646,685,2025-09-19,Entregue,Marketplace,6055.84,24.51
647,181,2026-01-08,Entregue,Marketplace,2835.75,47.82
648,132,2026-02-11,Entregue,Marketplace,5342.33,42.01
649,453,2025-07-07,Entregue,Marketplace,370.15,19.93
650,348,2024-08-28,Entregue,Website,8224.62,15.43
651,800,2026-04-28,Entregue,Marketplace,17090.14,45.61
652,567,2024-11-02,Entregue,Website,5152.28,47.0
653,497,2026-03-31,Entregue,Website,2421.78,7.85
654,135,2025-01-10,Entregue,Marketplace,3623.66,43.1
655,781,2024-10-28,Entregue,Marketplace,21917.61,1.01
656,228,2026-05-10,Entregue,Marketplace,6332.38,28.05
657,999,2026-04-14,Entregue,Website,4800.31,19.87
658,148,2025-08-19,Entregue,Website,3693.77,4.77
659,859,2024-09-27,Entregue,Marketplace,7176.3,26.17
660,814,2026-06-15,Entregue,Marketplace,6842.21,27.28
661,717,2024-10-05,Entregue,Website,2335.92,18.78
662,171,2026-07-18,Enviado,Marketplace,7829.85,43.49
663,642,2026-03-20,Entregue,Marketplace,16679.43,6.99
664,170,2024-11-23,Entregue,Website,3291.27,14.51
665,339,2024-11-07,Entregue,Website,8922.77,8.21
666,63,2026-06-19,Entregue,Marketplace,2817.65,29.72
667,232,2026-02-02,Entregue,Marketplace,675.3,31.44
668,786,2025-06-04,Entregue,Marketplace,24893.19,46.72
669,874,2025-11-28,Entregue,Marketplace,6196.54,48.33
670,335,2024-11-13,Entregue,Marketplace,152.43,25.02
671,793,2025-04-25,Entregue,Marketplace,5956.76,35.31
672,729,2025-05-10,Entregue,Website,9619.79,41.99
673,898,2026-04-25,Entregue,Website,7830.17,19.12
674,97,2025-12-12,Entregue,Marketplace,16199.62,45.79
675,648,2026-05-13,Entregue,Marketplace,13770.52,24.52
676,64,2026-06-06,Entregue,Marketplace,14371.62,4.87
677,780,2025-05-16,Entregue,Website,2683.58,36.45
678,706,2026-06-17,Entregue,Marketplace,130.69,8.65
679,121,2025-11-20,Entregue,Marketplace,499.92,23.31
680,748,2025-02-20,Entregue,Website,17395.84,9.28
681,723,2025-10-15,Entregue,Marketplace,2791.8,8.9
682,182,2025-10-12,Entregue,Marketplace,14188.74,12.97
683,395,2025-02-14,Entregue,Website,5108.21,26.9
684,717,2026-06-26,Entregue,Marketplace,1128.0,4.54
685,647,2026-01-29,Entregue,Website,14759.08,23.76
686,103,2024-12-11,Entregue,Website,3656.64,45.66
687,712,2024-11-16,Entregue,Marketplace,3062.17,36.55
688,276,2026-07-06,Entregue,Marketplace,5116.07,29.65
689,204,2025-10-13,Entregue,Website,10055.86,6.49
690,905,2026-01-28,Entregue,Website,1613.0,15.06
691,448,2025-02-02,Entregue,Website,11895.19,36.21
692,716,2026-02-19,Entregue,Website,12352.5,45.64
693,435,2025-01-22,Entregue,Marketplace,7114.1,26.71
694,770,2024-12-16,Entregue,Marketplace,4816.6,45.73
695,670,2026-04-09,Entregue,Website,6752.34,21.29
696,477,2024-12-28,Entregue,Website,461.4,17.31
697,520,2026-07-24,Entregue,Marketplace,13424.26,0.58
698,865,2025-04-27,Entregue,Marketplace,2955.29,5.58
699,957,2026-05-28,Entregue,Marketplace,24483.18,9.88
700,839,2025-11-23,Entregue,Website,2873.29,27.14
701,750,2025-12-14,Entregue,Website,11734.22,26.56
702,250,2026-03-15,Entregue,Marketplace,18127.59,2.03
703,743,2025-02-22,Entregue,Website,7917.46,16.89
704,857,2026-04-29,Entregue,Marketplace,467.39,48.26
705,51,2026-03-14,Entregue,Marketplace,3426.47,28.67
706,688,2026-05-13,Entregue,Website,352.16,30.23
707,673,2026-01-08,Entregue,Website,14114.99,13.74
708,651,2025-05-11,Entregue,Marketplace,13041.01,27.07
709,991,2026-03-15,Entregue,Website,12776.16,31.57
710,784,2024-08-26,Entregue,Website,4027.85,37.57
711,183,2024-10-09,Entregue,Website,6226.78,38.34
712,546,2026-02-10,Entregue,Marketplace,4223.22,11.25
713,672,2025-07-08,Entregue,Website,4172.55,34.17
714,998,2025-10-15,Entregue,Marketplace,394.38,20.51
715,516,2025-11-15,Entregue,Website,12949.2,29.98
716,524,2024-11-18,Entregue,Website,2330.73,42.52
717,730,2026-02-22,Entregue,Website,7321.26,16.14
718,816,2026-03-02,Entregue,Website,9329.73,48.64
719,267,2026-06-04,Entregue,Website,21064.64,35.79
720,128,2025-06-12,Entregue,Website,5739.1,7.3
721,100,2025-05-12,Entregue,Marketplace,1566.45,32.1
722,251,2025-04-22,Entregue,Marketplace,6577.0,17.12
723,299,2025-07-15,Entregue,Marketplace,2475.57,47.24
724,132,2026-05-14,Entregue,Website,9891.84,30.37
725,634,2025-05-31,Entregue,Website,7710.62,48.62
726,892,2025-04-04,Entregue,Marketplace,11444.79,8.77
727,584,2024-09-18,Entregue,Website,16401.1,42.0
728,536,2024-10-21,Entregue,Website,449.27,12.23
729,566,2025-02-16,Entregue,Marketplace,7784.74,4.57
730,600,2026-03-02,Entregue,Marketplace,13609.49,23.21
731,927,2025-06-28,Entregue,Website,10279.95,36.0
732,661,2025-05-28,Entregue,Marketplace,5466.01,13.21
733,690,2025-09-09,Entregue,Marketplace,7718.66,4.73
734,702,2026-04-02,Entregue,Marketplace,5444.03,46.38
735,625,2026-04-08,Entregue,Website,5227.7,16.28
736,436,2024-09-04,Entregue,Marketplace,518.62,38.13
737,363,2024-11-01,Entregue,Website,8690.59,48.75
738,810,2025-06-16,Entregue,Marketplace,9302.25,16.28
739,931,2025-08-09,Entregue,Marketplace,21318.12,12.49
740,604,2026-06-15,Entregue,Marketplace,18371.38,28.7
741,322,2024-08-17,Entregue,Marketplace,8387.58,45.26
742,144,2026-04-28,Entregue,Website,13964.92,32.11
743,895,2026-05-10,Entregue,Marketplace,10294.22,39.51
744,196,2024-11-03,Entregue,Website,16147.32,38.36
745,972,2026-01-20,Entregue,Marketplace,13669.66,44.47
746,670,2025-07-29,Entregue,Website,8851.04,38.5
747,674,2025-08-14,Entregue,Website,1259.43,10.09
748,28,2025-10-23,Entregue,Website,11770.56,43.88
749,390,2026-01-04,Entregue,Website,2277.17,4.64
750,367,2025-03-24,Entregue,Marketplace,10244.31,20.76
751,8,2024-12-30,Entregue,Marketplace,8614.82,40.17
752,17,2025-02-12,Entregue,Marketplace,8156.57,36.48
753,781,2025-12-24,Entregue,Website,1197.38,3.06
754,179,2024-10-30,Entregue,Website,4174.2,37.1
755,931,2024-09-12,Entregue,Marketplace,3377.87,31.1
756,753,2026-08-06,Processando,Marketplace,12015.76,2.32
757,550,2026-06-26,Entregue,Marketplace,23023.75,6.72
758,133,2025-01-08,Entregue,Website,11433.12,11.28
759,909,2025-05-28,Entregue,Website,7307.05,12.49
760,905,2025-03-23,Entregue,Marketplace,6768.76,37.99
761,872,2026-01-17,Entregue,Website,14359.16,37.4
762,995,2025-07-09,Entregue,Marketplace,1915.07,22.61
763,787,2026-01-14,Entregue,Marketplace,1800.72,16.86
764,685,2026-03-05,Entregue,Marketplace,5952.93,38.16
765,124,2025-12-23,Entregue,Marketplace,3981.82,6.31
766,907,2024-11-28,Entregue,Website,8710.09,7.09
767,156,2025-10-05,Entregue,Website,2844.5,40.01
768,634,2024-12-09,Entregue,Website,3098.47,42.16
769,923,2025-04-08,Entregue,Marketplace,24915.35,44.69
770,69,2024-08-15,Entregue,Website,5645.13,37.76
771,164,2025-01-27,Entregue,Marketplace,1678.48,19.55
772,744,2024-09-27,Entregue,Website,5447.52,10.29
773,106,2025-06-13,Entregue,Marketplace,7562.33,11.61
774,913,2025-06-19,Entregue,Marketplace,5250.41,5.64
775,871,2024-09-08,Entregue,Marketplace,16110.05,41.84
776,86,2024-09-03,Entregue,Website,6507.06,5.06
777,892,2025-10-23,Entregue,Marketplace,8644.49,2.11
778,245,2024-10-26,Entregue,Marketplace,17109.92,29.01
779,186,2026-07-19,Enviado,Marketplace,9289.05,4.94
780,270,2026-01-21,Entregue,Website,9814.45,10.47
781,637,2026-06-17,Entregue,Marketplace,4022.44,31.97
782,519,2025-03-05,Entregue,Marketplace,12125.5,37.84
783,835,2025-08-24,Entregue,Marketplace,1784.71,30.67
784,42,2026-08-01,Enviado,Website,7681.32,33.38
785,222,2025-04-04,Entregue,Website,8179.65,0.62
786,197,2026-05-17,Entregue,Marketplace,7273.85,9.3
787,552,2025-06-02,Entregue,Website,17188.18,4.83
788,472,2025-10-31,Entregue,Marketplace,11181.66,24.86
789,283,2026-04-26,Entregue,Marketplace,2117.05,47.37
790,966,2025-05-14,Entregue,Website,3949.64,49.31
791,584,2024-12-17,Entregue,Marketplace,18153.25,7.21
792,31,2025-01-29,Entregue,Marketplace,22404.69,36.43
793,486,2025-03-05,Entregue,Website,6742.83,42.36
794,189,2024-10-25,Entregue,Marketplace,5207.17,20.07
795,21,2024-11-08,Entregue,Website,619.98,49.1
796,542,2025-11-14,Entregue,Website,4425.59,0.23
797,588,2025-09-05,Entregue,Website,15207.23,44.57
798,813,2026-04-04,Entregue,Website,6527.03,40.36
799,346,2026-01-01,Entregue,Marketplace,9029.17,46.43
800,932,2026-03-23,Entregue,Website,5304.51,42.39
801,720,2025-06-05,Entregue,Marketplace,1938.71,37.85
802,642,2025-05-18,Entregue,Marketplace,21306.49,20.21
803,716,2024-08-26,Entregue,Website,972.26,26.38
804,602,2024-08-30,Entregue,Website,839.5,32.05
805,193,2025-12-10,Entregue,Marketplace,3270.9,48.21
806,870,2026-02-22,Entregue,Website,910.16,25.44
807,191,2026-05-11,Entregue,Website,1805.06,35.62
808,656,2026-07-08,Entregue,Website,11603.5,2.26
809,412,2024-12-27,Entregue,Website,2454.94,7.8
810,500,2025-06-16,Entregue,Marketplace,9756.63,30.01
811,698,2026-06-26,Entregue,Marketplace,11702.27,14.24
812,206,2026-07-17,Enviado,Website,1529.06,23.45
813,86,2026-05-09,Entregue,Website,26642.13,12.09
814,924,2025-12-14,Entregue,Website,3565.95,19.57
815,450,2025-01-02,Entregue,Website,170.98,43.57
816,571,2025-07-13,Entregue,Website,9486.68,7.17
817,330,2025-04-09,Entregue,Marketplace,375.79,1.92
818,577,2025-04-21,Entregue,Website,19304.41,40.69
819,244,2025-03-27,Entregue,Marketplace,12268.27,30.63
820,179,2026-07-09,Entregue,Marketplace,3254.58,49.96
821,901,2025-11-28,Entregue,Website,3677.43,49.37
822,464,2025-11-18,Entregue,Marketplace,7809.72,47.62
823,634,2026-01-12,Entregue,Marketplace,6077.72,45.02
824,565,2024-11-09,Entregue,Website,12166.95,32.98
825,203,2025-06-30,Entregue,Website,20781.55,20.56
826,22,2025-07-08,Entregue,Website,818.57,46.01
827,924,2026-03-07,Entregue,Marketplace,1016.91,10.15
828,849,2026-03-26,Entregue,Marketplace,231.59,23.75
829,156,2026-03-09,Entregue,Website,2990.55,20.76
830,175,2026-02-07,Entregue,Website,11252.23,29.31
831,908,2024-11-26,Entregue,Marketplace,1236.55,3.44
832,300,2025-08-08,Entregue,Website,6509.13,17.74
833,314,2026-05-14,Entregue,Marketplace,7323.58,22.45
834,927,2025-09-18,Entregue,Marketplace,544.33,19.0
835,376,2025-02-28,Entregue,Marketplace,12501.38,20.36
836,327,2025-08-31,Entregue,Website,3696.01,1.15
837,798,2024-10-10,Entregue,Website,10499.95,43.18
838,892,2026-06-10,Entregue,Website,9500.47,7.81
839,735,2026-05-11,Entregue,Website,9158.43,19.35
840,194,2025-11-08,Entregue,Website,981.02,35.14
841,775,2025-07-15,Entregue,Website,6890.88,8.12
842,353,2024-09-21,Entregue,Website,24746.1,30.99
843,745,2024-12-09,Entregue,Marketplace,6880.7,22.54
844,333,2025-03-04,Entregue,Marketplace,14309.12,23.18
845,678,2025-12-03,Entregue,Website,4699.55,7.55
846,203,2026-04-12,Entregue,Website,425.65,24.87
847,971,2025-12-13,Entregue,Website,847.13,24.37
848,489,2025-09-12,Entregue,Marketplace,13738.47,7.07
849,885,2026-02-20,Entregue,Website,10342.34,18.48
850,569,2025-12-22,Entregue,Marketplace,12328.23,28.86
851,840,2025-07-21,Entregue,Website,24772.55,24.43
852,970,2026-08-05,Entregue,Marketplace,11754.8,3.35
853,150,2026-03-16,Entregue,Marketplace,12568.8,47.83
854,386,2025-08-06,Entregue,Marketplace,157.07,35.03
855,304,2026-05-17,Entregue,Website,16457.02,1.44
856,292,2026-03-13,Entregue,Website,13204.59,29.32
857,644,2024-11-20,Entregue,Marketplace,19515.04,32.32
858,950,2026-08-03,Enviado,Website,14361.75,7.58
859,834,2026-07-05,Entregue,Website,141.79,22.42
860,661,2026-04-30,Entregue,Website,5318.73,2.62
861,978,2024-08-28,Entregue,Website,8849.21,25.03
862,42,2024-11-11,Entregue,Website,1438.19,29.48
863,377,2026-07-01,Entregue,Website,9714.59,19.86
864,384,2025-09-17,Entregue,Marketplace,1672.48,7.99
865,667,2025-03-05,Entregue,Marketplace,8235.17,22.58
866,306,2025-10-18,Entregue,Website,10400.4,44.33
867,25,2026-07-07,Entregue,Marketplace,3315.18,0.62
868,469,2026-01-19,Entregue,Marketplace,7403.4,30.09
869,255,2025-06-23,Entregue,Website,5589.76,30.82
870,281,2026-01-31,Entregue,Website,14840.35,15.17
871,36,2025-07-02,Entregue,Website,7405.0,15.1
872,743,2026-05-16,Entregue,Website,10077.44,22.76
873,983,2025-05-30,Entregue,Marketplace,5088.31,35.5
874,720,2026-04-10,Entregue,Marketplace,296.99,39.6
875,841,2026-05-21,Entregue,Marketplace,15903.97,27.23
876,479,2025-01-12,Entregue,Marketplace,3741.02,38.37
877,141,2024-12-07,Entregue,Marketplace,11176.69,46.24
878,588,2024-09-20,Entregue,Website,10995.28,48.86
879,533,2026-08-03,Enviado,Website,9371.74,12.74
880,705,2026-03-26,Entregue,Website,14882.07,11.29
881,215,2025-10-22,Entregue,Website,2398.81,47.58
882,974,2026-08-01,Enviado,Marketplace,12210.38,47.24
883,33,2026-07-17,Entregue,Marketplace,7394.58,17.57
884,702,2025-12-05,Entregue,Marketplace,20279.3,49.73
885,768,2025-06-27,Entregue,Marketplace,9487.9,12.07
886,515,2025-11-26,Entregue,Website,15200.6,23.16
887,704,2025-05-09,Entregue,Website,1940.19,48.43
888,6,2025-12-02,Entregue,Marketplace,14151.66,38.79
889,506,2025-06-30,Entregue,Website,3088.86,35.69
890,970,2025-11-29,Entregue,Website,9276.23,21.9
891,719,2024-11-30,Entregue,Marketplace,361.46,3.35
892,411,2026-01-19,Entregue,Website,3575.53,45.33
893,560,2026-03-27,Entregue,Marketplace,11564.13,27.87
894,116,2025-04-24,Entregue,Marketplace,90.3,29.28
895,250,2025-02-26,Entregue,Marketplace,3888.62,40.06
896,824,2026-07-14,Enviado,Website,13588.48,33.35
897,405,2025-06-16,Entregue,Website,5091.57,9.63
898,662,2026-02-12,Entregue,Website,10528.23,12.07
899,940,2025-05-31,Entregue,Marketplace,14869.02,15.17
900,709,2026-06-10,Entregue,Marketplace,4741.03,48.76
901,531,2025-04-01,Entregue,Marketplace,15153.58,13.93
902,211,2026-07-28,Entregue,Website,5719.05,44.36
903,564,2025-05-10,Entregue,Marketplace,3343.42,0.16
904,284,2025-09-19,Entregue,Marketplace,3232.65,9.96
905,610,2025-12-08,Entregue,Website,10567.56,23.82
906,761,2025-05-16,Entregue,Marketplace,17128.86,10.24
907,156,2026-07-04,Entregue,Website,2553.4,27.69
908,629,2025-01-23,Entregue,Marketplace,3847.76,40.48
909,227,2025-10-07,Entregue,Website,3654.19,22.98
910,882,2025-02-02,Entregue,Marketplace,12778.55,22.31
911,872,2025-03-31,Entregue,Marketplace,6912.84,1.15
912,453,2025-03-18,Entregue,Website,1398.11,18.65
913,213,2025-05-18,Entregue,Website,1265.2,15.71
914,67,2025-07-18,Entregue,Marketplace,4174.03,35.65
915,391,2025-11-28,Entregue,Website,10663.04,24.55
916,614,2024-11-04,Entregue,Website,13288.66,42.3
917,301,2025-03-31,Entregue,Website,4953.49,42.93
918,804,2026-06-25,Entregue,Website,5759.43,14.41
919,378,2024-12-04,Entregue,Website,7063.76,7.64
920,22,2026-02-01,Entregue,Website,4722.69,19.69
921,855,2024-09-24,Entregue,Marketplace,2934.99,28.69
922,1,2025-06-08,Entregue,Marketplace,6337.33,23.04
923,258,2025-08-12,Entregue,Marketplace,22400.71,8.34
924,769,2026-05-15,Entregue,Website,12188.29,10.78
925,17,2025-12-23,Entregue,Website,4653.09,45.18
926,252,2025-05-18,Entregue,Website,296.49,44.85
927,396,2026-04-04,Entregue,Marketplace,6226.32,3.91
928,170,2026-08-09,Processando,Website,12261.66,7.3
929,53,2026-04-11,Entregue,Website,19147.79,44.18
930,148,2026-07-14,Enviado,Website,5222.45,4.66
931,582,2025-06-02,Entregue,Marketplace,5922.15,49.52
932,806,2025-10-17,Entregue,Website,4497.49,10.95
933,382,2024-09-23,Entregue,Marketplace,7605.23,47.78
934,609,2024-11-11,Entregue,Website,2159.77,11.31
935,963,2026-07-10,Entregue,Marketplace,7292.68,24.94
936,715,2026-07-27,Entregue,Marketplace,4373.24,37.13
937,32,2026-01-04,Entregue,Marketplace,107.9,46.88
938,504,2024-09-24,Entregue,Marketplace,2798.49,29.42
939,919,2026-08-02,Enviado,Website,1318.44,49.59
940,864,2024-11-27,Entregue,Marketplace,11356.46,33.94
941,630,2026-02-08,Entregue,Website,2766.74,41.07
942,74,2026-03-02,Entregue,Marketplace,15103.11,6.93
943,464,2025-11-07,Entregue,Marketplace,1669.82,47.59
944,153,2025-04-11,Entregue,Website,1486.44,1.84
945,153,2026-05-11,Entregue,Website,7918.4,14.12
946,602,2025-10-25,Entregue,Marketplace,5685.04,46.87
947,823,2024-12-04,Entregue,Marketplace,9258.77,19.48
948,189,2026-07-05,Entregue,Website,958.3,43.46
949,246,2026-04-07,Entregue,Marketplace,3189.08,47.85
950,352,2024-12-20,Entregue,Marketplace,4285.65,16.86
951,152,2025-10-10,Entregue,Marketplace,7751.76,34.02
952,418,2025-06-29,Entregue,Website,7700.57,23.73
953,272,2025-02-08,Entregue,Website,774.28,26.54
954,3,2025-09-28,Entregue,Marketplace,527.72,2.39
955,560,2025-12-29,Entregue,Marketplace,12795.43,0.82
956,399,2025-02-17,Entregue,Marketplace,4568.68,8.86
957,22,2025-10-09,Entregue,Website,1990.84,6.49
958,556,2025-12-31,Entregue,Website,8348.65,3.81
959,117,2025-09-06,Entregue,Marketplace,12357.01,16.88
960,743,2025-05-14,Entregue,Website,22597.79,45.55
961,812,2025-06-17,Entregue,Marketplace,10332.01,5.18
962,469,2026-06-04,Entregue,Marketplace,16305.29,16.11
963,768,2025-05-03,Entregue,Website,32978.81,48.48
964,806,2025-06-22,Entregue,Marketplace,24268.64,12.3
965,999,2025-04-03,Entregue,Marketplace,2978.16,3.76
966,618,2025-12-08,Entregue,Website,256.87,18.13
967,127,2024-12-22,Entregue,Website,20936.73,28.82
968,103,2024-10-31,Entregue,Marketplace,145.42,37.62
969,759,2025-07-12,Entregue,Website,3492.43,6.84
970,44,2024-10-07,Entregue,Marketplace,8927.98,40.48
971,646,2026-01-18,Entregue,Website,2180.54,23.52
972,897,2026-03-04,Entregue,Marketplace,1191.08,28.83
973,198,2025-06-03,Entregue,Marketplace,2136.29,17.21
974,605,2025-02-26,Entregue,Website,8716.24,37.34
975,763,2025-09-27,Entregue,Website,15987.31,36.56
976,148,2024-09-29,Entregue,Website,1543.94,36.22
977,388,2024-12-31,Entregue,Marketplace,11045.21,22.17
978,679,2026-06-23,Entregue,Website,3751.01,24.5
979,537,2026-01-06,Entregue,Marketplace,157.01,10.19
980,182,2026-07-13,Entregue,Website,5751.91,23.66
981,498,2025-01-05,Entregue,Marketplace,14448.92,10.94
982,110,2024-09-23,Entregue,Website,4522.91,44.94
983,789,2025-09-24,Entregue,Marketplace,1171.69,28.4
984,739,2024-09-15,Entregue,Marketplace,3186.55,12.56
985,366,2025-05-30,Entregue,Marketplace,10308.22,37.95
986,1000,2026-01-02,Entregue,Marketplace,3135.91,35.92
987,288,2024-09-16,Entregue,Marketplace,817.22,44.66
988,96,2025-03-06,Entregue,Marketplace,16324.53,39.55
989,235,2026-03-08,Entregue,Marketplace,7024.74,0.0
990,177,2024-10-25,Entregue,Website,1609.65,11.71
991,203,2024-09-27,Entregue,Website,1274.18,14.75
992,33,2026-04-19,Entregue,Website,2438.78,36.29
993,486,2024-12-24,Entregue,Marketplace,14512.64,0.38
994,446,2025-08-13,Entregue,Website,2083.08,34.98
995,923,2025-08-20,Entregue,Marketplace,4514.18,44.32
996,456,2025-09-30,Entregue,Marketplace,8918.02,15.79
997,878,2026-02-08,Entregue,Website,21208.31,28.0
998,76,2026-07-08,Entregue,Website,2344.63,26.95
999,266,2025-03-14,Entregue,Marketplace,6295.86,16.6
1000,716,2025-11-17,Entregue,Website,16429.26,25.9
1001,32,2025-12-23,Entregue,Website,21542.37,16.12
1002,689,2025-03-11,Entregue,Website,6518.4,39.73
1003,808,2026-07-18,Enviado,Marketplace,2788.25,18.97
1004,46,2025-03-29,Entregue,Website,4745.09,0.14
1005,415,2026-04-11,Entregue,Marketplace,9425.89,28.15
1006,51,2026-01-05,Entregue,Marketplace,15833.43,15.51
1007,417,2024-11-03,Entregue,Website,11381.24,12.02
1008,268,2025-10-26,Entregue,Marketplace,3540.72,48.11
1009,193,2025-02-05,Entregue,Website,7784.99,19.99
1010,744,2025-12-31,Entregue,Website,1434.94,26.09
1011,743,2025-02-04,Entregue,Marketplace,8321.37,10.69
1012,364,2025-04-25,Entregue,Marketplace,3233.76,37.88
1013,739,2025-08-15,Entregue,Marketplace,2319.74,17.0
1014,812,2026-07-02,Entregue,Marketplace,11722.39,43.15
1015,852,2026-07-31,Enviado,Marketplace,148.7,1.88
1016,222,2025-09-27,Entregue,Website,4230.28,48.49
1017,93,2025-01-23,Entregue,Website,3688.31,35.57
1018,138,2026-01-01,Entregue,Marketplace,4439.81,32.2
1019,627,2026-07-12,Entregue,Marketplace,17132.49,37.92
1020,11,2026-01-29,Entregue,Website,4669.14,10.44
1021,115,2026-04-22,Entregue,Website,19729.08,41.88
1022,402,2024-09-12,Entregue,Marketplace,15290.34,30.49
1023,294,2026-05-17,Entregue,Website,1629.06,26.96
1024,775,2026-01-19,Entregue,Marketplace,3539.65,9.74
1025,79,2024-09-23,Entregue,Website,159.58,12.76
1026,418,2026-03-18,Entregue,Website,814.04,41.48
1027,405,2024-12-17,Entregue,Marketplace,1241.1,21.77
1028,437,2025-04-01,Entregue,Website,4342.19,46.94
1029,91,2025-03-22,Entregue,Website,15793.77,19.31
1030,498,2024-10-09,Entregue,Marketplace,15277.52,21.22
1031,489,2024-12-28,Entregue,Website,1802.28,20.37
1032,708,2026-03-25,Entregue,Website,2799.56,30.28
1033,595,2025-01-07,Entregue,Website,8969.45,40.16
1034,639,2025-04-19,Entregue,Marketplace,11721.55,38.33
1035,318,2024-12-04,Entregue,Website,5452.88,47.66
1036,441,2026-05-11,Entregue,Marketplace,1571.49,28.2
1037,572,2026-07-11,Entregue,Marketplace,1030.65,7.75
1038,32,2025-10-11,Entregue,Marketplace,939.5,8.7
1039,617,2025-04-19,Entregue,Marketplace,20586.42,32.51
1040,803,2026-05-22,Entregue,Website,17445.64,20.31
1041,646,2026-05-17,Entregue,Website,6933.65,46.17
1042,827,2025-02-08,Entregue,Marketplace,147.95,28.58
1043,409,2026-05-13,Entregue,Website,4750.39,12.03
1044,527,2025-08-22,Entregue,Marketplace,13360.42,30.02
1045,541,2025-06-20,Entregue,Website,11503.2,30.6
1046,535,2026-03-20,Entregue,Website,15456.56,43.59
1047,460,2026-01-24,Entregue,Website,22661.78,36.3
1048,579,2026-01-13,Entregue,Website,6891.9,38.46
1049,238,2025-07-14,Entregue,Website,4150.6,46.86
1050,210,2025-06-25,Entregue,Website,806.28,33.9
1051,225,2026-01-09,Entregue,Marketplace,18318.32,11.9
1052,744,2025-12-09,Entregue,Website,11748.79,43.23
1053,243,2025-12-09,Entregue,Marketplace,14343.97,10.24
1054,175,2026-04-05,Entregue,Website,10932.27,3.76
1055,532,2024-08-18,Entregue,Marketplace,7667.42,8.58
1056,347,2025-10-25,Entregue,Website,9240.59,28.62
1057,415,2025-03-19,Entregue,Website,796.87,43.01
1058,148,2025-04-28,Entregue,Website,5669.74,32.95
1059,696,2025-12-02,Entregue,Marketplace,17680.45,0.74
1060,179,2026-06-27,Entregue,Website,4037.66,49.09
1061,548,2025-11-18,Entregue,Marketplace,17648.15,11.76
1062,613,2025-07-02,Entregue,Marketplace,14848.31,25.37
1063,642,2024-10-31,Entregue,Marketplace,1307.55,48.12
1064,184,2026-03-31,Entregue,Website,10773.28,44.76
1065,66,2024-08-14,Entregue,Marketplace,15920.37,24.74
1066,545,2025-09-11,Entregue,Marketplace,1223.24,34.08
1067,244,2025-12-04,Entregue,Marketplace,8794.98,2.59
1068,172,2026-05-02,Entregue,Marketplace,3851.69,44.99
1069,608,2025-01-13,Entregue,Marketplace,5371.5,9.81
1070,809,2026-02-27,Entregue,Marketplace,4694.86,41.52
1071,267,2026-06-30,Entregue,Website,7499.82,34.22
1072,414,2024-11-20,Entregue,Website,3150.82,43.42
1073,963,2025-12-25,Entregue,Website,11520.78,28.0
1074,295,2024-12-18,Entregue,Marketplace,4250.99,11.21
1075,936,2024-09-08,Entregue,Marketplace,11761.92,29.95
1076,276,2026-06-30,Entregue,Website,1691.96,4.3
1077,375,2025-12-04,Entregue,Website,7465.45,40.88
1078,291,2025-03-22,Entregue,Website,9445.41,1.76
1079,62,2025-10-22,Entregue,Website,311.43,37.89
1080,540,2025-10-11,Entregue,Marketplace,4610.4,20.11
1081,812,2026-06-16,Entregue,Marketplace,15064.96,26.95
1082,287,2026-02-24,Entregue,Marketplace,6386.33,36.64
1083,7,2025-12-05,Entregue,Website,3224.92,2.14
1084,349,2026-03-28,Entregue,Marketplace,7661.6,1.69
1085,393,2025-09-11,Entregue,Marketplace,12289.85,29.32
1086,133,2025-10-15,Entregue,Marketplace,942.98,42.3
1087,825,2025-12-01,Entregue,Website,4234.99,35.38
1088,130,2024-11-06,Entregue,Website,190.43,30.33
1089,9,2026-05-26,Entregue,Website,6106.1,25.98
1090,806,2025-12-29,Entregue,Website,6566.67,44.99
1091,837,2026-01-28,Entregue,Marketplace,12418.1,19.12
1092,949,2025-09-12,Entregue,Website,1511.88,47.83
1093,581,2025-08-29,Entregue,Website,10517.74,37.05
1094,567,2025-10-24,Entregue,Website,7535.52,11.82
1095,554,2025-12-20,Entregue,Website,4846.79,16.01
1096,828,2026-04-27,Entregue,Marketplace,1559.61,14.49
1097,592,2025-10-31,Entregue,Marketplace,3226.44,30.56
1098,869,2025-04-07,Entregue,Marketplace,17513.0,0.13
1099,969,2025-02-03,Entregue,Website,3813.81,6.53
1100,407,2025-08-12,Entregue,Website,12065.05,27.4
1101,532,2024-08-24,Entregue,Marketplace,4026.87,17.47
1102,818,2025-11-01,Entregue,Website,2450.58,10.1
1103,167,2025-07-25,Entregue,Website,27090.32,43.6
1104,591,2026-03-26,Entregue,Marketplace,2703.77,49.61
1105,96,2025-05-15,Entregue,Website,11412.59,7.26
1106,121,2025-05-24,Entregue,Marketplace,14662.68,20.51
1107,413,2024-11-18,Entregue,Website,14728.39,6.48
1108,761,2025-08-13,Entregue,Marketplace,9602.42,46.62
1109,214,2026-07-17,Enviado,Website,17329.5,22.77
1110,538,2025-12-08,Entregue,Website,1611.86,46.1
1111,132,2024-08-26,Entregue,Website,9894.71,42.0
1112,598,2025-12-29,Entregue,Marketplace,710.33,41.17
1113,435,2025-03-25,Entregue,Marketplace,8175.74,27.48
1114,491,2025-08-14,Entregue,Website,14057.4,27.88
1115,130,2024-08-16,Entregue,Marketplace,1571.67,26.55
1116,885,2025-08-31,Entregue,Website,1163.0,41.39
1117,293,2024-09-10,Entregue,Website,5877.84,12.48
1118,927,2025-11-13,Entregue,Marketplace,8292.29,47.83
1119,862,2026-06-17,Entregue,Website,11061.43,6.84
1120,826,2025-02-24,Entregue,Marketplace,2546.55,27.69
1121,966,2025-08-12,Entregue,Website,19161.14,24.45
1122,63,2024-11-16,Entregue,Marketplace,13413.23,4.22
1123,504,2026-08-06,Enviado,Website,3421.19,40.05
1124,541,2025-08-06,Entregue,Marketplace,4669.97,22.34
1125,942,2025-08-24,Entregue,Marketplace,14661.66,46.1
1126,273,2025-02-01,Entregue,Marketplace,142.78,20.74
1127,26,2025-01-28,Entregue,Website,3818.05,39.76
1128,479,2026-01-27,Entregue,Website,5911.06,45.7
1129,600,2024-09-13,Entregue,Website,11174.41,27.19
1130,842,2025-12-31,Entregue,Marketplace,6952.03,46.46
1131,105,2025-02-24,Entregue,Marketplace,4229.84,45.4
1132,976,2025-09-27,Entregue,Website,11610.3,24.25
1133,16,2025-07-02,Entregue,Website,14481.01,35.57
1134,109,2024-10-01,Entregue,Website,2333.77,20.54
1135,819,2025-05-06,Entregue,Website,30412.21,11.76
1136,73,2025-07-21,Entregue,Marketplace,11668.92,44.71
1137,585,2025-12-06,Entregue,Marketplace,11996.3,48.63
1138,849,2025-07-04,Entregue,Website,13488.73,42.11
1139,574,2025-04-16,Entregue,Website,18766.59,23.17
1140,507,2024-09-06,Entregue,Website,7036.03,8.85
1141,408,2025-06-11,Entregue,Website,1557.93,14.64
1142,856,2026-01-26,Entregue,Marketplace,3361.25,19.19
1143,67,2025-02-05,Entregue,Marketplace,21093.0,0.58
1144,798,2024-09-04,Entregue,Website,15893.86,13.3
1145,854,2025-09-14,Entregue,Website,889.18,4.46
1146,775,2025-03-23,Entregue,Website,12091.48,17.89
1147,850,2025-10-11,Entregue,Website,1417.72,45.5
1148,714,2025-04-24,Entregue,Marketplace,11143.53,13.68
1149,854,2025-01-20,Entregue,Website,2523.7,4.84
1150,869,2025-06-20,Entregue,Website,8815.09,39.36
1151,255,2025-05-18,Entregue,Marketplace,15697.28,34.82
1152,800,2024-08-29,Entregue,Marketplace,10195.25,49.73
1153,64,2025-08-24,Entregue,Website,8802.55,41.63
1154,587,2026-07-22,Entregue,Website,16489.15,14.94
1155,335,2025-02-05,Entregue,Marketplace,135.15,13.11
1156,373,2024-10-20,Entregue,Marketplace,7003.34,37.81
1157,878,2025-05-23,Entregue,Marketplace,11538.34,12.9
1158,10,2026-03-13,Entregue,Marketplace,4929.74,8.01
1159,903,2025-11-02,Entregue,Marketplace,9082.73,34.7
1160,258,2025-04-29,Entregue,Marketplace,805.22,49.67
1161,406,2024-11-28,Entregue,Marketplace,22690.05,35.55
1162,654,2025-06-16,Entregue,Marketplace,776.19,3.81
1163,258,2025-10-30,Entregue,Website,7906.8,36.77
1164,971,2025-02-11,Entregue,Website,1137.1,15.49
1165,260,2026-02-09,Entregue,Marketplace,16534.81,39.85
1166,150,2025-01-15,Entregue,Website,1768.13,42.28
1167,158,2024-11-19,Entregue,Marketplace,17630.32,14.27
1168,702,2024-09-08,Entregue,Website,18689.53,40.98
1169,34,2025-04-27,Entregue,Marketplace,7108.26,30.44
1170,235,2026-01-24,Entregue,Marketplace,23552.35,42.39
1171,69,2025-09-27,Entregue,Marketplace,606.23,17.27
1172,438,2024-12-13,Entregue,Website,3054.19,41.29
1173,804,2024-11-06,Entregue,Website,13674.62,0.78
1174,753,2025-03-18,Entregue,Marketplace,23727.27,40.2
1175,38,2025-04-23,Entregue,Website,10766.58,43.09
1176,155,2025-01-01,Entregue,Website,9905.77,49.27
1177,911,2026-04-28,Entregue,Website,17858.92,0.81
1178,838,2026-03-04,Entregue,Marketplace,20256.17,9.47
1179,49,2025-03-02,Entregue,Marketplace,17949.25,13.82
1180,4,2024-11-14,Entregue,Marketplace,8164.92,40.87
1181,276,2024-12-04,Entregue,Website,12509.23,3.69
1182,536,2026-07-29,Enviado,Marketplace,4562.55,38.65
1183,582,2025-12-19,Entregue,Marketplace,15710.43,7.97
1184,75,2026-02-01,Entregue,Marketplace,9993.18,1.53
1185,987,2025-02-10,Entregue,Website,12580.25,19.01
1186,981,2025-12-17,Entregue,Website,10949.28,23.03
1187,288,2026-05-07,Entregue,Website,13590.93,30.43
1188,376,2024-10-05,Entregue,Marketplace,2833.74,45.81
1189,498,2026-05-09,Entregue,Website,15673.46,15.95
1190,55,2025-09-12,Entregue,Marketplace,4452.48,8.58
1191,909,2025-12-11,Entregue,Marketplace,3104.77,0.25
1192,935,2024-11-11,Entregue,Website,11295.39,8.05
1193,814,2026-03-26,Entregue,Marketplace,6560.45,0.31
1194,657,2024-11-19,Entregue,Website,14030.47,4.57
1195,205,2024-10-08,Entregue,Website,3224.33,1.64
1196,16,2026-07-05,Entregue,Website,14340.34,47.85
1197,480,2024-12-18,Entregue,Marketplace,17332.09,29.65
1198,208,2024-12-22,Entregue,Marketplace,2694.71,40.55
1199,37,2026-07-05,Entregue,Marketplace,1426.41,16.61
1200,304,2025-01-20,Entregue,Website,1934.93,48.54
1201,280,2025-02-16,Entregue,Marketplace,5537.48,1.95
1202,817,2026-07-04,Entregue,Marketplace,8396.13,20.29
1203,950,2026-02-22,Entregue,Marketplace,7341.39,35.23
1204,924,2025-11-30,Entregue,Marketplace,13817.21,5.36
1205,704,2025-08-04,Entregue,Website,11725.01,7.12
1206,380,2026-04-06,Entregue,Website,11913.36,15.76
1207,922,2025-09-18,Entregue,Marketplace,3529.19,43.6
1208,778,2025-12-19,Entregue,Website,776.51,3.95
1209,953,2026-07-14,Enviado,Marketplace,11043.22,48.33
1210,726,2024-09-02,Entregue,Marketplace,7785.86,32.2
1211,637,2026-06-25,Entregue,Website,2702.65,48.49
1212,122,2026-03-19,Entregue,Website,7947.42,13.87
1213,642,2025-09-25,Entregue,Website,6939.43,47.77
1214,151,2025-08-16,Entregue,Website,3911.25,18.07
1215,499,2025-01-11,Entregue,Website,14137.07,32.21
1216,712,2024-08-21,Entregue,Website,2221.23,35.83
1217,22,2025-10-12,Entregue,Website,7925.41,19.63
1218,134,2026-07-05,Entregue,Marketplace,1543.53,9.18
1219,597,2025-09-02,Entregue,Website,8914.23,31.39
1220,983,2024-11-25,Entregue,Marketplace,7247.59,25.52
1221,632,2026-07-11,Entregue,Website,4083.31,14.08
1222,790,2024-12-30,Entregue,Marketplace,13567.76,15.58
1223,475,2026-02-13,Entregue,Website,4365.51,34.75
1224,770,2025-06-05,Entregue,Website,18923.0,9.05
1225,97,2025-08-20,Entregue,Marketplace,2774.6,5.32
1226,381,2024-10-27,Entregue,Marketplace,5289.63,27.51
1227,707,2025-11-14,Entregue,Marketplace,4146.75,8.37
1228,726,2026-04-08,Entregue,Website,3961.63,37.52
1229,521,2024-11-09,Entregue,Marketplace,20084.35,44.96
1230,235,2026-03-09,Entregue,Website,3551.93,33.12
1231,671,2026-02-13,Entregue,Website,12463.59,36.56
1232,225,2025-04-04,Entregue,Website,13594.0,6.53
1233,49,2025-03-02,Entregue,Marketplace,16824.06,12.67
1234,849,2025-12-09,Entregue,Marketplace,6495.3,22.85
1235,833,2026-06-17,Entregue,Website,7755.79,23.48
1236,167,2025-05-28,Entregue,Website,4297.77,28.37
1237,378,2025-10-05,Entregue,Marketplace,8008.96,42.07
1238,294,2026-07-11,Entregue,Marketplace,2533.89,15.03
1239,202,2025-05-31,Entregue,Marketplace,1582.16,30.23
1240,867,2025-06-20,Entregue,Website,23121.71,19.27
1241,329,2026-03-07,Entregue,Marketplace,4187.6,33.68
1242,978,2024-12-12,Entregue,Website,25325.01,26.69
1243,347,2025-02-12,Entregue,Website,3690.66,44.37
1244,36,2025-10-01,Entregue,Website,4576.97,3.88
1245,400,2024-09-21,Entregue,Marketplace,4773.05,24.97
1246,954,2025-02-20,Entregue,Marketplace,1122.34,48.11
1247,130,2026-01-30,Entregue,Website,10859.34,8.85
1248,314,2025-11-01,Entregue,Website,9370.6,40.74
1249,407,2025-02-09,Entregue,Marketplace,1842.5,42.21
1250,735,2025-08-06,Entregue,Website,8737.09,13.28
1251,325,2025-02-26,Entregue,Marketplace,3788.96,10.67
1252,674,2025-11-03,Entregue,Marketplace,5876.66,11.3
1253,749,2024-10-11,Entregue,Website,23142.98,24.78
1254,918,2025-01-18,Entregue,Website,10597.49,21.65
1255,841,2026-05-24,Entregue,Website,8465.01,11.13
1256,48,2026-04-02,Entregue,Marketplace,9325.55,40.76
1257,317,2024-08-29,Entregue,Website,2816.07,15.99
1258,709,2026-06-27,Entregue,Website,2495.11,38.46
1259,931,2025-04-02,Entregue,Website,5556.77,9.92
1260,181,2025-04-14,Entregue,Website,1969.04,30.05
1261,915,2025-08-08,Entregue,Website,10731.5,45.48
1262,631,2025-09-11,Entregue,Website,10627.93,44.68
1263,94,2025-06-04,Entregue,Website,16069.14,27.56
1264,102,2025-02-08,Entregue,Website,12407.39,24.57
1265,986,2025-05-09,Entregue,Website,3587.57,35.3
1266,157,2026-03-17,Entregue,Website,19257.56,47.61
1267,415,2025-05-13,Entregue,Website,11247.44,18.85
1268,813,2026-01-14,Entregue,Marketplace,13575.08,13.79
1269,791,2024-11-04,Entregue,Website,8896.21,32.66
1270,294,2025-12-10,Entregue,Marketplace,13257.16,11.46
1271,378,2026-04-05,Entregue,Website,4764.53,21.41
1272,217,2026-04-14,Entregue,Marketplace,12633.6,22.54
1273,668,2026-01-22,Entregue,Marketplace,7617.49,4.8
1274,250,2025-07-31,Entregue,Marketplace,15428.99,45.3
1275,692,2025-02-19,Entregue,Website,7630.28,23.02
1276,964,2026-05-10,Entregue,Marketplace,10731.4,10.15
1277,71,2024-09-25,Entregue,Marketplace,5220.93,42.11
1278,729,2026-02-14,Entregue,Website,4494.15,0.06
1279,907,2025-01-26,Entregue,Website,3709.22,20.99
1280,339,2025-11-07,Entregue,Website,4196.13,1.15
1281,999,2026-07-29,Entregue,Marketplace,11317.34,30.82
1282,184,2025-02-13,Entregue,Marketplace,1805.05,17.49
1283,241,2025-05-20,Entregue,Website,5716.21,42.67
1284,805,2025-05-14,Entregue,Website,6743.55,39.59
1285,462,2025-10-15,Entregue,Marketplace,3751.41,11.32
1286,337,2026-05-22,Entregue,Marketplace,3496.87,6.42
1287,118,2025-10-18,Entregue,Marketplace,5205.23,38.08
1288,39,2025-05-31,Entregue,Website,1485.98,0.51
1289,843,2024-09-26,Entregue,Website,15665.27,7.07
1290,542,2026-06-13,Entregue,Marketplace,18452.5,9.52
1291,227,2025-05-11,Entregue,Website,9026.59,3.62
1292,672,2025-10-21,Entregue,Website,5322.52,0.94
1293,406,2025-05-05,Entregue,Website,16113.05,1.63
1294,499,2025-09-28,Entregue,Marketplace,1008.54,44.46
1295,213,2025-07-25,Entregue,Marketplace,2978.97,2.92
1296,433,2026-03-03,Entregue,Marketplace,13924.11,16.92
1297,111,2026-03-09,Entregue,Website,384.09,10.22
1298,260,2025-03-13,Entregue,Marketplace,5200.97,23.42
1299,803,2026-04-22,Entregue,Marketplace,2170.18,18.26
1300,625,2025-09-05,Entregue,Marketplace,4218.82,37.55
1301,753,2025-02-08,Entregue,Marketplace,1729.41,40.8
1302,470,2024-11-19,Entregue,Website,25805.02,47.33
1303,795,2025-05-08,Entregue,Website,6972.34,41.58
1304,656,2026-03-23,Entregue,Website,10246.94,26.84
1305,777,2024-08-28,Entregue,Marketplace,17471.46,35.63
1306,705,2025-08-31,Entregue,Marketplace,13481.4,40.37
1307,908,2024-11-01,Entregue,Website,15773.9,24.7
1308,226,2024-12-16,Entregue,Marketplace,1407.35,9.09
1309,181,2024-12-22,Entregue,Marketplace,12089.4,33.96
1310,454,2025-04-08,Entregue,Website,17209.14,15.24
1311,321,2025-04-25,Entregue,Website,7475.84,39.4
1312,464,2025-10-12,Entregue,Marketplace,3889.73,23.71
1313,86,2024-10-24,Entregue,Website,6578.91,40.48
1314,74,2025-07-09,Entregue,Marketplace,21187.7,46.2
1315,832,2026-01-10,Entregue,Website,1777.05,32.29
1316,266,2026-03-21,Entregue,Website,7576.49,32.32
1317,97,2026-07-07,Entregue,Website,7041.76,39.11
1318,512,2025-12-02,Entregue,Marketplace,10119.31,14.9
1319,570,2025-11-01,Entregue,Website,25090.44,19.47
1320,852,2025-10-06,Entregue,Marketplace,6943.43,26.04
1321,829,2025-12-27,Entregue,Website,5159.95,8.95
1322,627,2026-07-04,Entregue,Marketplace,467.05,26.59
1323,524,2025-04-02,Entregue,Website,15482.56,4.5
1324,756,2025-06-27,Entregue,Website,7006.49,35.31
1325,766,2025-01-27,Entregue,Website,1415.3,26.96
1326,48,2025-10-29,Entregue,Marketplace,8939.13,40.48
1327,786,2025-02-11,Entregue,Website,5026.51,2.98
1328,395,2025-06-16,Entregue,Website,14418.93,10.72
1329,313,2024-12-21,Entregue,Website,945.92,0.04
1330,811,2025-09-09,Entregue,Website,23985.22,10.06
1331,230,2026-03-20,Entregue,Marketplace,10079.23,44.89
1332,98,2025-09-18,Entregue,Website,9798.26,21.12
1333,479,2026-06-21,Entregue,Marketplace,1582.18,47.83
1334,361,2025-02-12,Entregue,Marketplace,5067.2,28.98
1335,783,2026-05-26,Entregue,Website,25506.09,30.58
1336,167,2026-03-21,Entregue,Marketplace,11466.17,16.31
1337,634,2024-09-08,Entregue,Marketplace,13291.59,24.22
1338,822,2025-08-25,Entregue,Marketplace,2468.62,5.63
1339,300,2025-10-18,Entregue,Website,9913.84,13.26
1340,33,2025-08-05,Entregue,Website,7967.3,19.92
1341,1,2026-03-30,Entregue,Website,1588.87,43.75
1342,835,2026-04-13,Entregue,Website,10123.38,30.94
1343,400,2026-08-05,Entregue,Marketplace,12198.87,5.09
1344,936,2025-01-03,Entregue,Website,14658.37,32.68
1345,45,2024-08-23,Entregue,Marketplace,2157.86,24.2
1346,626,2026-08-08,Entregue,Marketplace,2484.2,43.61
1347,340,2025-06-21,Entregue,Website,6678.61,10.77
1348,334,2025-07-01,Entregue,Marketplace,14141.27,29.86
1349,171,2026-07-07,Entregue,Website,5542.83,0.17
1350,798,2025-03-31,Entregue,Marketplace,2592.97,11.84
1351,559,2026-05-02,Entregue,Website,9773.35,30.87
1352,54,2025-09-01,Entregue,Website,10638.68,18.16
1353,874,2026-07-25,Entregue,Website,6211.83,41.66
1354,228,2025-01-31,Entregue,Website,3849.15,6.24
1355,534,2025-03-08,Entregue,Website,2790.64,21.36
1356,911,2025-01-30,Entregue,Website,12421.81,40.6
1357,852,2024-08-30,Entregue,Website,2622.1,46.33
1358,703,2024-09-08,Entregue,Marketplace,10580.78,9.4
1359,408,2025-09-23,Entregue,Website,2375.54,49.35
1360,386,2025-07-03,Entregue,Marketplace,15628.11,13.1
1361,853,2026-03-15,Entregue,Marketplace,2731.74,8.19
1362,535,2024-09-01,Entregue,Marketplace,4477.25,45.23
1363,305,2024-08-13,Entregue,Marketplace,6816.07,29.14
1364,184,2025-04-09,Entregue,Website,14259.56,3.57
1365,938,2026-03-11,Entregue,Marketplace,221.38,46.27
1366,779,2026-08-08,Processando,Marketplace,3377.58,49.1
1367,654,2025-07-31,Entregue,Website,12164.67,10.5
1368,633,2026-03-03,Entregue,Website,12125.84,41.67
1369,321,2024-10-09,Entregue,Website,28044.92,37.73
1370,879,2025-09-22,Entregue,Website,16033.74,42.64
1371,877,2025-02-12,Entregue,Website,7603.86,2.14
1372,815,2025-12-05,Entregue,Marketplace,28142.28,10.28
1373,634,2026-08-04,Enviado,Website,12412.35,31.33
1374,899,2026-06-06,Entregue,Website,4486.82,5.06
1375,876,2026-04-21,Entregue,Website,9455.45,27.24
1376,639,2026-08-05,Entregue,Marketplace,5155.07,47.94
1377,987,2026-02-02,Entregue,Website,17224.45,1.87
1378,465,2026-02-08,Entregue,Website,13834.22,26.44
1379,942,2024-09-09,Entregue,Website,5521.31,28.48
1380,277,2025-04-19,Entregue,Marketplace,6832.74,37.72
1381,202,2026-03-02,Entregue,Website,10921.71,32.09
1382,520,2025-03-13,Entregue,Marketplace,9019.53,10.28
1383,620,2026-03-17,Entregue,Website,960.44,31.13
1384,653,2026-02-01,Entregue,Marketplace,5876.94,48.47
1385,947,2024-10-27,Entregue,Marketplace,7579.54,3.39
1386,8,2025-09-10,Entregue,Marketplace,1993.02,37.9
1387,507,2025-09-11,Entregue,Marketplace,1724.86,4.99
1388,659,2025-01-17,Entregue,Website,16721.74,2.97
1389,262,2025-08-15,Entregue,Marketplace,4670.69,10.23
1390,853,2026-07-13,Enviado,Website,2503.52,20.96
1391,392,2025-01-26,Entregue,Marketplace,11614.57,4.96
1392,812,2024-10-28,Entregue,Website,13890.24,19.55
1393,140,2024-11-20,Entregue,Marketplace,17086.37,47.77
1394,906,2024-09-30,Entregue,Website,20328.12,32.75
1395,114,2025-08-18,Entregue,Website,1450.29,27.36
1396,314,2025-06-05,Entregue,Website,824.3,20.35
1397,664,2025-12-03,Entregue,Marketplace,4464.18,0.77
1398,760,2026-01-24,Entregue,Marketplace,10462.4,39.89
1399,668,2025-09-21,Entregue,Marketplace,12669.7,30.13
1400,109,2026-04-30,Entregue,Website,5290.87,28.75
1401,862,2026-01-12,Entregue,Website,3740.11,8.54
1402,389,2026-01-07,Entregue,Website,1541.97,45.39
1403,503,2024-10-13,Entregue,Marketplace,29179.29,30.99
1404,854,2026-06-13,Entregue,Website,2205.19,39.27
1405,974,2024-11-11,Entregue,Website,1146.82,25.21
1406,421,2024-11-17,Entregue,Marketplace,14306.37,13.72
1407,703,2026-06-08,Entregue,Website,12115.55,43.31
1408,762,2024-12-04,Entregue,Marketplace,14988.75,22.67
1409,957,2025-07-20,Entregue,Marketplace,18786.3,37.11
1410,42,2026-02-17,Entregue,Website,5872.26,1.15
1411,662,2024-12-02,Entregue,Marketplace,5764.42,34.72
1412,332,2025-02-10,Entregue,Website,16419.15,13.89
1413,152,2026-02-02,Entregue,Website,23788.25,4.77
1414,401,2025-07-07,Entregue,Website,6034.16,1.68
1415,198,2025-12-21,Entregue,Marketplace,2103.07,15.58
1416,974,2025-12-17,Entregue,Website,10041.27,27.58
1417,294,2024-10-14,Entregue,Marketplace,6565.86,5.72
1418,225,2025-05-31,Entregue,Website,15935.19,13.23
1419,926,2026-01-10,Entregue,Website,21465.19,28.39
1420,446,2025-01-01,Entregue,Marketplace,9299.08,11.22
1421,873,2025-03-13,Entregue,Marketplace,10329.41,19.14
1422,375,2025-06-19,Entregue,Marketplace,2166.66,35.96
1423,432,2025-08-20,Entregue,Website,9854.19,24.56
1424,868,2025-02-09,Entregue,Marketplace,20103.37,35.18
1425,865,2024-08-16,Entregue,Marketplace,7883.49,39.51
1426,956,2026-01-15,Entregue,Website,4213.06,40.31
1427,900,2025-10-14,Entregue,Marketplace,4211.82,27.38
1428,653,2026-05-03,Entregue,Marketplace,9004.95,42.17
1429,560,2025-11-23,Entregue,Website,13838.34,26.56
1430,742,2026-06-16,Entregue,Website,3918.24,26.41
1431,45,2024-10-18,Entregue,Website,1163.75,4.56
1432,319,2026-01-10,Entregue,Marketplace,13588.37,0.21
1433,395,2025-07-07,Entregue,Website,12206.72,49.37
1434,848,2026-06-01,Entregue,Website,15479.97,4.01
1435,766,2025-10-23,Entregue,Website,21131.57,29.48
1436,265,2025-01-13,Entregue,Website,3980.99,29.09
1437,346,2026-04-24,Entregue,Website,1458.24,35.31
1438,693,2026-07-27,Entregue,Website,10445.16,23.58
1439,611,2025-12-05,Entregue,Marketplace,7298.72,12.57
1440,8,2026-03-12,Entregue,Website,9368.79,39.91
1441,167,2026-03-22,Entregue,Website,4157.92,19.54
1442,392,2024-10-07,Entregue,Marketplace,7227.24,42.35
1443,707,2024-08-19,Entregue,Website,12607.74,12.3
1444,5,2026-02-07,Entregue,Marketplace,3253.85,46.39
1445,265,2025-09-05,Entregue,Website,3555.65,14.1
1446,300,2025-05-17,Entregue,Website,72.04,11.02
1447,616,2026-02-04,Entregue,Website,16861.07,40.7
1448,827,2025-08-06,Entregue,Marketplace,2196.9,34.91
1449,160,2025-05-26,Entregue,Marketplace,12752.39,25.28
1450,138,2026-02-06,Entregue,Website,17822.61,29.61
1451,446,2025-06-01,Entregue,Marketplace,10250.51,38.59
1452,270,2025-11-28,Entregue,Marketplace,4567.92,26.58
1453,795,2025-10-06,Entregue,Website,6334.14,44.43
1454,770,2026-06-07,Entregue,Marketplace,14688.63,34.26
1455,148,2025-08-18,Entregue,Marketplace,4134.4,47.28
1456,709,2026-06-19,Entregue,Website,2802.53,17.91
1457,417,2025-04-12,Entregue,Website,17750.13,39.87
1458,486,2025-12-05,Entregue,Website,5291.01,28.89
1459,440,2026-04-29,Entregue,Marketplace,7947.76,38.83
1460,353,2025-03-05,Entregue,Marketplace,1963.06,7.94
1461,540,2026-03-26,Entregue,Marketplace,3737.94,7.36
1462,212,2025-07-31,Entregue,Website,10921.16,2.98
1463,667,2026-06-20,Entregue,Marketplace,1056.14,21.3
1464,59,2025-12-14,Entregue,Marketplace,4949.9,7.88
1465,765,2026-08-01,Entregue,Website,3856.26,4.78
1466,462,2024-11-10,Entregue,Marketplace,928.9,44.18
1467,199,2025-07-21,Entregue,Marketplace,2230.9,44.35
1468,598,2025-05-21,Entregue,Website,3194.99,10.43
1469,248,2025-01-19,Entregue,Website,20822.09,27.0
1470,131,2025-12-07,Entregue,Marketplace,15007.34,35.04
1471,61,2026-06-18,Entregue,Website,7864.11,41.52
1472,639,2025-07-29,Entregue,Marketplace,4155.09,1.17
1473,836,2026-05-12,Entregue,Website,5045.58,20.93
1474,170,2026-02-06,Entregue,Website,11967.57,38.58
1475,921,2026-05-28,Entregue,Website,1682.82,17.42
1476,384,2026-06-12,Entregue,Marketplace,5194.75,17.2
1477,232,2025-12-29,Entregue,Marketplace,761.92,14.18
1478,833,2025-11-07,Entregue,Marketplace,1065.58,34.76
1479,404,2025-02-05,Entregue,Website,6238.74,29.6
1480,661,2026-03-26,Entregue,Website,12725.8,6.12
1481,138,2025-07-20,Entregue,Website,2335.31,5.9
1482,164,2024-09-30,Entregue,Website,7629.51,45.32
1483,103,2026-03-10,Entregue,Marketplace,11560.73,18.62
1484,912,2024-10-03,Entregue,Marketplace,16328.15,6.02
1485,546,2026-03-15,Entregue,Marketplace,6738.56,15.77
1486,881,2024-12-07,Entregue,Marketplace,12499.4,17.73
1487,683,2025-05-07,Entregue,Website,15317.0,25.87
1488,559,2024-10-10,Entregue,Website,10143.52,35.41
1489,43,2024-11-16,Entregue,Marketplace,7876.05,24.64
1490,170,2024-10-06,Entregue,Marketplace,7182.15,23.36
1491,728,2026-06-09,Entregue,Marketplace,5301.63,6.75
1492,798,2026-06-19,Entregue,Website,3156.54,18.12
1493,188,2025-07-07,Entregue,Marketplace,908.28,0.43
1494,815,2025-09-01,Entregue,Marketplace,5667.14,8.4
1495,174,2025-10-02,Entregue,Website,12504.8,12.28
1496,41,2026-04-17,Entregue,Website,259.24,20.5
1497,54,2024-09-14,Entregue,Marketplace,3831.49,21.52
1498,630,2024-08-15,Entregue,Website,376.37,2.5
1499,206,2026-01-02,Entregue,Website,9544.96,6.72
1500,39,2024-09-22,Entregue,Marketplace,16718.52,20.0
1501,234,2026-01-11,Entregue,Marketplace,6745.04,8.67
1502,908,2025-08-26,Entregue,Website,10496.1,39.33
1503,633,2025-11-09,Entregue,Marketplace,1969.24,14.16
1504,102,2026-07-02,Entregue,Marketplace,6115.29,17.45
1505,974,2025-12-17,Entregue,Marketplace,3267.4,44.71
1506,258,2025-12-25,Entregue,Marketplace,359.22,9.0
1507,485,2025-05-16,Entregue,Marketplace,4196.84,42.92
1508,89,2026-06-09,Entregue,Marketplace,10660.4,30.99
1509,816,2026-06-06,Entregue,Website,8300.05,25.05
1510,582,2025-07-06,Entregue,Website,7335.56,14.04
1511,346,2026-03-18,Entregue,Marketplace,12614.18,24.09
1512,596,2024-11-11,Entregue,Website,381.96,23.85
1513,313,2026-02-28,Entregue,Marketplace,13301.39,42.32
1514,85,2025-07-04,Entregue,Marketplace,1818.23,42.16
1515,829,2025-02-02,Entregue,Website,12939.97,18.39
1516,713,2025-10-22,Entregue,Website,10485.61,28.84
1517,42,2025-04-21,Entregue,Marketplace,7542.22,32.49
1518,252,2025-11-08,Entregue,Website,6151.56,1.35
1519,487,2025-07-15,Entregue,Marketplace,7869.43,38.81
1520,833,2026-02-20,Entregue,Website,11742.47,34.82
1521,575,2025-07-24,Entregue,Marketplace,1853.95,38.25
1522,454,2026-03-08,Entregue,Website,4898.37,20.36
1523,986,2024-12-02,Entregue,Website,12896.45,23.73
1524,945,2025-09-12,Entregue,Website,2598.65,26.69
1525,704,2026-04-22,Entregue,Website,133.56,48.62
1526,656,2025-06-30,Entregue,Website,8159.3,5.65
1527,3,2026-05-22,Entregue,Marketplace,8493.72,12.92
1528,115,2025-04-24,Entregue,Marketplace,4161.95,23.57
1529,657,2025-05-24,Entregue,Marketplace,2350.85,33.17
1530,885,2025-07-12,Entregue,Website,17668.89,5.15
1531,423,2025-04-29,Entregue,Marketplace,886.85,2.13
1532,553,2026-03-03,Entregue,Website,537.33,25.88
1533,542,2026-07-27,Enviado,Marketplace,5858.24,27.51
1534,594,2024-12-13,Entregue,Marketplace,828.45,47.57
1535,702,2026-05-28,Entregue,Website,9611.09,35.96
1536,432,2024-10-20,Entregue,Website,8208.19,33.63
1537,897,2025-06-17,Entregue,Marketplace,1642.94,45.0
1538,303,2025-06-22,Entregue,Website,4201.01,14.91
1539,273,2026-02-19,Entregue,Marketplace,147.66,20.25
1540,780,2026-04-10,Entregue,Marketplace,7688.97,0.04
1541,716,2026-07-22,Entregue,Marketplace,1840.76,25.06
1542,798,2026-07-19,Entregue,Website,14562.15,48.54
1543,730,2024-10-25,Entregue,Marketplace,8070.19,20.56
1544,640,2024-08-23,Entregue,Marketplace,8413.41,14.19
1545,581,2026-07-24,Entregue,Website,126.11,6.74
1546,397,2024-11-17,Entregue,Website,20440.83,8.29
1547,931,2024-09-15,Entregue,Website,10441.02,29.4
1548,51,2024-12-01,Entregue,Marketplace,8046.54,44.76
1549,87,2026-04-08,Entregue,Website,13586.35,49.55
1550,980,2025-08-02,Entregue,Marketplace,11863.42,37.06
1551,122,2025-02-24,Entregue,Website,22104.5,10.21
1552,139,2026-06-17,Entregue,Marketplace,7749.39,45.43
1553,966,2025-02-14,Entregue,Website,9818.68,31.12
1554,88,2025-07-14,Entregue,Marketplace,11749.14,32.94
1555,441,2024-09-08,Entregue,Marketplace,7313.73,48.91
1556,124,2026-01-21,Entregue,Website,1907.66,15.9
1557,324,2025-06-02,Entregue,Marketplace,2074.53,4.85
1558,658,2025-12-11,Entregue,Website,5882.46,3.66
1559,637,2025-02-16,Entregue,Website,15653.38,29.54
1560,442,2025-12-30,Entregue,Website,15006.33,22.2
1561,705,2025-04-07,Entregue,Marketplace,4137.33,4.49
1562,198,2024-11-29,Entregue,Marketplace,2457.28,1.85
1563,760,2024-10-01,Entregue,Website,3544.53,36.45
1564,736,2026-05-31,Entregue,Marketplace,2617.44,33.45
1565,602,2025-12-22,Entregue,Website,166.65,44.61
1566,121,2025-02-01,Entregue,Marketplace,13367.04,49.24
1567,392,2026-02-03,Entregue,Marketplace,165.86,38.45
1568,841,2026-01-21,Entregue,Marketplace,7803.82,34.22
1569,290,2026-02-19,Entregue,Marketplace,1847.37,35.46
1570,955,2025-03-13,Entregue,Website,10471.33,30.25
1571,993,2025-04-03,Entregue,Website,5207.38,29.83
1572,95,2024-08-18,Entregue,Marketplace,3371.76,43.28
1573,933,2024-11-15,Entregue,Website,14487.29,40.54
1574,413,2025-01-11,Entregue,Website,16574.34,14.76
1575,286,2025-05-17,Entregue,Marketplace,2747.56,24.01
1576,792,2026-06-26,Entregue,Website,6497.1,45.93
1577,348,2025-08-20,Entregue,Website,10179.39,28.83
1578,758,2025-09-30,Entregue,Marketplace,11785.13,0.82
1579,54,2025-11-15,Entregue,Marketplace,13494.41,11.83
1580,124,2026-03-08,Entregue,Website,20105.44,42.98
1581,612,2026-01-09,Entregue,Marketplace,2649.26,11.56
1582,547,2026-07-02,Entregue,Marketplace,10358.5,2.15
1583,289,2025-02-02,Entregue,Marketplace,11416.37,46.29
1584,736,2026-06-03,Entregue,Marketplace,2948.83,17.39
1585,612,2026-06-20,Entregue,Marketplace,9982.73,7.47
1586,460,2025-09-06,Entregue,Website,11218.43,37.89
1587,696,2025-12-22,Entregue,Website,2984.39,21.16
1588,586,2025-01-07,Entregue,Website,321.1,18.67
1589,453,2025-06-18,Entregue,Marketplace,12006.52,2.83
1590,127,2026-03-28,Entregue,Website,5360.84,37.92
1591,573,2025-06-11,Entregue,Marketplace,2281.38,19.8
1592,791,2026-01-02,Entregue,Website,11733.54,48.53
1593,223,2024-11-12,Entregue,Website,5384.49,42.52
1594,41,2024-09-30,Entregue,Website,1882.41,43.43
1595,881,2025-07-15,Entregue,Website,5368.3,12.91
1596,258,2025-04-07,Entregue,Website,7660.9,3.26
1597,495,2024-08-19,Entregue,Marketplace,1586.11,40.99
1598,130,2026-05-26,Entregue,Marketplace,9464.48,2.88
1599,159,2025-12-10,Entregue,Website,18455.13,38.67
1600,35,2024-12-02,Entregue,Marketplace,6121.21,20.09
1601,321,2025-04-15,Entregue,Website,23055.93,31.2
1602,55,2025-01-22,Entregue,Website,7526.52,44.89
1603,949,2026-06-21,Entregue,Website,20687.3,42.09
1604,815,2025-09-28,Entregue,Marketplace,487.75,47.29
1605,323,2025-11-03,Entregue,Marketplace,5362.33,32.28
1606,696,2026-07-03,Entregue,Marketplace,9091.29,37.43
1607,894,2026-05-13,Entregue,Marketplace,13308.93,14.83
1608,736,2025-01-18,Entregue,Website,2350.71,33.03
1609,956,2025-03-28,Entregue,Marketplace,8512.64,11.4
1610,448,2024-09-03,Entregue,Website,1181.4,6.87
1611,473,2025-03-22,Entregue,Marketplace,22574.71,3.21
1612,394,2025-10-14,Entregue,Website,2549.69,49.37
1613,614,2026-07-21,Entregue,Marketplace,7164.17,1.23
1614,877,2024-09-28,Entregue,Marketplace,20283.58,7.71
1615,974,2024-08-23,Entregue,Marketplace,14474.83,16.53
1616,877,2025-08-05,Entregue,Website,943.87,14.56
1617,362,2025-01-22,Entregue,Marketplace,3570.24,16.25
1618,484,2025-03-16,Entregue,Marketplace,2698.97,0.25
1619,857,2025-12-01,Entregue,Marketplace,2191.68,41.03
1620,199,2024-12-31,Entregue,Website,5646.82,44.09
1621,554,2025-03-19,Entregue,Website,12305.54,1.52
1622,569,2024-10-09,Entregue,Marketplace,2575.23,5.48
1623,387,2026-06-15,Entregue,Marketplace,15780.63,14.96
1624,878,2026-06-30,Entregue,Website,2828.0,40.07
1625,782,2025-10-12,Entregue,Website,7925.52,16.61
1626,293,2026-05-10,Entregue,Marketplace,13792.32,23.01
1627,806,2024-11-06,Entregue,Marketplace,5011.47,34.82
1628,370,2025-05-17,Entregue,Marketplace,4091.84,35.82
1629,413,2025-02-03,Entregue,Website,5632.23,42.17
1630,818,2025-10-07,Entregue,Website,16695.66,23.44
1631,226,2024-12-08,Entregue,Marketplace,18551.53,5.95
1632,654,2026-05-30,Entregue,Marketplace,9339.88,2.78
1633,702,2025-12-26,Entregue,Website,1938.24,42.15
1634,617,2026-06-15,Entregue,Website,7694.59,27.89
1635,454,2026-05-26,Entregue,Marketplace,4194.71,10.27
1636,409,2026-02-22,Entregue,Website,24999.89,7.55
1637,868,2025-12-18,Entregue,Website,4050.34,25.54
1638,871,2025-05-24,Entregue,Website,1353.66,43.65
1639,151,2025-08-28,Entregue,Website,5945.57,19.38
1640,802,2025-12-06,Entregue,Website,4226.13,49.83
1641,758,2024-09-10,Entregue,Website,9406.9,38.3
1642,787,2025-11-18,Entregue,Marketplace,951.31,22.0
1643,538,2024-10-29,Entregue,Marketplace,1860.62,30.89
1644,522,2025-12-02,Entregue,Website,66.25,5.23
1645,495,2025-08-25,Entregue,Website,4217.01,32.57
1646,813,2025-04-22,Entregue,Marketplace,2650.51,42.54
1647,796,2026-06-16,Entregue,Website,22215.78,37.18
1648,301,2025-09-26,Entregue,Website,1080.47,45.75
1649,492,2025-08-11,Entregue,Website,10179.52,37.92
1650,985,2024-11-01,Entregue,Website,12338.65,35.53
1651,658,2026-01-28,Entregue,Website,5426.18,49.8
1652,564,2026-06-24,Entregue,Marketplace,3777.76,31.34
1653,727,2025-11-27,Entregue,Marketplace,2807.37,19.44
1654,366,2025-12-21,Entregue,Marketplace,4357.91,32.52
1655,566,2026-01-15,Entregue,Website,8455.6,32.28
1656,262,2025-02-18,Entregue,Website,11301.16,34.7
1657,435,2026-05-11,Entregue,Marketplace,4186.84,48.46
1658,120,2025-11-08,Entregue,Website,6991.78,20.78
1659,831,2024-09-16,Entregue,Website,9269.66,6.72
1660,214,2025-07-24,Entregue,Marketplace,10232.32,48.6
1661,879,2026-08-06,Enviado,Website,6865.48,22.9
1662,69,2026-05-15,Entregue,Marketplace,8181.13,36.75
1663,27,2026-03-04,Entregue,Website,17888.19,46.36
1664,145,2024-12-16,Entregue,Website,10397.71,26.67
1665,203,2025-02-16,Entregue,Website,375.99,17.88
1666,469,2025-08-06,Entregue,Marketplace,13329.78,29.48
1667,446,2026-05-06,Entregue,Marketplace,6976.36,4.74
1668,492,2026-04-21,Entregue,Website,6840.85,4.29
1669,493,2024-12-07,Entregue,Marketplace,6979.72,8.54
1670,80,2025-10-17,Entregue,Marketplace,8292.33,4.87
1671,842,2024-11-13,Entregue,Website,1220.49,12.22
1672,13,2025-05-10,Entregue,Marketplace,7507.68,1.66
1673,663,2025-11-21,Entregue,Marketplace,1451.92,45.5
1674,99,2025-05-29,Entregue,Marketplace,1000.39,39.41
1675,106,2025-07-24,Entregue,Marketplace,21749.61,3.77
1676,132,2026-02-08,Entregue,Website,11713.11,42.64
1677,98,2026-01-16,Entregue,Website,1811.96,42.52
1678,215,2026-03-30,Entregue,Website,2280.43,28.79
1679,163,2026-04-13,Entregue,Website,3247.41,36.65
1680,439,2026-02-02,Entregue,Website,9270.13,8.66
1681,587,2026-08-05,Entregue,Marketplace,10233.17,8.87
1682,68,2024-08-14,Entregue,Marketplace,5116.25,24.4
1683,415,2025-08-23,Entregue,Marketplace,7124.47,7.96
1684,785,2024-12-11,Entregue,Marketplace,2369.62,37.4
1685,607,2024-09-17,Entregue,Website,15813.88,14.89
1686,763,2026-04-14,Entregue,Website,1999.95,16.2
1687,685,2026-01-04,Entregue,Website,1462.12,20.65
1688,304,2025-04-15,Entregue,Marketplace,5022.52,29.51
1689,86,2024-09-02,Entregue,Website,8921.01,19.68
1690,434,2025-03-10,Entregue,Marketplace,8447.17,47.95
1691,588,2024-08-22,Entregue,Website,299.53,5.89
1692,607,2026-07-18,Entregue,Marketplace,10283.7,19.84
1693,836,2026-03-24,Entregue,Website,17973.26,29.89
1694,720,2025-09-23,Entregue,Marketplace,14579.11,35.93
1695,585,2025-04-01,Entregue,Website,7950.28,5.68
1696,940,2025-10-27,Entregue,Marketplace,2940.32,41.66
1697,708,2026-06-13,Entregue,Marketplace,2391.47,4.43
1698,222,2024-09-16,Entregue,Website,23033.15,3.7
1699,791,2026-01-13,Entregue,Website,14290.32,2.38
1700,558,2025-08-20,Entregue,Website,3930.58,37.4
1701,125,2024-12-07,Entregue,Website,8554.73,12.89
1702,688,2024-11-27,Entregue,Website,10831.52,24.28
1703,101,2025-05-26,Entregue,Marketplace,8445.53,46.31
1704,686,2025-05-13,Entregue,Website,17333.54,8.08
1705,447,2025-03-28,Entregue,Marketplace,6238.11,42.46
1706,309,2026-05-31,Entregue,Website,6310.57,32.88
1707,680,2026-06-24,Entregue,Marketplace,5194.25,48.29
1708,331,2024-11-12,Entregue,Website,14492.79,37.88
1709,612,2025-04-12,Entregue,Marketplace,7523.47,26.03
1710,644,2025-06-05,Entregue,Marketplace,3505.91,21.63
1711,742,2026-05-03,Entregue,Website,13064.22,22.78
1712,114,2026-01-17,Entregue,Website,4645.49,0.25
1713,833,2025-01-31,Entregue,Marketplace,26723.56,20.46
1714,159,2025-02-14,Entregue,Marketplace,12362.44,0.66
1715,744,2024-11-09,Entregue,Marketplace,770.36,22.62
1716,105,2025-11-16,Entregue,Website,8411.0,46.8
1717,544,2026-05-24,Entregue,Website,1786.34,46.18
1718,681,2024-12-10,Entregue,Marketplace,10867.88,47.83
1719,249,2026-01-31,Entregue,Marketplace,22986.53,3.86
1720,905,2026-06-05,Entregue,Website,14166.89,27.53
1721,395,2025-01-13,Entregue,Website,9731.38,37.8
1722,413,2025-08-27,Entregue,Website,6417.49,15.95
1723,285,2025-06-14,Entregue,Website,1572.09,28.8
1724,581,2025-12-13,Entregue,Website,10196.59,34.47
1725,240,2025-09-15,Entregue,Marketplace,13671.51,37.81
1726,574,2026-07-20,Enviado,Marketplace,26088.6,29.39
1727,309,2025-12-09,Entregue,Marketplace,12098.74,38.69
1728,281,2026-05-28,Entregue,Website,1931.63,22.72
1729,408,2025-10-06,Entregue,Website,6410.83,16.38
1730,378,2026-07-24,Entregue,Website,13686.89,11.96
1731,368,2026-07-30,Enviado,Website,9969.0,42.42
1732,189,2025-11-08,Entregue,Website,2091.81,22.13
1733,615,2025-08-11,Entregue,Website,102.48,41.46
1734,555,2025-05-14,Entregue,Website,3806.57,45.26
1735,130,2025-10-27,Entregue,Marketplace,6031.1,37.58
1736,842,2025-05-18,Entregue,Marketplace,4357.64,0.38
1737,250,2026-05-16,Entregue,Website,5706.65,18.68
1738,350,2026-07-15,Entregue,Website,5095.44,18.84
1739,66,2026-08-01,Entregue,Marketplace,9104.31,48.49
1740,986,2025-07-17,Entregue,Marketplace,4457.05,32.54
1741,776,2026-03-03,Entregue,Marketplace,21192.94,9.79
1742,718,2025-09-15,Entregue,Marketplace,1267.31,23.84
1743,62,2024-12-22,Entregue,Website,3458.3,6.6
1744,561,2024-10-02,Entregue,Marketplace,3643.41,1.2
1745,530,2024-08-12,Entregue,Marketplace,2344.42,32.36
1746,251,2025-05-13,Entregue,Marketplace,5133.8,41.51
1747,266,2026-07-28,Entregue,Marketplace,15033.86,29.97
1748,918,2024-10-27,Entregue,Website,15360.99,45.97
1749,835,2025-07-07,Entregue,Marketplace,2370.45,40.19
1750,378,2026-05-09,Entregue,Website,7180.02,40.27
1751,396,2025-03-29,Entregue,Marketplace,6209.36,48.87
1752,377,2025-08-12,Entregue,Website,21533.74,1.08
1753,56,2025-07-24,Entregue,Marketplace,8157.99,38.3
1754,276,2026-02-08,Entregue,Website,15211.22,3.65
1755,996,2025-08-27,Entregue,Marketplace,12437.85,36.15
1756,96,2025-06-15,Entregue,Marketplace,1053.46,22.64
1757,949,2026-05-10,Entregue,Marketplace,9242.36,15.83
1758,905,2026-06-24,Entregue,Website,1016.53,1.35
1759,275,2026-06-27,Entregue,Website,4310.71,19.38
1760,708,2025-05-07,Entregue,Marketplace,1587.15,24.94
1761,694,2025-04-30,Entregue,Marketplace,17517.6,30.33
1762,117,2026-07-09,Entregue,Website,29489.37,7.28
1763,222,2026-03-28,Entregue,Website,5928.92,14.29
1764,357,2024-09-17,Entregue,Marketplace,8934.27,19.25
1765,655,2025-04-15,Entregue,Website,5487.54,5.16
1766,934,2026-02-21,Entregue,Website,11818.67,20.24
1767,594,2025-03-27,Entregue,Website,4642.62,33.2
1768,29,2025-05-27,Entregue,Marketplace,7904.66,48.48
1769,246,2026-03-13,Entregue,Website,11361.16,28.93
1770,497,2025-04-19,Entregue,Website,14641.43,0.22
1771,474,2026-04-10,Entregue,Website,7601.28,23.95
1772,308,2024-10-12,Entregue,Marketplace,7884.35,5.32
1773,578,2025-01-31,Entregue,Marketplace,517.7,6.25
1774,733,2025-11-25,Entregue,Website,10538.52,47.51
1775,9,2024-11-01,Entregue,Marketplace,7083.71,45.37
1776,298,2025-04-12,Entregue,Marketplace,2798.76,10.83
1777,870,2024-08-19,Entregue,Marketplace,1123.5,49.27
1778,597,2025-04-11,Entregue,Marketplace,5453.97,5.42
1779,698,2024-09-09,Entregue,Marketplace,1814.67,26.2
1780,860,2025-06-17,Entregue,Marketplace,7477.54,47.25
1781,490,2026-04-23,Entregue,Website,1566.19,21.07
1782,601,2025-07-29,Entregue,Website,12791.29,4.13
1783,138,2025-08-16,Entregue,Marketplace,4314.31,17.43
1784,413,2025-08-09,Entregue,Marketplace,7026.29,28.51
1785,832,2026-01-05,Entregue,Website,10244.11,1.15
1786,798,2026-01-02,Entregue,Website,16145.29,15.52
1787,765,2024-08-17,Entregue,Marketplace,9424.14,39.5
1788,668,2025-09-23,Entregue,Website,1875.46,36.48
1789,730,2025-04-17,Entregue,Website,3320.66,40.59
1790,604,2025-04-03,Entregue,Website,8374.71,26.32
1791,966,2025-11-06,Entregue,Website,405.12,31.25
1792,724,2026-04-14,Entregue,Website,6589.98,31.67
1793,69,2026-06-24,Entregue,Marketplace,12259.72,42.65
1794,510,2025-06-15,Entregue,Website,19890.48,30.23
1795,776,2026-06-15,Entregue,Website,16398.15,20.28
1796,242,2026-03-30,Entregue,Marketplace,8324.01,27.24
1797,446,2026-07-09,Entregue,Marketplace,22709.79,25.74
1798,598,2024-11-16,Entregue,Website,27930.92,40.42
1799,935,2026-02-28,Entregue,Marketplace,15634.06,47.98
1800,884,2025-01-19,Entregue,Marketplace,6219.91,43.37
1801,793,2025-08-07,Entregue,Website,8165.2,0.22
1802,604,2026-04-14,Entregue,Website,8369.78,0.9
1803,66,2025-11-07,Entregue,Marketplace,1695.77,41.78
1804,24,2024-12-20,Entregue,Marketplace,12142.98,33.08
1805,21,2026-01-07,Entregue,Website,4642.77,40.62
1806,245,2024-09-19,Entregue,Marketplace,11478.84,47.26
1807,377,2024-10-26,Entregue,Marketplace,10499.56,33.91
1808,742,2026-04-04,Entregue,Website,5194.0,14.03
1809,950,2025-10-30,Entregue,Marketplace,5180.78,32.75
1810,538,2026-03-26,Entregue,Marketplace,6894.89,0.23
1811,742,2026-07-30,Entregue,Marketplace,10250.96,39.99
1812,177,2024-12-26,Entregue,Website,17512.03,28.36
1813,30,2025-10-31,Entregue,Website,11115.68,21.09
1814,576,2026-05-28,Entregue,Website,16942.71,15.58
1815,230,2026-06-29,Entregue,Marketplace,12114.18,31.02
1816,190,2026-05-21,Entregue,Marketplace,3707.86,40.86
1817,373,2025-11-18,Entregue,Marketplace,2163.43,11.17
1818,442,2025-09-02,Entregue,Website,678.98,39.91
1819,924,2025-07-08,Entregue,Marketplace,6119.47,17.2
1820,426,2025-09-14,Entregue,Marketplace,21399.82,9.99
1821,905,2025-05-11,Entregue,Website,6723.89,8.69
1822,240,2025-08-26,Entregue,Website,6423.36,30.18
1823,605,2026-01-16,Entregue,Website,1819.74,45.88
1824,976,2025-12-21,Entregue,Website,4922.38,14.02
1825,666,2026-04-22,Entregue,Website,1294.18,2.86
1826,136,2024-09-20,Entregue,Marketplace,3866.72,18.09
1827,265,2026-03-18,Entregue,Website,4514.89,44.77
1828,122,2024-12-02,Entregue,Website,17059.12,16.03
1829,863,2025-02-03,Entregue,Marketplace,26483.03,7.06
1830,797,2025-09-11,Entregue,Marketplace,935.01,5.7
1831,699,2024-09-18,Entregue,Marketplace,5848.44,24.37
1832,250,2025-09-04,Entregue,Marketplace,2681.91,27.75
1833,654,2024-10-30,Entregue,Marketplace,5823.7,44.02
1834,49,2025-05-29,Entregue,Marketplace,2069.05,0.43
1835,641,2025-02-27,Entregue,Website,1122.41,26.82
1836,563,2026-06-10,Entregue,Website,5933.57,22.32
1837,385,2025-11-04,Entregue,Website,20301.91,5.03
1838,178,2026-04-02,Entregue,Website,5640.62,38.55
1839,862,2026-07-27,Enviado,Website,1449.8,26.87
1840,615,2024-10-10,Entregue,Website,9868.5,23.29
1841,575,2024-08-28,Entregue,Marketplace,2767.12,43.57
1842,185,2024-09-27,Entregue,Website,11493.52,22.94
1843,465,2025-01-15,Entregue,Marketplace,8980.77,24.93
1844,769,2024-11-15,Entregue,Website,1811.48,42.32
1845,452,2025-04-15,Entregue,Website,6189.11,47.0
1846,48,2026-04-02,Entregue,Website,2942.21,36.47
1847,181,2024-09-07,Entregue,Marketplace,8564.12,21.21
1848,701,2025-12-20,Entregue,Marketplace,762.57,8.71
1849,233,2025-10-11,Entregue,Website,9410.37,30.05
1850,565,2025-01-25,Entregue,Website,6949.83,0.15
1851,864,2026-07-20,Enviado,Marketplace,16033.85,28.83
1852,393,2026-01-29,Entregue,Marketplace,12457.1,29.92
1853,132,2025-11-15,Entregue,Website,441.79,14.04
1854,458,2025-06-06,Entregue,Marketplace,6003.69,32.6
1855,953,2024-11-10,Entregue,Website,3457.02,5.32
1856,420,2025-04-03,Entregue,Marketplace,6832.57,49.39
1857,821,2025-02-03,Entregue,Marketplace,4342.03,20.32
1858,979,2024-10-26,Entregue,Marketplace,15464.96,41.64
1859,707,2025-08-27,Entregue,Website,5025.52,19.6
1860,437,2025-07-11,Entregue,Marketplace,4912.48,17.4
1861,822,2024-11-22,Entregue,Website,10669.1,3.84
1862,350,2025-07-16,Entregue,Marketplace,16050.21,45.19
1863,648,2026-06-13,Entregue,Website,12125.95,7.27
1864,864,2025-08-14,Entregue,Marketplace,7565.96,41.6
1865,741,2025-03-08,Entregue,Marketplace,3524.0,15.92
1866,54,2024-09-13,Entregue,Website,16189.33,0.43
1867,139,2026-07-11,Entregue,Marketplace,4136.34,45.73
1868,796,2026-01-15,Entregue,Website,1045.29,16.43
1869,69,2025-01-20,Entregue,Website,8091.31,10.79
1870,667,2025-04-19,Entregue,Website,5045.73,32.32
1871,15,2026-03-12,Entregue,Website,166.62,44.58
1872,304,2024-12-15,Entregue,Marketplace,2324.91,7.77
1873,828,2025-03-11,Entregue,Marketplace,9541.21,0.37
1874,590,2024-08-15,Entregue,Marketplace,6150.23,5.15
1875,639,2026-03-01,Entregue,Website,5250.0,25.43
1876,393,2024-11-29,Entregue,Marketplace,8717.83,30.83
1877,729,2024-10-07,Entregue,Marketplace,4442.88,21.64
1878,802,2024-12-15,Entregue,Website,643.03,30.44
1879,880,2026-06-30,Entregue,Website,10752.66,14.7
1880,244,2025-08-26,Entregue,Marketplace,12778.55,10.43
1881,828,2024-10-14,Entregue,Marketplace,566.0,40.6
1882,968,2026-05-24,Entregue,Website,3521.81,27.72
1883,573,2026-06-15,Entregue,Marketplace,9542.8,30.44
1884,822,2025-01-20,Entregue,Website,18898.66,0.23
1885,604,2024-10-12,Entregue,Marketplace,13029.63,22.85
1886,267,2025-02-19,Entregue,Marketplace,10753.6,5.13
1887,703,2024-08-16,Entregue,Website,6108.0,19.22
1888,590,2025-02-05,Entregue,Marketplace,10146.93,0.93
1889,319,2026-04-07,Entregue,Website,8812.4,6.79
1890,128,2025-08-06,Entregue,Marketplace,12205.84,47.95
1891,723,2025-05-27,Entregue,Marketplace,4220.79,21.39
1892,779,2025-11-09,Entregue,Website,3747.22,25.87
1893,23,2026-03-12,Entregue,Website,7959.18,42.51
1894,2,2024-10-21,Entregue,Marketplace,15251.29,32.14
1895,260,2025-04-15,Entregue,Marketplace,1353.09,34.0
1896,736,2025-07-10,Entregue,Website,10922.35,11.63
1897,309,2024-12-01,Entregue,Marketplace,7442.4,43.32
1898,932,2025-12-19,Entregue,Marketplace,4424.4,40.69
1899,142,2026-05-03,Entregue,Marketplace,4379.22,42.42
1900,492,2026-05-16,Entregue,Marketplace,206.42,23.36
1901,205,2025-04-24,Entregue,Marketplace,8437.99,4.41
1902,285,2026-05-18,Entregue,Website,5148.21,39.82
1903,982,2026-01-08,Entregue,Marketplace,7168.0,32.73
1904,938,2024-09-02,Entregue,Website,222.17,43.09
1905,755,2026-07-21,Enviado,Website,2365.87,3.0
1906,606,2025-08-14,Entregue,Marketplace,7756.97,41.68
1907,515,2025-06-10,Entregue,Website,6003.43,37.44
1908,499,2025-07-06,Entregue,Website,12747.13,14.03
1909,601,2026-05-24,Entregue,Marketplace,12511.86,0.84
1910,639,2024-09-01,Entregue,Marketplace,1321.63,8.74
1911,545,2025-08-29,Entregue,Marketplace,3755.56,18.8
1912,759,2024-09-03,Entregue,Marketplace,17950.04,8.38
1913,232,2024-08-22,Entregue,Marketplace,9019.35,32.26
1914,993,2025-03-28,Entregue,Website,3874.72,45.93
1915,527,2024-10-05,Entregue,Marketplace,13485.98,9.78
1916,336,2025-01-28,Entregue,Marketplace,13820.57,43.84
1917,183,2025-08-03,Entregue,Website,774.64,26.9
1918,978,2024-09-01,Entregue,Website,3307.46,27.39
1919,67,2025-08-19,Entregue,Marketplace,4601.03,43.31
1920,161,2025-05-26,Entregue,Website,4884.85,34.46
1921,198,2026-01-07,Entregue,Marketplace,444.99,4.53
1922,202,2026-06-21,Entregue,Website,7157.29,4.19
1923,91,2026-07-23,Enviado,Website,8006.63,30.83
1924,311,2026-08-08,Processando,Website,8398.76,29.88
1925,879,2025-07-10,Entregue,Marketplace,1045.92,17.06
1926,958,2025-09-17,Entregue,Website,4139.53,1.15
1927,631,2025-04-05,Entregue,Website,17471.48,0.86
1928,856,2025-11-02,Entregue,Marketplace,555.32,47.73
1929,509,2026-05-12,Entregue,Website,2825.22,37.29
1930,678,2026-05-25,Entregue,Marketplace,4045.15,24.61
1931,677,2025-08-12,Entregue,Marketplace,8391.23,45.64
1932,303,2026-03-23,Entregue,Marketplace,2326.99,9.31
1933,906,2025-10-03,Entregue,Website,1023.4,35.32
1934,30,2025-06-14,Entregue,Website,7249.48,39.56
1935,270,2026-01-09,Entregue,Marketplace,16768.18,47.73
1936,37,2024-11-30,Entregue,Website,15721.63,45.03
1937,902,2026-03-03,Entregue,Marketplace,6840.09,17.38
1938,10,2024-10-31,Entregue,Marketplace,23363.66,24.1
1939,297,2026-01-05,Entregue,Marketplace,242.41,3.67
1940,749,2025-11-02,Entregue,Website,3887.16,47.85
1941,96,2025-03-16,Entregue,Marketplace,2341.39,23.71
1942,674,2026-04-26,Entregue,Marketplace,6440.55,24.67
1943,163,2026-01-18,Entregue,Website,5213.4,35.85
1944,252,2026-04-17,Entregue,Marketplace,9928.37,10.48
1945,286,2025-07-11,Entregue,Marketplace,4659.1,40.09
1946,487,2026-06-16,Entregue,Marketplace,2828.4,7.33
1947,701,2026-01-06,Entregue,Marketplace,4868.95,29.99
1948,90,2025-07-02,Entregue,Website,4345.23,35.29
1949,505,2026-03-26,Entregue,Marketplace,877.51,12.86
1950,798,2025-03-05,Entregue,Marketplace,976.51,15.53
1951,438,2026-04-23,Entregue,Website,9886.98,46.77
1952,360,2024-08-12,Entregue,Website,483.54,3.05
1953,88,2026-08-08,Entregue,Marketplace,1982.42,28.78
1954,221,2026-03-14,Entregue,Marketplace,13887.89,38.61
1955,813,2025-01-18,Entregue,Website,7006.62,9.83
1956,765,2025-10-08,Entregue,Marketplace,3927.15,5.22
1957,42,2026-07-01,Entregue,Marketplace,7752.85,24.23
1958,307,2024-09-04,Entregue,Website,3808.46,5.35
1959,158,2026-03-20,Entregue,Marketplace,9481.78,36.89
1960,223,2024-10-16,Entregue,Website,15603.4,43.04
1961,274,2025-06-12,Entregue,Marketplace,3815.71,37.42
1962,853,2025-10-11,Entregue,Website,12369.24,41.56
1963,705,2025-12-11,Entregue,Marketplace,6762.81,14.95
1964,779,2025-09-26,Entregue,Website,7000.24,25.87
1965,493,2025-04-04,Entregue,Website,2089.95,18.08
1966,345,2026-04-14,Entregue,Marketplace,23050.13,40.04
1967,56,2024-10-24,Entregue,Marketplace,5319.84,20.25
1968,128,2025-01-27,Entregue,Website,3484.9,33.2
1969,474,2025-11-14,Entregue,Marketplace,1721.98,42.94
1970,375,2025-04-07,Entregue,Marketplace,12308.54,48.1
1971,98,2025-05-10,Entregue,Marketplace,4930.95,26.7
1972,19,2024-11-09,Entregue,Marketplace,9842.76,24.3
1973,421,2024-08-19,Entregue,Website,8425.59,11.92
1974,456,2026-07-28,Enviado,Marketplace,5098.61,36.48
1975,291,2024-12-04,Entregue,Marketplace,10132.27,35.69
1976,41,2024-08-25,Entregue,Website,2780.84,21.92
1977,662,2024-08-21,Entregue,Marketplace,7769.6,28.73
1978,800,2024-09-05,Entregue,Website,7460.17,33.23
1979,501,2025-07-04,Entregue,Website,2723.14,22.72
1980,354,2024-10-01,Entregue,Website,18156.0,37.66
1981,730,2026-03-03,Entregue,Marketplace,547.41,22.08
1982,201,2024-10-09,Entregue,Website,16172.62,33.21
1983,919,2026-05-20,Entregue,Marketplace,17295.73,40.49
1984,822,2024-10-31,Entregue,Website,4805.3,3.78
1985,560,2024-08-31,Entregue,Website,9205.91,42.15
1986,947,2024-10-27,Entregue,Website,2729.02,5.47
1987,927,2025-10-07,Entregue,Marketplace,10837.48,4.27
1988,222,2025-10-18,Entregue,Marketplace,14567.04,41.88
1989,535,2025-01-14,Entregue,Website,6680.4,9.92
1990,900,2025-01-20,Entregue,Marketplace,19379.99,46.01
1991,3,2024-12-09,Entregue,Marketplace,18315.15,21.05
1992,514,2025-03-23,Entregue,Marketplace,10284.15,40.7
1993,411,2026-04-07,Entregue,Marketplace,22460.02,30.74
1994,257,2026-02-23,Entregue,Website,11507.92,48.26
1995,885,2026-05-15,Entregue,Marketplace,1919.69,27.93
1996,146,2026-07-28,Entregue,Marketplace,8398.06,47.72
1997,144,2024-09-14,Entregue,Website,12176.73,5.65
1998,637,2025-03-02,Entregue,Website,4852.66,0.21
1999,791,2026-01-04,Entregue,Marketplace,3385.93,6.11
2000,194,2026-03-15,Entregue,Website,12653.18,28.57
2001,84,2025-08-31,Entregue,Marketplace,8750.63,34.96
2002,311,2026-05-07,Entregue,Website,18696.64,6.48
2003,459,2025-06-07,Entregue,Marketplace,1050.83,27.93
2004,887,2026-03-11,Entregue,Marketplace,2801.81,42.89
2005,333,2026-06-30,Entregue,Marketplace,5891.42,33.82
2006,431,2025-07-31,Entregue,Marketplace,14721.82,16.67
2007,223,2024-12-05,Entregue,Website,10802.69,27.07
2008,369,2025-04-30,Entregue,Marketplace,23661.18,40.14
2009,350,2025-03-21,Entregue,Marketplace,14655.28,7.49
2010,390,2026-07-16,Entregue,Marketplace,7782.43,0.57
2011,912,2025-08-30,Entregue,Marketplace,10375.79,21.95
2012,901,2025-04-07,Entregue,Marketplace,6563.63,3.49
2013,367,2026-07-22,Enviado,Website,13836.17,27.69
2014,632,2025-11-08,Entregue,Website,9236.75,12.61
2015,551,2025-08-29,Entregue,Marketplace,3405.66,16.16
2016,855,2025-01-29,Entregue,Website,2587.96,1.65
2017,819,2024-12-23,Entregue,Website,11291.65,12.8
2018,310,2025-04-17,Entregue,Website,4287.05,18.26
2019,975,2025-03-18,Entregue,Marketplace,6348.35,27.53
2020,637,2025-08-21,Entregue,Marketplace,14360.66,28.01
2021,825,2026-01-30,Entregue,Marketplace,9159.99,28.37
2022,332,2026-02-04,Entregue,Website,2028.97,35.08
2023,698,2025-02-18,Entregue,Website,10021.97,36.53
2024,370,2024-11-23,Entregue,Marketplace,4487.2,18.33
2025,276,2024-09-06,Entregue,Marketplace,16184.02,20.75
2026,739,2025-09-14,Entregue,Marketplace,13477.58,2.77
2027,660,2026-02-27,Entregue,Website,260.05,21.31
2028,609,2025-08-14,Entregue,Website,5933.71,11.46
2029,624,2025-11-13,Entregue,Marketplace,7793.18,33.47
2030,123,2026-03-23,Entregue,Website,11736.53,27.49
2031,203,2025-09-16,Entregue,Marketplace,10385.14,29.27
2032,997,2026-01-22,Entregue,Website,7912.81,45.2
2033,395,2026-01-04,Entregue,Website,1540.06,17.29
2034,72,2026-04-19,Entregue,Website,7828.53,15.02
2035,169,2026-03-09,Entregue,Marketplace,1563.22,18.1
2036,872,2026-03-11,Entregue,Marketplace,21809.53,11.14
2037,294,2024-10-19,Entregue,Website,5047.21,30.07
2038,129,2026-07-30,Entregue,Marketplace,777.43,29.69
2039,237,2025-05-10,Entregue,Website,555.1,29.77
2040,935,2025-01-27,Entregue,Website,587.86,33.94
2041,189,2025-08-03,Entregue,Website,258.54,19.8
2042,337,2024-10-13,Entregue,Marketplace,9406.43,28.58
2043,941,2025-02-24,Entregue,Website,5162.12,10.87
2044,632,2025-02-15,Entregue,Marketplace,11616.66,34.22
2045,242,2025-06-22,Entregue,Marketplace,962.1,16.22
2046,17,2025-05-20,Entregue,Website,2183.62,35.16
2047,417,2025-07-30,Entregue,Website,15298.47,43.23
2048,961,2025-06-10,Entregue,Website,5060.52,35.72
2049,454,2024-12-04,Entregue,Marketplace,2428.24,40.57
2050,218,2025-09-02,Entregue,Website,9025.59,39.56
2051,846,2025-03-22,Entregue,Website,3422.65,44.6
2052,859,2025-10-28,Entregue,Website,1137.77,2.52
2053,488,2025-04-23,Entregue,Marketplace,5052.06,1.08
2054,92,2026-01-25,Entregue,Marketplace,13889.87,47.36
2055,917,2025-11-27,Entregue,Marketplace,6735.22,47.32
2056,256,2026-06-07,Entregue,Marketplace,756.83,45.17
2057,973,2024-10-27,Entregue,Website,8016.53,44.71
2058,866,2025-12-30,Entregue,Website,17615.05,33.57
2059,513,2025-12-24,Entregue,Marketplace,4166.56,33.38
2060,39,2024-11-19,Entregue,Website,15192.99,2.21
2061,571,2026-02-19,Entregue,Website,8163.48,26.9
2062,569,2026-05-17,Entregue,Website,16354.83,20.38
2063,777,2026-06-25,Entregue,Website,4419.78,19.01
2064,161,2025-05-10,Entregue,Website,19799.6,36.2
2065,228,2026-03-13,Entregue,Website,9633.8,38.43
2066,37,2026-01-22,Entregue,Marketplace,7747.12,18.95
2067,213,2025-08-17,Entregue,Marketplace,1397.09,12.45
2068,672,2025-06-18,Entregue,Marketplace,9751.96,10.48
2069,777,2026-03-09,Entregue,Website,4463.35,12.01
2070,111,2024-08-17,Entregue,Marketplace,20562.0,14.16
2071,33,2026-05-02,Entregue,Website,4799.17,33.29
2072,226,2026-02-27,Entregue,Website,17688.25,1.37
2073,580,2025-01-16,Entregue,Marketplace,17961.19,15.7
2074,161,2025-10-19,Entregue,Website,14852.36,16.84
2075,869,2026-07-03,Entregue,Website,2270.8,9.22
2076,45,2024-08-31,Entregue,Marketplace,9579.7,5.11
2077,301,2025-11-22,Entregue,Marketplace,18592.47,24.3
2078,153,2026-03-30,Entregue,Marketplace,3913.67,26.83
2079,33,2026-04-04,Entregue,Website,3449.99,19.01
2080,128,2024-11-01,Entregue,Website,23526.6,40.73
2081,203,2024-09-18,Entregue,Website,5762.17,25.78
2082,944,2024-08-21,Entregue,Website,6502.02,34.87
2083,40,2025-03-15,Entregue,Marketplace,20104.47,20.7
2084,400,2025-03-01,Entregue,Marketplace,9407.52,15.74
2085,810,2026-05-22,Entregue,Website,7708.76,22.75
2086,538,2025-05-07,Entregue,Marketplace,11549.44,0.19
2087,630,2026-07-10,Entregue,Marketplace,10803.15,4.45
2088,570,2025-03-14,Entregue,Website,19871.71,17.38
2089,406,2026-05-19,Entregue,Website,14295.2,19.42
2090,575,2025-04-25,Entregue,Marketplace,4038.38,38.74
2091,456,2026-04-18,Entregue,Marketplace,9102.71,47.48
2092,957,2026-01-20,Entregue,Website,1748.06,22.21
2093,588,2025-03-12,Entregue,Marketplace,443.81,41.61
2094,275,2025-08-13,Entregue,Marketplace,6412.33,14.69
2095,579,2025-12-07,Entregue,Marketplace,4229.46,49.25
2096,745,2026-08-08,Processando,Marketplace,6572.33,12.19
2097,817,2024-12-29,Entregue,Website,11823.99,19.24
2098,782,2025-08-08,Entregue,Marketplace,1769.58,34.72
2099,201,2026-02-09,Entregue,Marketplace,8094.75,42.29
2100,982,2024-12-13,Entregue,Website,6614.15,13.67
2101,375,2026-05-30,Entregue,Marketplace,1450.89,27.96
2102,474,2024-09-04,Entregue,Website,1385.38,5.92
2103,403,2024-10-24,Entregue,Website,1909.99,46.72
2104,105,2025-04-26,Entregue,Marketplace,5307.42,33.13
2105,861,2025-02-21,Entregue,Website,14568.74,36.21
2106,803,2026-07-02,Entregue,Website,6690.32,33.36
2107,426,2025-06-03,Entregue,Website,15224.88,42.3
2108,544,2026-04-08,Entregue,Marketplace,14989.57,33.3
2109,967,2025-01-20,Entregue,Marketplace,1830.15,47.43
2110,130,2024-10-23,Entregue,Website,27932.27,38.61
2111,229,2025-10-20,Entregue,Website,7005.85,7.78
2112,445,2024-10-19,Entregue,Marketplace,13675.68,0.75
2113,234,2025-11-30,Entregue,Website,11141.31,48.88
2114,180,2025-06-03,Entregue,Marketplace,1936.86,44.4
2115,881,2025-02-20,Entregue,Website,4905.35,46.81
2116,765,2025-10-17,Entregue,Marketplace,10374.96,38.34
2117,862,2025-12-22,Entregue,Marketplace,11874.97,15.86
2118,731,2026-07-05,Entregue,Marketplace,2876.32,47.73
2119,405,2025-10-20,Entregue,Website,4169.44,10.82
2120,353,2025-05-08,Entregue,Marketplace,3449.53,23.42
2121,324,2026-08-08,Enviado,Website,1293.29,28.22
2122,401,2024-12-22,Entregue,Marketplace,17271.38,0.59
2123,256,2024-08-25,Entregue,Website,26050.54,37.16
2124,176,2026-05-11,Entregue,Marketplace,6108.58,11.48
2125,260,2025-10-24,Entregue,Website,2829.29,21.84
2126,749,2026-07-10,Entregue,Marketplace,1972.79,17.67
2127,907,2025-04-01,Entregue,Website,184.68,1.62
2128,263,2025-07-24,Entregue,Website,4171.23,6.44
2129,138,2025-09-01,Entregue,Website,12565.35,12.03
2130,237,2024-12-13,Entregue,Website,8929.48,35.27
2131,210,2024-11-07,Entregue,Website,14432.64,49.03
2132,2,2024-11-11,Entregue,Marketplace,6282.14,18.69
2133,298,2025-09-12,Entregue,Marketplace,2345.3,27.62
2134,502,2024-08-14,Entregue,Marketplace,23556.12,14.97
2135,749,2026-05-06,Entregue,Website,2628.34,6.11
2136,566,2024-12-15,Entregue,Website,7148.67,16.22
2137,791,2024-09-23,Entregue,Website,8229.45,4.35
2138,552,2025-06-19,Entregue,Website,7936.48,20.09
2139,21,2026-06-11,Entregue,Marketplace,8584.32,45.42
2140,870,2025-05-03,Entregue,Marketplace,3984.96,41.34
2141,787,2025-05-08,Entregue,Marketplace,20014.48,33.04
2142,614,2026-05-12,Entregue,Website,2012.52,5.35
2143,995,2025-06-10,Entregue,Website,20554.87,22.11
2144,972,2025-10-25,Entregue,Website,2827.83,39.9
2145,172,2025-05-28,Entregue,Website,4959.31,5.81
2146,201,2025-03-25,Entregue,Marketplace,12621.76,22.93
2147,592,2025-02-01,Entregue,Website,20895.71,0.35
2148,929,2025-06-23,Entregue,Marketplace,408.67,34.8
2149,498,2025-11-03,Entregue,Marketplace,6459.63,44.13
2150,525,2025-01-01,Entregue,Marketplace,1841.33,25.63
2151,993,2024-08-14,Entregue,Marketplace,19357.93,19.8
2152,597,2025-11-05,Entregue,Marketplace,1113.59,39.09
2153,139,2025-06-17,Entregue,Marketplace,1486.53,32.01
2154,350,2024-09-26,Entregue,Website,13845.36,46.05
2155,566,2024-09-22,Entregue,Website,20237.13,18.92
2156,324,2024-11-13,Entregue,Website,3136.62,32.1
2157,398,2026-03-14,Entregue,Website,5645.53,7.43
2158,619,2026-07-27,Entregue,Website,6660.43,47.7
2159,323,2025-05-26,Entregue,Website,3046.2,7.93
2160,55,2024-09-14,Entregue,Website,442.14,6.98
2161,628,2026-06-02,Entregue,Marketplace,7674.02,44.31
2162,956,2025-03-12,Entregue,Marketplace,12342.02,28.18
2163,333,2026-03-12,Entregue,Website,27357.5,21.88
2164,712,2025-05-16,Entregue,Marketplace,251.16,12.42
2165,831,2026-06-30,Entregue,Marketplace,8428.25,29.03
2166,341,2025-10-30,Entregue,Marketplace,5073.24,0.33
2167,421,2026-02-24,Entregue,Website,1570.34,1.46
2168,856,2026-05-04,Entregue,Website,19044.88,47.4
2169,962,2026-02-15,Entregue,Marketplace,2185.06,1.19
2170,213,2024-11-02,Entregue,Website,14972.9,12.64
2171,876,2025-07-08,Entregue,Website,5438.93,37.03
2172,164,2025-05-09,Entregue,Website,9108.19,45.98
2173,239,2024-08-18,Entregue,Marketplace,14592.66,22.22
2174,911,2026-04-29,Entregue,Marketplace,26176.5,39.46
2175,924,2025-10-11,Entregue,Marketplace,22904.74,12.93
2176,663,2026-05-16,Entregue,Marketplace,10931.96,44.31
2177,507,2026-02-28,Entregue,Marketplace,350.92,0.7
2178,480,2024-08-19,Entregue,Marketplace,927.2,38.77
2179,513,2026-03-17,Entregue,Marketplace,1016.54,47.67
2180,140,2026-03-19,Entregue,Website,2650.84,44.68
2181,350,2025-09-15,Entregue,Website,929.09,43.28
2182,735,2025-09-21,Entregue,Marketplace,973.02,27.14
2183,987,2025-01-31,Entregue,Marketplace,10789.83,18.9
2184,689,2025-08-10,Entregue,Marketplace,10182.02,4.16
2185,106,2025-11-19,Entregue,Marketplace,21234.66,8.53
2186,464,2025-01-31,Entregue,Website,6480.09,32.41
2187,835,2026-05-28,Entregue,Website,10148.85,24.82
2188,953,2024-09-08,Entregue,Website,38198.66,35.17
2189,889,2025-12-12,Entregue,Marketplace,5244.03,16.06
2190,415,2025-10-25,Entregue,Marketplace,1705.54,5.65
2191,96,2025-08-03,Entregue,Website,6859.32,11.92
2192,469,2026-02-16,Entregue,Marketplace,2291.52,29.94
2193,741,2024-12-02,Entregue,Marketplace,376.03,25.81
2194,36,2024-12-02,Entregue,Website,5766.08,10.57
2195,28,2026-01-02,Entregue,Marketplace,2645.76,10.45
2196,93,2024-10-12,Entregue,Website,9301.96,45.55
2197,591,2026-04-18,Entregue,Marketplace,11380.45,5.89
2198,960,2025-05-02,Entregue,Website,4228.32,43.88
2199,429,2025-09-02,Entregue,Marketplace,25440.41,7.74
2200,992,2024-12-03,Entregue,Website,4014.87,42.69
2201,982,2025-03-22,Entregue,Website,14466.91,24.09
2202,186,2024-11-18,Entregue,Marketplace,8030.0,22.3
2203,777,2025-04-07,Entregue,Marketplace,3709.02,48.32
2204,596,2026-04-13,Entregue,Website,2338.48,20.8
2205,713,2025-04-19,Entregue,Marketplace,1786.08,16.64
2206,256,2025-05-23,Entregue,Website,4814.63,5.54
2207,944,2025-01-07,Entregue,Website,16615.81,49.06
2208,724,2026-04-01,Entregue,Website,6041.65,22.48
2209,931,2026-05-18,Entregue,Marketplace,3286.34,3.37
2210,504,2025-11-16,Entregue,Website,9966.2,27.88
2211,363,2024-12-10,Entregue,Marketplace,6822.68,16.31
2212,78,2024-10-29,Entregue,Website,18500.47,45.74
2213,861,2025-08-29,Entregue,Marketplace,744.14,22.45
2214,226,2024-12-15,Entregue,Website,14169.99,40.72
2215,720,2025-08-22,Entregue,Marketplace,2043.53,9.31
2216,154,2025-11-03,Entregue,Website,14759.3,25.29
2217,891,2025-08-24,Entregue,Marketplace,8600.75,24.02
2218,58,2025-03-04,Entregue,Marketplace,6613.38,16.53
2219,130,2024-10-21,Entregue,Website,3827.18,27.54
2220,744,2025-06-21,Entregue,Website,23808.71,49.06
2221,804,2025-10-13,Entregue,Marketplace,4289.01,19.99
2222,442,2026-07-09,Entregue,Marketplace,6456.56,37.31
2223,477,2025-10-16,Entregue,Marketplace,4319.41,1.45
2224,25,2026-05-02,Entregue,Marketplace,9813.58,10.32
2225,251,2025-03-19,Entregue,Website,3292.87,34.69
2226,365,2025-12-24,Entregue,Marketplace,5289.61,27.49
2227,78,2025-05-18,Entregue,Website,3478.74,27.04
2228,212,2026-07-20,Entregue,Marketplace,3889.4,41.89
2229,524,2026-06-11,Entregue,Marketplace,8872.33,3.54
2230,303,2026-07-09,Entregue,Marketplace,9720.1,48.04
2231,577,2026-04-28,Entregue,Website,3815.2,22.16
2232,135,2024-11-06,Entregue,Marketplace,1541.52,7.17
2233,661,2026-01-27,Entregue,Website,1480.21,38.74
2234,895,2025-03-03,Entregue,Website,6870.53,30.51
2235,153,2025-03-29,Entregue,Website,8439.41,40.19
2236,784,2025-02-22,Entregue,Marketplace,4177.08,23.16
2237,145,2024-09-01,Entregue,Marketplace,843.88,47.55
2238,756,2025-12-02,Entregue,Marketplace,12754.78,43.9
2239,93,2025-09-04,Entregue,Website,7826.22,39.86
2240,676,2025-06-21,Entregue,Website,11142.71,17.68
2241,90,2024-10-08,Entregue,Website,5405.1,10.2
2242,639,2024-11-20,Entregue,Marketplace,6490.89,34.6
2243,89,2024-10-21,Entregue,Website,14468.45,25.13
2244,167,2025-01-11,Entregue,Website,5453.64,27.8
2245,576,2025-11-29,Entregue,Website,2200.55,4.71
2246,998,2026-02-02,Entregue,Website,10502.33,45.56
2247,562,2026-07-31,Enviado,Website,7793.55,44.39
2248,819,2026-07-21,Entregue,Marketplace,5204.75,21.49
2249,881,2025-05-05,Entregue,Marketplace,4145.98,7.6
2250,404,2024-10-23,Entregue,Website,19560.29,41.76
2251,881,2026-01-29,Entregue,Website,15206.72,3.02
2252,733,2025-11-29,Entregue,Website,2405.05,49.34
2253,839,2026-02-18,Entregue,Website,10545.97,39.07
2254,301,2025-11-11,Entregue,Marketplace,4738.44,44.08
2255,969,2026-06-09,Entregue,Marketplace,11361.52,37.13
2256,942,2025-08-14,Entregue,Marketplace,1185.14,25.97
2257,501,2024-12-19,Entregue,Website,10961.02,19.82
2258,756,2025-09-25,Entregue,Marketplace,8844.05,47.19
2259,912,2025-01-08,Entregue,Website,6847.5,28.75
2260,82,2025-12-18,Entregue,Marketplace,6270.54,21.97
2261,767,2025-08-24,Entregue,Website,5897.74,39.13
2262,389,2025-11-30,Entregue,Marketplace,2056.56,46.24
2263,693,2026-06-15,Entregue,Marketplace,2882.75,31.59
2264,95,2026-03-22,Entregue,Marketplace,7321.14,32.18
2265,602,2025-10-29,Entregue,Marketplace,12726.62,45.35
2266,544,2025-07-12,Entregue,Website,5288.87,26.75
2267,22,2025-02-23,Entregue,Website,19601.05,12.93
2268,893,2024-10-14,Entregue,Marketplace,10497.42,40.65
2269,830,2025-04-29,Entregue,Marketplace,4453.72,46.4
2270,439,2024-11-28,Entregue,Marketplace,4283.47,14.68
2271,363,2026-02-02,Entregue,Marketplace,15201.62,6.52
2272,664,2025-08-02,Entregue,Marketplace,6780.74,10.23
2273,234,2026-06-14,Entregue,Website,19349.91,21.13
2274,246,2025-09-08,Entregue,Website,12022.47,42.82
2275,484,2024-10-03,Entregue,Marketplace,19664.44,42.97
2276,531,2026-07-09,Entregue,Website,1059.36,44.18
2277,692,2026-01-09,Entregue,Marketplace,3108.17,3.65
2278,119,2025-10-20,Entregue,Marketplace,5705.18,5.96
2279,777,2025-07-03,Entregue,Marketplace,4903.68,18.16
2280,784,2025-01-02,Entregue,Marketplace,2245.59,48.5
2281,859,2026-04-10,Entregue,Marketplace,4291.71,22.92
2282,124,2026-04-16,Entregue,Website,12072.4,17.03
2283,564,2026-03-28,Entregue,Website,7673.03,37.75
2284,221,2026-05-27,Entregue,Marketplace,13670.9,22.97
2285,852,2025-06-09,Entregue,Website,2579.96,22.35
2286,427,2026-03-23,Entregue,Marketplace,18474.7,37.57
2287,886,2024-09-11,Entregue,Marketplace,2419.74,46.69
2288,276,2026-05-23,Entregue,Marketplace,14902.12,19.75
2289,489,2025-04-15,Entregue,Marketplace,1891.93,0.17
2290,136,2025-06-18,Entregue,Website,10032.93,3.05
2291,229,2025-06-14,Entregue,Website,1023.41,0.51
2292,41,2025-12-17,Entregue,Marketplace,3234.05,11.36
2293,663,2025-02-15,Entregue,Website,12109.77,13.59
2294,861,2025-08-09,Entregue,Website,12819.06,19.97
2295,790,2026-04-24,Entregue,Website,5851.93,23.27
2296,37,2026-06-02,Entregue,Website,11310.72,40.5
2297,239,2025-10-23,Entregue,Website,7182.18,34.14
2298,607,2026-02-16,Entregue,Marketplace,2883.5,37.64
2299,395,2024-11-07,Entregue,Website,5169.48,44.68
2300,685,2024-10-18,Entregue,Website,1775.79,21.75
2301,645,2024-10-23,Entregue,Marketplace,8068.58,9.91
2302,480,2024-11-09,Entregue,Website,787.75,33.89
2303,97,2025-07-19,Entregue,Marketplace,16370.59,37.88
2304,786,2025-05-12,Entregue,Website,4487.98,20.16
2305,367,2024-12-28,Entregue,Website,1166.14,44.53
2306,318,2025-09-10,Entregue,Website,23132.35,42.83
2307,425,2026-07-31,Enviado,Marketplace,14660.14,30.75
2308,55,2024-11-16,Entregue,Website,4662.74,36.92
2309,479,2025-06-09,Entregue,Website,5419.14,19.01
2310,463,2025-10-08,Entregue,Marketplace,25259.65,28.21
2311,947,2025-04-08,Entregue,Marketplace,11961.21,38.68
2312,425,2024-11-19,Entregue,Marketplace,11439.55,45.76
2313,589,2026-04-28,Entregue,Marketplace,10290.36,12.75
2314,31,2025-07-11,Entregue,Marketplace,14023.24,19.45
2315,772,2024-11-10,Entregue,Website,3117.97,48.83
2316,42,2024-11-29,Entregue,Marketplace,15968.69,7.89
2317,403,2026-01-23,Entregue,Website,883.04,13.26
2318,182,2026-01-06,Entregue,Website,1687.61,9.33
2319,463,2026-05-20,Entregue,Website,15178.18,0.26
2320,753,2025-07-02,Entregue,Website,1028.49,32.85
2321,347,2025-01-30,Entregue,Website,4518.31,49.25
2322,729,2025-07-23,Entregue,Website,6617.41,31.92
2323,227,2024-10-27,Entregue,Website,3544.11,10.83
2324,528,2026-04-24,Entregue,Marketplace,1970.9,15.78
2325,805,2026-06-12,Entregue,Marketplace,24480.38,9.65
2326,613,2025-08-18,Entregue,Marketplace,16142.09,30.38
2327,677,2025-08-05,Entregue,Marketplace,911.69,3.84
2328,625,2026-05-01,Entregue,Website,2759.62,29.87
2329,158,2025-11-05,Entregue,Website,3343.3,10.38
2330,44,2026-07-06,Entregue,Marketplace,1771.51,2.07
2331,75,2025-01-16,Entregue,Marketplace,11698.46,24.8
2332,398,2026-06-04,Entregue,Marketplace,8561.4,47.16
2333,728,2026-07-23,Enviado,Website,8059.83,9.78
2334,595,2026-05-20,Entregue,Website,4202.42,2.98
2335,569,2025-04-15,Entregue,Website,10207.01,42.29
2336,795,2025-09-11,Entregue,Website,19967.52,47.07
2337,580,2025-01-10,Entregue,Marketplace,19845.99,1.49
2338,226,2024-08-28,Entregue,Marketplace,1587.95,28.57
2339,81,2024-10-01,Entregue,Marketplace,10445.56,7.15
2340,354,2025-05-01,Entregue,Website,16633.98,2.24
2341,929,2024-08-29,Entregue,Website,12324.37,6.74
2342,535,2024-11-29,Entregue,Website,19322.38,13.5
2343,162,2025-09-25,Entregue,Website,23633.44,44.84
2344,1,2026-05-23,Entregue,Marketplace,9284.0,37.26
2345,737,2025-06-24,Entregue,Website,9566.93,25.75
2346,744,2026-06-22,Entregue,Website,12553.65,0.33
2347,265,2024-10-14,Entregue,Website,7877.3,36.28
2348,820,2025-03-23,Entregue,Website,10794.73,34.05
2349,223,2024-12-12,Entregue,Marketplace,31000.12,31.14
2350,446,2025-09-08,Entregue,Website,8167.96,33.96
2351,720,2025-01-11,Entregue,Marketplace,12311.81,25.11
2352,776,2025-03-04,Entregue,Website,8060.82,27.68
2353,484,2025-04-16,Entregue,Website,7069.41,0.36
2354,508,2024-08-31,Entregue,Marketplace,27018.35,16.05
2355,769,2024-11-28,Entregue,Website,7806.17,19.81
2356,729,2025-02-19,Entregue,Website,7324.01,12.85
2357,606,2026-01-02,Entregue,Marketplace,1065.21,46.57
2358,872,2025-09-15,Entregue,Marketplace,3964.74,11.34
2359,95,2025-01-17,Entregue,Website,1281.15,37.5
2360,757,2026-08-09,Entregue,Marketplace,7420.61,40.69
2361,262,2025-04-04,Entregue,Website,15390.93,22.82
2362,976,2025-01-12,Entregue,Website,3978.98,10.72
2363,42,2025-05-11,Entregue,Marketplace,7200.18,0.69
2364,471,2025-12-12,Entregue,Website,13963.84,11.06
2365,124,2026-06-22,Entregue,Website,20641.91,39.37
2366,871,2025-09-06,Entregue,Website,11363.27,45.32
2367,97,2025-07-09,Entregue,Website,5940.8,10.12
2368,881,2026-03-29,Entregue,Marketplace,1719.63,17.57
2369,699,2025-12-20,Entregue,Website,206.75,23.69
2370,961,2025-08-24,Entregue,Website,15833.75,39.46
2371,840,2025-10-31,Entregue,Marketplace,2809.39,28.64
2372,420,2024-08-25,Entregue,Website,7817.14,45.48
2373,436,2025-05-17,Entregue,Website,11772.83,10.43
2374,184,2026-05-16,Entregue,Marketplace,8292.34,39.33
2375,34,2026-01-01,Entregue,Website,8390.87,3.75
2376,188,2025-07-15,Entregue,Website,7870.98,20.63
2377,404,2026-03-25,Entregue,Website,4009.63,40.01
2378,678,2024-12-25,Entregue,Website,9304.45,19.07
2379,818,2026-05-01,Entregue,Marketplace,4690.03,28.38
2380,479,2024-10-12,Entregue,Website,13145.18,5.93
2381,424,2026-05-15,Entregue,Website,11072.23,40.86
2382,965,2026-05-13,Entregue,Marketplace,3838.97,25.05
2383,907,2025-03-18,Entregue,Marketplace,7140.88,29.73
2384,996,2025-10-26,Entregue,Marketplace,2506.12,37.23
2385,260,2024-11-20,Entregue,Website,2333.0,38.73
2386,280,2024-08-19,Entregue,Marketplace,1680.23,15.74
2387,888,2025-05-29,Entregue,Website,13899.77,38.64
2388,124,2024-09-14,Entregue,Website,8841.78,20.35
2389,831,2025-06-19,Entregue,Marketplace,19918.54,41.92
2390,443,2025-10-22,Entregue,Website,3336.14,10.1
2391,764,2025-08-27,Entregue,Website,4689.09,12.38
2392,802,2025-11-10,Entregue,Website,19241.77,35.44
2393,531,2026-02-15,Entregue,Marketplace,4486.87,29.59
2394,723,2025-11-19,Entregue,Marketplace,7436.89,26.41
2395,420,2025-10-31,Entregue,Website,7761.79,9.29
2396,615,2026-03-05,Entregue,Website,19165.45,11.96
2397,105,2025-01-29,Entregue,Website,4178.84,45.46
2398,518,2025-09-17,Entregue,Website,11704.0,24.46
2399,415,2024-10-21,Entregue,Marketplace,2031.61,5.96
2400,466,2025-09-27,Entregue,Website,4849.28,38.07
2401,360,2025-12-03,Entregue,Marketplace,4001.02,10.65
2402,890,2026-07-02,Entregue,Website,12497.17,39.59
2403,911,2025-07-16,Entregue,Website,17741.89,27.54
2404,128,2025-11-06,Entregue,Marketplace,12606.78,7.95
2405,675,2024-08-11,Entregue,Marketplace,3518.93,19.05
2406,993,2025-08-30,Entregue,Website,3827.21,48.92
2407,121,2025-05-11,Entregue,Marketplace,4807.58,13.76
2408,947,2026-01-07,Entregue,Website,2508.16,1.29
2409,206,2025-12-10,Entregue,Website,20772.81,33.22
2410,295,2026-03-26,Entregue,Marketplace,8176.89,10.88
2411,498,2025-11-09,Entregue,Website,7011.87,42.98
2412,889,2026-02-10,Entregue,Website,3821.15,25.22
2413,678,2025-11-03,Entregue,Website,20091.41,16.83
2414,311,2024-12-20,Entregue,Marketplace,28371.76,37.09
2415,755,2026-07-01,Entregue,Website,411.08,25.52
2416,341,2025-02-16,Entregue,Website,7198.67,22.18
2417,308,2025-07-18,Entregue,Marketplace,8723.51,38.38
2418,255,2025-08-17,Entregue,Marketplace,26919.9,29.81
2419,272,2024-11-12,Entregue,Website,3279.5,21.82
2420,601,2025-10-29,Entregue,Website,1561.94,17.18
2421,270,2026-02-28,Entregue,Website,4203.22,18.78
2422,696,2026-01-04,Entregue,Marketplace,2847.37,19.87
2423,283,2024-09-25,Entregue,Website,6584.96,24.82
2424,374,2025-02-01,Entregue,Marketplace,4920.54,27.78
2425,680,2026-05-10,Entregue,Website,10495.1,10.18
2426,486,2025-04-03,Entregue,Website,7475.96,18.53
2427,570,2024-12-17,Entregue,Marketplace,17200.81,44.36
2428,781,2025-05-26,Entregue,Website,7644.42,29.86
2429,178,2025-05-04,Entregue,Website,16579.12,8.09
2430,512,2024-09-28,Entregue,Website,136.66,9.25
2431,459,2025-04-21,Entregue,Website,2770.73,47.18
2432,305,2025-06-01,Entregue,Marketplace,16777.37,47.63
2433,525,2025-03-07,Entregue,Website,2044.49,9.28
2434,423,2026-01-16,Entregue,Marketplace,252.48,13.74
2435,199,2025-04-01,Entregue,Website,10570.87,38.08
2436,314,2026-03-13,Entregue,Marketplace,11962.34,19.2
2437,868,2024-12-24,Entregue,Marketplace,12560.06,13.41
2438,903,2026-01-21,Entregue,Website,22354.08,13.31
2439,724,2025-03-02,Entregue,Marketplace,6823.67,24.79
2440,936,2024-08-12,Entregue,Marketplace,3553.87,33.79
2441,653,2025-04-23,Entregue,Marketplace,2411.3,32.58
2442,260,2024-12-30,Entregue,Website,17520.56,2.12
2443,85,2025-12-29,Entregue,Website,11765.81,28.58
2444,513,2025-02-27,Entregue,Marketplace,16103.38,44.95
2445,755,2026-03-05,Entregue,Marketplace,30940.14,2.16
2446,941,2026-08-03,Entregue,Marketplace,19627.2,18.09
2447,889,2026-07-22,Enviado,Marketplace,6536.42,23.96
2448,467,2025-11-12,Entregue,Marketplace,2765.71,16.96
2449,159,2025-03-11,Entregue,Website,8413.39,14.17
2450,820,2025-08-12,Entregue,Website,6989.43,8.98
2451,150,2025-05-13,Entregue,Marketplace,6781.1,22.68
2452,485,2025-07-28,Entregue,Website,18429.45,7.2
2453,437,2026-03-14,Entregue,Website,1025.07,15.96
2454,870,2025-02-11,Entregue,Marketplace,7172.53,22.68
2455,84,2024-12-22,Entregue,Marketplace,3794.83,16.54
2456,149,2026-04-28,Entregue,Website,14736.99,35.31
2457,803,2025-02-09,Entregue,Marketplace,19113.04,31.4
2458,558,2026-04-30,Entregue,Website,9879.16,38.95
2459,292,2024-12-15,Entregue,Marketplace,927.03,38.73
2460,726,2025-12-12,Entregue,Marketplace,10386.66,35.0
2461,123,2025-10-02,Entregue,Marketplace,6312.77,38.55
2462,765,2025-12-15,Entregue,Marketplace,3217.92,22.04
2463,895,2025-06-28,Entregue,Website,5181.1,27.59
2464,542,2025-10-08,Entregue,Website,25206.16,22.7
2465,914,2024-08-16,Entregue,Website,8076.98,38.72
2466,645,2024-08-26,Entregue,Marketplace,12624.72,46.4
2467,7,2025-02-08,Entregue,Marketplace,4288.39,19.6
2468,329,2026-05-02,Entregue,Marketplace,5511.5,7.36
2469,779,2026-07-29,Enviado,Marketplace,5216.93,39.38
2470,882,2025-10-15,Entregue,Website,784.72,36.98
2471,602,2026-06-12,Entregue,Website,19752.49,29.48
2472,844,2025-01-25,Entregue,Marketplace,6699.52,42.56
2473,476,2025-06-02,Entregue,Website,23030.5,34.88
2474,703,2025-06-25,Entregue,Website,12311.58,49.52
2475,378,2025-01-13,Entregue,Marketplace,9351.95,12.01
2476,372,2025-12-30,Entregue,Website,3132.07,27.55
2477,522,2025-03-15,Entregue,Marketplace,6022.57,47.19
2478,342,2025-11-15,Entregue,Marketplace,5031.31,10.81
2479,182,2025-05-28,Entregue,Marketplace,9992.67,7.23
2480,714,2025-12-27,Entregue,Marketplace,19496.99,44.6
2481,695,2026-05-08,Entregue,Website,138.05,10.64
2482,222,2025-03-02,Entregue,Website,11996.63,16.05
2483,284,2025-08-20,Entregue,Marketplace,9706.45,12.68
2484,523,2025-10-11,Entregue,Marketplace,144.19,16.78
2485,703,2025-02-13,Entregue,Marketplace,3526.76,18.68
2486,710,2024-10-23,Entregue,Marketplace,7790.39,36.24
2487,507,2025-05-02,Entregue,Marketplace,19253.7,1.58
2488,263,2025-01-12,Entregue,Website,1553.26,9.97
2489,847,2025-10-22,Entregue,Marketplace,10691.72,48.82
2490,879,2026-01-23,Entregue,Marketplace,7668.19,38.98
2491,638,2024-10-17,Entregue,Website,1603.37,10.71
2492,315,2024-12-16,Entregue,Website,11219.46,5.04
2493,956,2025-08-16,Entregue,Website,3465.2,19.22
2494,350,2025-10-10,Entregue,Marketplace,12929.32,39.65
2495,941,2025-07-08,Entregue,Marketplace,6287.95,41.66
2496,79,2025-04-09,Entregue,Website,8957.41,22.07
2497,500,2025-04-17,Entregue,Marketplace,9301.78,19.97
2498,202,2025-12-14,Entregue,Marketplace,12618.43,19.6
2499,963,2025-07-14,Entregue,Website,23492.72,16.44
2500,607,2025-07-15,Entregue,Website,10662.19,8.51
2501,596,2025-03-09,Entregue,Website,2818.97,29.02
2502,44,2026-01-15,Entregue,Website,7709.63,2.58
2503,395,2025-10-03,Entregue,Marketplace,8956.8,44.35
2504,117,2025-05-25,Entregue,Website,990.5,44.62
2505,904,2025-04-12,Entregue,Website,5532.07,10.89
2506,745,2025-06-17,Entregue,Website,3384.28,7.38
2507,991,2026-07-26,Entregue,Website,12510.77,12.09
2508,770,2025-10-27,Entregue,Marketplace,10220.68,31.99
2509,705,2024-08-30,Entregue,Website,5436.93,1.02
2510,505,2026-02-18,Entregue,Website,14661.86,14.18
2511,608,2025-10-16,Entregue,Website,16022.42,24.27
2512,563,2026-07-17,Entregue,Website,199.02,23.91
2513,238,2025-06-06,Entregue,Marketplace,6771.91,45.19
2514,667,2025-11-03,Entregue,Website,9861.25,15.94
2515,565,2026-01-11,Entregue,Marketplace,9241.0,28.32
2516,264,2025-12-11,Entregue,Marketplace,4323.6,36.99
2517,69,2025-05-13,Entregue,Marketplace,14294.15,14.71
2518,11,2025-07-13,Entregue,Marketplace,3437.8,36.7
2519,499,2024-10-21,Entregue,Marketplace,2379.76,43.42
2520,559,2025-08-10,Entregue,Website,1266.43,7.0
2521,895,2025-09-16,Entregue,Website,19034.47,17.67
2522,776,2025-11-06,Entregue,Marketplace,5760.08,44.56
2523,108,2024-09-11,Entregue,Website,9761.08,49.82
2524,250,2025-10-30,Entregue,Marketplace,22200.83,14.89
2525,531,2024-12-29,Entregue,Marketplace,3271.32,48.63
2526,546,2025-11-15,Entregue,Marketplace,6808.52,32.08
2527,937,2024-08-19,Entregue,Website,2490.93,10.48
2528,219,2026-06-20,Entregue,Website,11523.08,15.34
2529,302,2025-11-21,Entregue,Marketplace,132.7,0.1
2530,376,2025-12-12,Entregue,Marketplace,16994.7,48.0
2531,710,2024-11-19,Entregue,Marketplace,2076.2,6.52
2532,79,2025-03-25,Entregue,Marketplace,7284.97,35.77
2533,622,2025-08-08,Entregue,Website,10743.78,26.65
2534,523,2025-04-15,Entregue,Website,8322.23,32.26
2535,42,2025-01-23,Entregue,Website,1889.94,31.32
2536,523,2026-03-14,Entregue,Marketplace,18106.26,30.99
2537,258,2025-03-15,Entregue,Website,2709.54,47.16
2538,480,2025-10-29,Entregue,Website,782.9,38.39
2539,357,2025-09-03,Entregue,Marketplace,12508.01,37.79
2540,480,2026-04-10,Entregue,Website,20781.56,32.22
2541,948,2026-06-07,Entregue,Marketplace,12347.72,1.08
2542,24,2024-11-03,Entregue,Marketplace,7738.39,27.6
2543,985,2025-08-01,Entregue,Marketplace,8597.28,2.96
2544,237,2024-10-12,Entregue,Website,13848.6,7.85
2545,629,2026-04-01,Entregue,Marketplace,4436.39,32.86
2546,900,2026-01-21,Entregue,Website,4518.96,13.06
2547,836,2025-11-10,Entregue,Marketplace,1549.6,4.84
2548,83,2024-11-29,Entregue,Marketplace,480.47,2.84
2549,363,2026-07-02,Entregue,Marketplace,8443.68,40.3
2550,607,2025-11-23,Entregue,Website,1411.46,32.0
2551,254,2025-06-15,Entregue,Marketplace,9765.64,32.48
2552,272,2026-01-22,Entregue,Website,5980.27,32.34
2553,321,2024-08-11,Entregue,Marketplace,8213.76,13.51
2554,450,2025-09-04,Entregue,Marketplace,2030.03,26.77
2555,547,2025-11-05,Entregue,Website,26493.22,13.49
2556,644,2025-05-28,Entregue,Marketplace,2443.61,43.79
2557,894,2025-10-21,Entregue,Marketplace,12247.05,35.8
2558,271,2024-09-07,Entregue,Website,17872.5,1.7
2559,469,2025-06-03,Entregue,Marketplace,4679.18,40.31
2560,668,2024-11-03,Entregue,Marketplace,20833.19,32.66
2561,618,2025-10-05,Entregue,Marketplace,14730.76,2.18
2562,304,2026-05-12,Entregue,Website,18277.56,6.22
2563,650,2025-04-21,Entregue,Marketplace,1488.15,47.39
2564,806,2025-07-14,Entregue,Marketplace,3734.23,29.58
2565,863,2025-08-10,Entregue,Marketplace,3232.53,36.65
2566,744,2025-01-12,Entregue,Website,21451.96,24.65
2567,166,2024-09-26,Entregue,Website,9390.19,29.99
2568,836,2025-06-26,Entregue,Marketplace,9348.35,35.52
2569,980,2025-11-24,Entregue,Website,17428.17,48.24
2570,652,2025-06-05,Entregue,Marketplace,9443.78,29.38
2571,814,2025-04-23,Entregue,Marketplace,5661.96,9.13
2572,82,2026-02-25,Entregue,Marketplace,7244.39,5.98
2573,170,2024-12-12,Entregue,Website,3445.04,12.87
2574,115,2026-06-09,Entregue,Website,963.68,17.8
2575,228,2025-09-15,Entregue,Website,10308.56,33.26
2576,349,2025-06-20,Entregue,Website,3659.98,44.69
2577,558,2026-04-02,Entregue,Website,1192.2,0.01
2578,644,2024-11-05,Entregue,Marketplace,6197.0,4.27
2579,252,2025-02-19,Entregue,Marketplace,4228.12,28.51
2580,833,2025-03-07,Entregue,Marketplace,6789.12,40.53
2581,290,2026-03-05,Entregue,Website,2340.38,23.24
2582,970,2025-11-24,Entregue,Website,3824.93,46.64
2583,434,2025-04-05,Entregue,Marketplace,14269.6,32.48
2584,694,2025-10-15,Entregue,Marketplace,4280.96,6.4
2585,138,2025-01-26,Entregue,Website,5452.65,15.42
2586,411,2026-01-14,Entregue,Website,7182.6,5.3
2587,916,2025-06-12,Entregue,Marketplace,5802.59,28.18
2588,155,2024-11-24,Entregue,Marketplace,2783.76,14.48
2589,669,2024-09-21,Entregue,Marketplace,3796.33,26.9
2590,273,2025-11-10,Entregue,Marketplace,10925.86,33.79
2591,806,2026-02-10,Entregue,Website,12869.13,49.29
2592,350,2025-04-13,Entregue,Marketplace,17020.45,32.99
2593,831,2026-05-19,Entregue,Website,9859.77,20.36
2594,549,2025-11-23,Entregue,Marketplace,15157.11,30.83
2595,82,2024-12-07,Entregue,Marketplace,7652.71,49.59
2596,933,2024-10-21,Entregue,Marketplace,1880.45,21.83
2597,820,2026-03-20,Entregue,Marketplace,6238.88,41.62
2598,69,2025-06-18,Entregue,Marketplace,14348.1,8.52
2599,140,2026-04-06,Entregue,Website,8705.79,35.69
2600,265,2025-01-16,Entregue,Marketplace,11351.29,21.0
2601,237,2024-10-26,Entregue,Website,5908.06,44.6
2602,395,2024-09-23,Entregue,Marketplace,23007.86,43.07
2603,949,2026-04-09,Entregue,Website,12714.11,3.53
2604,148,2024-09-05,Entregue,Marketplace,15313.04,18.03
2605,175,2024-12-04,Entregue,Marketplace,2636.18,39.18
2606,491,2024-12-03,Entregue,Website,5050.94,15.26
2607,21,2025-12-01,Entregue,Website,2774.7,5.42
2608,411,2025-08-25,Entregue,Marketplace,8650.64,12.58
2609,725,2025-07-31,Entregue,Website,9369.24,15.87
2610,443,2024-09-26,Entregue,Website,5544.33,32.85
2611,257,2026-05-19,Entregue,Website,34940.93,23.2
2612,482,2024-09-10,Entregue,Marketplace,3684.81,35.18
2613,371,2025-10-30,Entregue,Website,17504.84,24.26
2614,636,2025-06-07,Entregue,Marketplace,11950.51,42.8
2615,128,2026-06-25,Entregue,Marketplace,15275.87,31.85
2616,811,2024-10-20,Entregue,Website,20283.29,30.08
2617,978,2025-09-26,Entregue,Marketplace,2070.4,0.72
2618,876,2025-09-07,Entregue,Marketplace,12309.86,3.28
2619,15,2024-12-03,Entregue,Website,5788.74,36.88
2620,579,2024-12-16,Entregue,Marketplace,3682.41,1.22
2621,179,2024-08-24,Entregue,Website,9467.94,33.88
2622,364,2026-02-11,Entregue,Marketplace,19376.21,12.86
2623,100,2025-06-24,Entregue,Website,15505.02,45.46
2624,53,2025-02-17,Entregue,Website,12853.3,48.09
2625,634,2025-06-07,Entregue,Marketplace,8065.28,25.21
2626,227,2025-04-26,Entregue,Marketplace,19271.76,45.95
2627,92,2026-07-05,Entregue,Marketplace,16520.38,47.02
2628,334,2026-05-22,Entregue,Website,3093.77,2.29
2629,165,2026-06-21,Entregue,Marketplace,18118.79,29.41
2630,513,2026-07-14,Enviado,Marketplace,14848.68,7.86
2631,682,2025-07-30,Entregue,Marketplace,6482.19,10.59
2632,955,2025-01-16,Entregue,Marketplace,3815.17,44.24
2633,248,2026-03-31,Entregue,Marketplace,7845.4,13.71
2634,767,2025-01-01,Entregue,Marketplace,9262.01,36.74
2635,807,2024-12-31,Entregue,Marketplace,7777.53,19.79
2636,158,2025-01-27,Entregue,Website,9454.15,28.47
2637,602,2026-02-19,Entregue,Marketplace,8414.93,41.96
2638,148,2026-04-05,Entregue,Marketplace,4809.16,15.34
2639,48,2026-05-03,Entregue,Website,22878.89,11.03
2640,622,2024-09-28,Entregue,Marketplace,9239.47,1.65
2641,337,2025-07-27,Entregue,Website,7255.25,30.17
2642,387,2024-12-23,Entregue,Marketplace,13713.85,34.39
2643,531,2024-10-28,Entregue,Marketplace,7948.9,25.28
2644,189,2026-02-18,Entregue,Marketplace,5972.9,19.02
2645,648,2025-05-21,Entregue,Marketplace,18094.68,35.89
2646,899,2025-02-27,Entregue,Marketplace,5928.46,20.81
2647,614,2026-06-20,Entregue,Marketplace,4142.73,4.35
2648,515,2025-07-31,Entregue,Marketplace,6062.34,37.89
2649,533,2025-11-30,Entregue,Marketplace,6024.46,31.08
2650,672,2024-08-16,Entregue,Website,10086.85,43.44
2651,804,2025-09-16,Entregue,Website,21812.94,31.58
2652,200,2025-05-16,Entregue,Website,10911.02,40.68
2653,36,2025-08-14,Entregue,Website,13574.01,9.15
2654,715,2025-08-11,Entregue,Website,11422.23,0.39
2655,770,2025-09-09,Entregue,Website,8381.27,47.56
2656,321,2026-03-11,Entregue,Marketplace,8325.31,35.94
2657,546,2026-08-03,Enviado,Website,11721.73,42.19
2658,751,2025-05-12,Entregue,Website,11957.42,43.05
2659,700,2025-02-05,Entregue,Marketplace,14740.84,9.35
2660,170,2026-01-03,Entregue,Website,21366.1,8.37
2661,755,2025-08-30,Entregue,Website,2963.06,47.65
2662,407,2025-09-08,Entregue,Marketplace,6146.22,37.7
2663,690,2025-04-08,Entregue,Website,2912.68,18.05
2664,29,2026-02-11,Entregue,Marketplace,12234.4,16.12
2665,239,2024-11-16,Entregue,Marketplace,21649.73,25.21
2666,851,2026-07-30,Enviado,Marketplace,5286.32,46.69
2667,466,2025-05-15,Entregue,Marketplace,7475.42,12.12
2668,134,2025-02-12,Entregue,Website,790.43,18.05
2669,262,2026-02-13,Entregue,Website,2069.21,21.36
2670,184,2025-03-10,Entregue,Marketplace,6752.83,2.07
2671,361,2024-12-25,Entregue,Marketplace,12439.94,28.34
2672,674,2025-04-13,Entregue,Website,7643.44,28.88
2673,344,2025-10-03,Entregue,Marketplace,5041.15,24.99
2674,582,2025-08-20,Entregue,Website,4213.89,39.51
2675,258,2025-03-22,Entregue,Marketplace,4723.74,47.86
2676,61,2025-10-06,Entregue,Marketplace,3105.58,31.81
2677,370,2024-12-14,Entregue,Marketplace,7264.06,8.73
2678,249,2024-09-28,Entregue,Marketplace,1170.52,33.3
2679,694,2026-05-04,Entregue,Marketplace,10387.77,12.42
2680,342,2026-04-08,Entregue,Website,7058.41,41.52
2681,61,2025-03-16,Entregue,Website,8177.77,13.09
2682,352,2026-08-01,Enviado,Marketplace,1032.61,10.59
2683,33,2026-04-04,Entregue,Marketplace,4271.63,13.8
2684,272,2026-06-07,Entregue,Marketplace,11914.82,14.65
2685,77,2025-03-17,Entregue,Website,1060.06,31.2
2686,658,2025-02-16,Entregue,Website,10148.67,45.1
2687,904,2025-11-03,Entregue,Marketplace,19298.47,18.73
2688,241,2026-01-04,Entregue,Website,5246.34,16.98
2689,548,2025-03-18,Entregue,Marketplace,8677.06,46.99
2690,399,2025-11-15,Entregue,Website,3996.14,36.27
2691,396,2026-04-09,Entregue,Marketplace,292.44,0.45
2692,105,2026-06-26,Entregue,Website,8442.88,45.02
2693,170,2025-07-15,Entregue,Marketplace,20111.01,39.46
2694,782,2026-03-12,Entregue,Marketplace,6267.87,30.89
2695,229,2026-05-26,Entregue,Marketplace,11458.62,8.48
2696,715,2025-06-26,Entregue,Marketplace,11311.68,10.67
2697,852,2024-09-11,Entregue,Website,7387.89,19.5
2698,791,2026-06-16,Entregue,Marketplace,6685.95,40.87
2699,896,2025-08-27,Entregue,Website,9883.98,26.54
2700,133,2025-12-24,Entregue,Marketplace,4207.66,8.26
2701,898,2026-06-27,Entregue,Website,12945.86,42.73
2702,247,2025-07-25,Entregue,Marketplace,3607.18,7.87
2703,949,2026-06-26,Entregue,Marketplace,4252.86,38.67
2704,768,2025-12-13,Entregue,Website,3878.77,16.51
2705,813,2026-07-09,Entregue,Website,12027.17,4.11
2706,640,2025-10-26,Entregue,Marketplace,21362.87,24.82
2707,758,2025-09-19,Entregue,Marketplace,3622.89,23.49
2708,385,2025-04-15,Entregue,Website,10172.12,16.69
2709,511,2025-06-23,Entregue,Marketplace,4728.09,9.44
2710,915,2026-01-21,Entregue,Website,19397.64,32.95
2711,542,2024-12-16,Entregue,Marketplace,13538.61,12.49
2712,953,2025-07-27,Entregue,Marketplace,4230.66,24.28
2713,60,2025-06-22,Entregue,Website,8886.49,12.51
2714,843,2026-04-17,Entregue,Website,1015.22,26.87
2715,696,2025-01-12,Entregue,Website,16092.54,15.57
2716,127,2025-11-15,Entregue,Marketplace,14637.99,15.29
2717,56,2026-02-14,Entregue,Website,3251.85,29.16
2718,490,2026-07-29,Enviado,Marketplace,780.77,8.39
2719,794,2025-08-25,Entregue,Marketplace,2262.66,25.36
2720,544,2026-03-29,Entregue,Website,17290.06,29.59
2721,443,2025-03-23,Entregue,Marketplace,5486.26,38.37
2722,898,2024-08-23,Entregue,Marketplace,3225.13,24.78
2723,355,2025-12-18,Entregue,Website,15709.28,6.25
2724,777,2025-05-27,Entregue,Marketplace,5340.06,45.18
2725,473,2026-04-27,Entregue,Marketplace,1079.86,45.02
2726,872,2026-05-26,Entregue,Marketplace,4686.56,2.14
2727,633,2025-02-06,Entregue,Website,2799.01,40.09
2728,332,2025-07-31,Entregue,Website,7229.25,24.39
2729,93,2025-05-27,Entregue,Marketplace,5856.19,34.0
2730,425,2026-01-28,Entregue,Marketplace,15877.34,49.02
2731,193,2025-08-24,Entregue,Website,9137.62,6.58
2732,440,2025-09-28,Entregue,Marketplace,7407.22,42.28
2733,88,2025-06-12,Entregue,Marketplace,975.8,46.49
2734,53,2025-02-01,Entregue,Marketplace,14821.33,35.43
2735,997,2026-04-24,Entregue,Website,2806.94,37.66
2736,699,2024-11-04,Entregue,Website,2704.88,41.84
2737,482,2024-11-28,Entregue,Website,4456.83,32.06
2738,2,2026-07-02,Entregue,Marketplace,2457.56,43.99
2739,224,2025-12-19,Entregue,Website,11097.61,15.43
2740,14,2026-05-31,Entregue,Website,10966.77,41.74
2741,168,2026-03-25,Entregue,Website,13241.81,23.33
2742,425,2025-07-12,Entregue,Marketplace,10091.73,29.08
2743,285,2026-05-21,Entregue,Website,9281.68,41.63
2744,976,2025-11-18,Entregue,Marketplace,793.29,20.73
2745,849,2025-01-20,Entregue,Website,12550.97,2.73
2746,555,2024-08-30,Entregue,Website,4221.41,25.02
2747,929,2026-05-26,Entregue,Website,4715.84,16.4
2748,452,2025-12-02,Entregue,Marketplace,2718.79,41.96
2749,336,2026-05-27,Entregue,Marketplace,15304.81,35.42
2750,79,2025-12-04,Entregue,Website,24200.88,45.93
2751,760,2025-06-27,Entregue,Marketplace,19399.65,47.96
2752,505,2026-05-13,Entregue,Website,25347.39,49.76
2753,633,2025-10-16,Entregue,Marketplace,7015.76,19.8
2754,495,2024-11-23,Entregue,Website,6994.18,23.0
2755,878,2025-03-15,Entregue,Marketplace,3683.03,24.52
2756,612,2025-09-18,Entregue,Website,2361.82,29.52
2757,530,2025-08-05,Entregue,Marketplace,1571.45,26.69
2758,97,2025-04-19,Entregue,Website,2151.47,48.38
2759,917,2025-08-11,Entregue,Website,19762.75,34.32
2760,990,2025-01-26,Entregue,Website,10143.69,22.54
2761,652,2026-02-23,Entregue,Website,10934.49,27.72
2762,112,2025-12-22,Entregue,Website,11567.7,47.95
2763,672,2026-05-21,Entregue,Website,6880.95,9.82
2764,640,2026-04-30,Entregue,Website,12720.2,36.43
2765,480,2026-03-18,Entregue,Marketplace,1422.09,42.63
2766,537,2025-03-01,Entregue,Marketplace,1761.6,44.81
2767,627,2024-11-02,Entregue,Marketplace,11058.37,27.51
2768,839,2024-12-03,Entregue,Marketplace,4005.56,35.28
2769,317,2025-04-19,Entregue,Website,401.42,27.55
2770,108,2026-03-03,Entregue,Website,15354.82,40.64
2771,994,2024-08-18,Entregue,Marketplace,6748.44,15.98
2772,501,2025-01-26,Entregue,Marketplace,3376.73,5.54
2773,769,2025-05-21,Entregue,Marketplace,5071.56,3.21
2774,364,2026-07-28,Entregue,Marketplace,7835.92,48.63
2775,836,2025-11-04,Entregue,Marketplace,3499.11,47.41
2776,488,2024-11-09,Entregue,Website,13750.84,39.37
2777,208,2025-11-10,Entregue,Website,12375.42,49.62
2778,705,2026-01-09,Entregue,Website,22358.73,42.71
2779,557,2026-01-16,Entregue,Website,2533.44,41.19
2780,387,2026-06-19,Entregue,Website,7010.58,33.25
2781,26,2025-12-06,Entregue,Website,6006.18,34.23
2782,816,2025-02-01,Entregue,Website,18571.1,8.94
2783,282,2026-02-05,Entregue,Marketplace,2312.3,18.4
2784,543,2025-01-07,Entregue,Website,3284.35,4.28
2785,231,2025-02-13,Entregue,Website,11148.31,10.15
2786,892,2024-10-03,Entregue,Website,7569.49,15.42
2787,813,2026-05-27,Entregue,Marketplace,12213.39,2.98
2788,844,2024-12-06,Entregue,Website,11636.63,10.55
2789,17,2025-01-21,Entregue,Marketplace,1442.3,19.37
2790,991,2025-10-04,Entregue,Website,68.18,25.71
2791,415,2026-05-09,Entregue,Marketplace,12216.7,30.43
2792,788,2025-09-01,Entregue,Marketplace,1316.93,21.58
2793,547,2025-08-25,Entregue,Marketplace,10534.76,22.69
2794,758,2026-05-20,Entregue,Website,15986.05,9.13
2795,389,2025-10-27,Entregue,Website,9326.34,45.08
2796,895,2024-12-13,Entregue,Website,5447.96,42.42
2797,919,2025-02-19,Entregue,Website,12340.06,38.71
2798,953,2024-10-18,Entregue,Website,7395.39,42.03
2799,589,2024-08-12,Entregue,Marketplace,2334.98,17.84
2800,888,2026-06-06,Entregue,Website,18082.13,14.64
2801,124,2025-04-26,Entregue,Website,9524.06,20.85
2802,303,2024-12-29,Entregue,Website,10050.65,2.71
2803,407,2025-10-26,Entregue,Website,4941.08,39.42
2804,494,2025-12-31,Entregue,Marketplace,8911.95,17.74
2805,20,2024-12-03,Entregue,Website,1026.42,11.24
2806,841,2024-09-12,Entregue,Website,20438.81,14.37
2807,677,2025-09-05,Entregue,Website,1770.77,16.73
2808,934,2025-04-07,Entregue,Website,16855.97,23.33
2809,708,2025-06-08,Entregue,Website,1451.33,28.4
2810,258,2025-03-15,Entregue,Website,5753.65,1.48
2811,691,2026-04-17,Entregue,Marketplace,5287.1,37.72
2812,152,2026-02-10,Entregue,Website,17627.61,27.92
2813,314,2024-12-16,Entregue,Website,7106.6,29.04
2814,707,2026-06-25,Entregue,Marketplace,10328.58,20.94
2815,664,2026-03-13,Entregue,Website,5773.44,12.42
2816,628,2025-02-01,Entregue,Website,11012.17,0.57
2817,31,2026-01-23,Entregue,Website,5612.57,4.2
2818,41,2026-01-17,Entregue,Marketplace,144.98,22.94
2819,399,2026-07-06,Entregue,Marketplace,20689.66,28.75
2820,870,2025-11-10,Entregue,Website,10834.42,46.13
2821,515,2025-03-16,Entregue,Marketplace,3255.78,33.09
2822,397,2025-10-18,Entregue,Marketplace,860.77,25.32
2823,880,2026-05-23,Entregue,Marketplace,23121.9,21.98
2824,777,2026-06-09,Entregue,Marketplace,1597.22,45.59
2825,300,2024-10-23,Entregue,Website,4226.69,35.95
2826,921,2025-05-28,Entregue,Marketplace,11046.58,10.16
2827,313,2026-07-28,Enviado,Website,8872.5,2.96
2828,622,2025-09-24,Entregue,Marketplace,6830.44,7.95
2829,265,2025-04-29,Entregue,Marketplace,18094.71,28.79
2830,720,2025-06-28,Entregue,Website,14062.25,47.74
2831,508,2025-01-17,Entregue,Marketplace,8351.32,6.02
2832,359,2025-05-24,Entregue,Marketplace,6042.61,47.7
2833,419,2024-11-04,Entregue,Marketplace,20410.94,42.34
2834,760,2026-03-27,Entregue,Marketplace,6078.11,0.46
2835,645,2026-05-06,Entregue,Website,6778.05,24.35
2836,327,2024-10-11,Entregue,Marketplace,12890.56,49.78
2837,699,2025-01-14,Entregue,Website,1463.26,21.79
2838,328,2025-06-21,Entregue,Marketplace,4062.69,1.64
2839,483,2026-04-06,Entregue,Website,19118.14,4.68
2840,994,2026-01-30,Entregue,Marketplace,1768.36,14.32
2841,184,2024-10-22,Entregue,Marketplace,1551.13,7.84
2842,343,2025-10-26,Entregue,Website,10469.91,35.06
2843,776,2026-04-30,Entregue,Marketplace,6511.59,14.83
2844,375,2025-04-04,Entregue,Marketplace,10048.36,0.42
2845,274,2025-04-12,Entregue,Marketplace,3230.16,4.63
2846,326,2026-07-13,Entregue,Website,3631.13,43.71
2847,65,2026-02-17,Entregue,Marketplace,10275.64,4.37
2848,343,2024-12-01,Entregue,Website,10182.2,33.45
2849,255,2025-06-14,Entregue,Website,3001.59,40.62
2850,110,2025-05-12,Entregue,Marketplace,2343.54,26.4
2851,75,2025-08-09,Entregue,Marketplace,7596.09,2.18
2852,826,2024-10-24,Entregue,Website,12565.37,16.49
2853,915,2026-06-15,Entregue,Website,3349.82,16.96
2854,606,2025-09-29,Entregue,Website,66.13,31.74
2855,583,2024-09-23,Entregue,Marketplace,3952.7,20.9
2856,795,2024-08-23,Entregue,Marketplace,12560.53,7.21
2857,745,2024-12-29,Entregue,Marketplace,2053.55,28.3
2858,844,2026-03-01,Entregue,Marketplace,6807.57,29.24
2859,763,2025-09-07,Entregue,Marketplace,7653.58,18.47
2860,639,2025-12-01,Entregue,Marketplace,3377.18,42.47
2861,148,2024-08-26,Entregue,Marketplace,4582.98,9.5
2862,915,2024-12-18,Entregue,Marketplace,2916.3,19.28
2863,888,2025-08-08,Entregue,Marketplace,8765.49,40.74
2864,517,2025-03-06,Entregue,Website,9951.98,28.83
2865,528,2024-09-28,Entregue,Marketplace,19075.59,28.23
2866,143,2026-05-10,Entregue,Website,9582.19,20.72
2867,758,2024-10-19,Entregue,Marketplace,12518.92,48.26
2868,889,2026-03-16,Entregue,Website,2479.6,6.68
2869,32,2025-03-23,Entregue,Website,4983.78,9.31
2870,480,2026-07-27,Enviado,Marketplace,15841.96,21.1
2871,257,2025-06-01,Entregue,Website,14156.21,37.08
2872,146,2025-03-02,Entregue,Website,8498.74,16.23
2873,675,2025-06-28,Entregue,Marketplace,449.8,9.34
2874,36,2025-06-03,Entregue,Website,2679.93,35.55
2875,501,2024-12-31,Entregue,Marketplace,302.46,8.82
2876,705,2024-12-20,Entregue,Website,19468.24,18.43
2877,56,2025-06-19,Entregue,Website,11700.31,49.54
2878,422,2025-01-18,Entregue,Marketplace,9067.15,32.24
2879,600,2024-11-04,Entregue,Website,5212.76,35.21
2880,767,2024-12-21,Entregue,Marketplace,13400.86,8.65
2881,202,2024-11-10,Entregue,Marketplace,3954.56,44.17
2882,661,2025-01-02,Entregue,Website,11423.0,1.16
2883,517,2025-02-08,Entregue,Marketplace,19641.88,33.39
2884,648,2024-08-11,Entregue,Website,10489.96,33.19
2885,963,2025-04-27,Entregue,Marketplace,10332.78,25.74
2886,721,2025-04-26,Entregue,Website,9675.66,30.96
2887,968,2024-12-05,Entregue,Marketplace,8192.16,23.16
2888,212,2025-02-09,Entregue,Website,23907.82,0.45
2889,404,2026-04-18,Entregue,Marketplace,12886.26,44.37
2890,830,2026-03-09,Entregue,Website,923.85,39.13
2891,202,2024-10-15,Entregue,Marketplace,17260.18,46.51
2892,678,2026-04-14,Entregue,Marketplace,1665.18,8.79
2893,695,2025-06-04,Entregue,Website,12415.46,9.17
2894,715,2026-06-24,Entregue,Marketplace,12406.17,12.78
2895,58,2026-04-17,Entregue,Marketplace,191.94,25.52
2896,670,2024-12-30,Entregue,Marketplace,4349.52,38.26
2897,644,2025-04-07,Entregue,Website,11516.3,38.27
2898,602,2026-03-01,Entregue,Marketplace,10188.74,30.45
2899,200,2026-08-05,Enviado,Marketplace,2535.48,21.03
2900,369,2025-11-10,Entregue,Marketplace,2837.76,24.1
2901,816,2026-02-25,Entregue,Marketplace,4936.91,37.64
2902,685,2025-07-09,Entregue,Website,13747.03,43.48
2903,510,2024-09-13,Entregue,Website,2391.78,18.73
2904,681,2025-09-28,Entregue,Marketplace,3200.79,42.52
2905,972,2026-04-26,Entregue,Marketplace,1318.52,36.3
2906,324,2025-05-13,Entregue,Marketplace,4235.47,37.0
2907,570,2025-10-02,Entregue,Marketplace,13366.6,24.32
2908,850,2024-10-25,Entregue,Marketplace,3091.28,39.29
2909,998,2025-01-27,Entregue,Website,8810.26,9.93
2910,908,2024-09-12,Entregue,Marketplace,7028.32,12.24
2911,770,2025-06-30,Entregue,Marketplace,6606.91,1.32
2912,760,2024-09-23,Entregue,Marketplace,10945.9,29.03
2913,610,2025-10-03,Entregue,Marketplace,6567.08,45.16
2914,812,2026-08-07,Entregue,Marketplace,5893.78,3.23
2915,281,2025-12-14,Entregue,Marketplace,15215.92,22.22
2916,609,2024-10-18,Entregue,Website,6592.1,31.96
2917,328,2025-09-20,Entregue,Marketplace,1276.96,17.53
2918,564,2025-11-05,Entregue,Marketplace,3674.33,14.22
2919,481,2024-12-23,Entregue,Website,507.84,49.03
2920,208,2026-05-17,Entregue,Marketplace,5820.37,43.86
2921,21,2025-01-02,Entregue,Marketplace,8997.62,49.88
2922,1,2024-09-08,Entregue,Marketplace,14050.32,28.01
2923,603,2025-03-13,Entregue,Marketplace,6956.64,22.78
2924,773,2025-11-05,Entregue,Website,14325.65,34.31
2925,747,2026-02-12,Entregue,Website,3812.6,34.31
2926,187,2025-08-26,Entregue,Website,2294.85,20.24
2927,341,2025-07-09,Entregue,Marketplace,8355.0,33.54
2928,981,2024-12-20,Entregue,Marketplace,18684.41,8.23
2929,708,2026-04-27,Entregue,Website,14011.83,18.23
2930,25,2025-06-20,Entregue,Marketplace,12159.13,4.1
2931,110,2025-07-01,Entregue,Marketplace,7144.2,19.41
2932,230,2026-05-09,Entregue,Marketplace,7769.18,28.46
2933,381,2025-02-02,Entregue,Website,5186.0,1.67
2934,957,2025-10-30,Entregue,Marketplace,13387.82,28.21
2935,134,2026-05-31,Entregue,Marketplace,18839.9,48.86
2936,562,2025-02-13,Entregue,Website,12112.57,1.29
2937,117,2025-12-25,Entregue,Website,793.51,39.65
2938,753,2024-10-04,Entregue,Marketplace,812.93,28.99
2939,439,2025-03-06,Entregue,Website,9114.95,4.3
2940,365,2025-10-27,Entregue,Website,10158.28,2.1
2941,585,2025-07-05,Entregue,Website,3748.72,46.34
2942,231,2026-04-23,Entregue,Marketplace,1185.47,10.56
2943,523,2026-04-03,Entregue,Website,8039.73,24.23
2944,720,2025-07-14,Entregue,Website,10295.28,33.56
2945,606,2026-03-24,Entregue,Website,9534.14,13.66
2946,216,2025-08-14,Entregue,Website,1409.53,24.89
2947,993,2026-03-12,Entregue,Marketplace,12574.55,47.96
2948,379,2026-07-27,Entregue,Website,7836.32,5.59
2949,806,2024-12-21,Entregue,Marketplace,13621.51,46.39
2950,97,2026-01-12,Entregue,Marketplace,12613.6,1.84
2951,869,2026-05-17,Entregue,Marketplace,766.98,13.12
2952,291,2025-11-14,Entregue,Marketplace,8467.83,34.11
2953,497,2025-12-10,Entregue,Marketplace,10254.21,6.75
2954,866,2025-05-09,Entregue,Marketplace,4109.67,0.17
2955,395,2025-05-26,Entregue,Website,9470.96,27.85
2956,884,2026-05-06,Entregue,Marketplace,1875.85,17.23
2957,892,2024-11-14,Entregue,Marketplace,8791.1,38.64
2958,714,2025-04-21,Entregue,Website,17102.0,21.93
2959,108,2026-07-23,Enviado,Website,1198.61,20.34
2960,739,2025-06-22,Entregue,Marketplace,8228.51,21.95
2961,1000,2025-07-02,Entregue,Marketplace,9516.17,13.42
2962,619,2024-10-27,Entregue,Website,2208.98,45.49
2963,924,2025-08-14,Entregue,Website,13549.19,43.71
2964,746,2026-02-06,Entregue,Website,986.58,25.6
2965,838,2026-05-28,Entregue,Website,30348.02,7.88
2966,978,2025-11-24,Entregue,Website,3459.73,3.6
2967,881,2025-02-14,Entregue,Marketplace,5894.35,28.99
2968,437,2025-09-14,Entregue,Website,1478.42,25.01
2969,669,2025-03-17,Entregue,Website,19606.17,40.49
2970,102,2025-07-26,Entregue,Website,21085.89,16.87
2971,630,2025-03-26,Entregue,Website,11282.24,1.86
2972,117,2026-05-03,Entregue,Marketplace,3116.05,2.1
2973,203,2026-03-16,Entregue,Website,4194.19,9.75
2974,350,2025-09-29,Entregue,Marketplace,1431.78,8.85
2975,668,2025-11-28,Entregue,Marketplace,6170.05,24.62
2976,687,2026-07-24,Enviado,Marketplace,453.26,12.8
2977,693,2024-09-05,Entregue,Website,3617.59,27.53
2978,275,2025-03-08,Entregue,Marketplace,4296.09,27.3
2979,588,2024-12-18,Entregue,Website,5800.42,36.82
2980,654,2024-12-17,Entregue,Marketplace,3205.3,32.42
2981,33,2024-09-27,Entregue,Website,1011.69,36.59
2982,813,2025-06-30,Entregue,Website,13464.98,38.29
2983,205,2025-08-16,Entregue,Website,1090.57,16.34
2984,829,2024-11-23,Entregue,Marketplace,10019.07,2.73
2985,88,2026-06-27,Entregue,Marketplace,10424.41,6.05
2986,834,2025-04-30,Entregue,Marketplace,3478.51,20.65
2987,29,2025-08-09,Entregue,Website,16658.3,35.23
2988,84,2025-11-05,Entregue,Marketplace,12420.91,29.0
2989,868,2026-01-04,Entregue,Marketplace,8198.48,34.7
2990,732,2025-06-09,Entregue,Website,18075.57,20.05
2991,77,2026-01-31,Entregue,Website,15432.35,22.18
2992,759,2025-11-11,Entregue,Website,5187.15,9.6
2993,93,2024-11-19,Entregue,Marketplace,531.62,20.17
2994,212,2025-05-20,Entregue,Website,4668.68,5.67
2995,535,2024-12-08,Entregue,Website,107.69,22.75
2996,390,2025-12-28,Entregue,Marketplace,15893.01,47.75
2997,741,2025-02-22,Entregue,Website,16442.51,35.48
2998,72,2025-02-02,Entregue,Website,4655.03,12.67
2999,82,2026-04-12,Entregue,Marketplace,11701.58,46.03
3000,347,2025-05-02,Entregue,Website,10480.72,11.9
