item_id,order_id,product_id,quantity,unit_price,total_price
1,1,34,1,507.59,507.59
2,1,23,1,929.31,929.31
3,1,15,3,280.67,842.02
4,1,11,1,772.38,772.38
5,2,12,3,1597.94,4793.82
6,2,16,3,42.47,127.41
7,3,10,3,4184.44,12553.32
8,3,13,2,887.96,1775.92
9,3,32,3,1034.84,3104.52
10,4,13,1,787.61,787.61
11,4,9,1,4199.61,4199.61
12,4,22,3,772.56,2317.68
13,4,12,1,1597.94,1597.94
14,4,21,3,1754.04,5262.12
15,5,11,3,772.38,2317.14
16,5,28,3,1074.23,3222.69
17,6,12,1,1597.94,1597.94
18,6,25,3,1379.46,4138.38
19,6,20,2,61.02,122.04
20,6,19,3,121.79,365.37
21,6,9,3,4199.61,12598.83
22,7,22,1,772.56,772.56
23,7,5,2,922.51,1845.03
24,8,14,2,884.72,1769.44
25,8,16,1,42.47,42.47
26,8,5,1,1193.52,1193.52
27,9,32,2,883.86,1767.72
28,9,25,3,1379.46,4138.38
29,9,23,3,929.31,2787.93
30,9,35,2,708.89,1417.78
31,10,5,2,1044.22,2088.44
32,11,22,3,772.56,2317.68
33,12,11,2,772.38,1544.76
34,12,28,1,1074.23,1074.23
35,12,4,3,3280.07,9840.21
36,12,7,3,3807.28,11421.84
37,13,4,2,3280.07,6560.14
38,14,1,2,3485.59,6971.18
39,14,28,3,1074.23,3222.69
40,14,6,1,3024.29,3024.29
41,15,8,2,1725.85,3451.7
42,15,20,2,51.33,102.66
43,15,26,1,480.49,480.49
44,15,31,2,1422.93,2845.86
45,16,17,1,119.37,119.37
46,16,15,3,305.22,915.65
47,16,18,3,175.11,525.33
48,16,4,3,3280.07,9840.21
49,17,35,1,907.85,907.85
50,17,31,3,1189.22,3567.67
51,17,16,3,42.47,127.41
52,17,20,3,61.02,183.06
53,18,12,1,1493.0,1493.0
54,18,11,3,772.38,2317.14
55,18,14,3,735.19,2205.58
56,18,13,2,945.88,1891.76
57,19,26,1,480.49,480.49
58,19,21,3,1754.04,5262.12
59,19,18,2,161.11,322.23
60,19,34,3,507.59,1522.77
61,19,30,1,511.45,511.45
62,20,23,3,929.31,2787.93
63,20,27,1,447.25,447.25
64,20,17,3,119.37,358.11
65,20,25,3,1379.46,4138.38
66,20,32,2,1034.84,2069.68
67,21,18,2,175.11,350.22
68,21,24,2,753.86,1507.72
69,21,2,3,1517.6,4552.81
70,21,22,1,772.56,772.56
71,22,18,1,175.11,175.11
72,22,27,2,514.43,1028.86
73,22,6,3,3328.48,9985.44
74,23,5,3,1193.52,3580.56
75,23,20,1,61.02,61.02
76,24,4,1,3280.07,3280.07
77,24,16,2,42.47,84.94
78,25,26,2,480.49,960.98
79,25,8,1,1725.85,1725.85
80,25,2,2,1955.12,3910.24
81,25,16,2,42.47,84.94
82,25,24,2,753.86,1507.72
83,26,4,3,3280.07,9840.21
84,26,11,1,772.38,772.38
85,26,14,2,884.72,1769.44
86,26,15,3,287.02,861.06
87,27,15,2,373.87,747.74
88,28,28,2,1074.23,2148.46
89,28,25,2,1379.46,2758.92
90,28,23,3,929.31,2787.93
91,29,19,2,110.46,220.91
92,29,20,3,61.02,183.06
93,29,7,2,3807.28,7614.56
94,30,16,3,36.12,108.37
95,30,4,2,3280.07,6560.14
96,30,26,2,480.49,960.98
97,30,21,3,1417.94,4253.83
98,30,9,3,4199.61,12598.83
99,31,23,3,929.31,2787.93
100,31,33,1,1384.64,1384.64
101,31,20,2,54.81,109.62
102,31,11,3,772.38,2317.14
103,32,23,3,929.31,2787.93
104,32,15,2,373.87,747.74
105,33,30,1,511.45,511.45
106,33,8,3,1725.85,5177.55
107,33,31,3,1098.67,3296.0
108,34,34,1,461.88,461.88
109,34,20,2,61.02,122.04
110,34,27,2,399.98,799.96
111,34,4,1,3280.07,3280.07
112,35,21,1,1754.04,1754.04
113,35,4,1,3280.07,3280.07
114,36,9,3,4199.61,12598.83
115,37,25,1,1379.46,1379.46
116,37,1,1,3485.59,3485.59
117,37,3,3,3171.58,9514.74
118,37,35,3,907.85,2723.55
119,38,25,3,1379.46,4138.38
120,39,19,3,146.82,440.46
121,39,30,2,511.45,1022.9
122,39,34,1,507.59,507.59
123,40,11,1,772.38,772.38
124,40,26,3,480.49,1441.47
125,41,8,3,1725.85,5177.55
126,41,24,1,753.86,753.86
127,42,4,2,3280.07,6560.14
128,42,7,3,3807.28,11421.84
129,42,2,3,1585.53,4756.58
130,42,8,3,1494.29,4482.86
131,42,27,1,514.43,514.43
132,43,33,3,1384.64,4153.92
133,44,13,3,945.88,2837.64
134,44,17,1,101.55,101.55
135,44,34,1,507.59,507.59
136,44,23,2,929.31,1858.62
137,45,32,1,1034.84,1034.84
138,46,17,3,119.37,358.11
139,47,12,1,1597.94,1597.94
140,48,7,1,3511.53,3511.53
141,49,18,1,152.34,152.34
142,49,6,2,3328.48,6656.96
143,49,24,2,753.86,1507.72
144,49,22,2,772.56,1545.12
145,50,11,1,772.38,772.38
146,51,12,3,1597.94,4793.82
147,51,25,3,1379.46,4138.38
148,51,23,1,929.31,929.31
149,51,2,2,1696.54,3393.08
150,52,1,3,3485.59,10456.77
151,52,34,3,507.59,1522.77
152,52,15,3,373.87,1121.61
153,53,10,3,4184.44,12553.32
154,53,4,2,3280.07,6560.14
155,53,1,1,3485.59,3485.59
156,53,11,2,772.38,1544.76
157,54,25,1,1187.94,1187.94
158,54,26,3,480.49,1441.47
159,55,32,3,1034.84,3104.52
160,56,1,3,3485.59,10456.77
161,56,6,2,3328.48,6656.96
162,56,20,1,61.02,61.02
163,56,33,2,1384.64,2769.28
164,56,14,3,884.72,2654.16
165,57,7,3,3807.28,11421.84
166,58,34,1,507.59,507.59
167,58,24,2,608.09,1216.17
168,58,7,3,3807.28,11421.84
169,59,14,1,884.72,884.72
170,59,30,1,511.45,511.45
171,59,13,3,945.88,2837.64
172,59,22,2,772.56,1545.12
173,60,34,3,387.26,1161.78
174,61,12,1,1597.94,1597.94
175,61,9,3,4199.61,12598.83
176,62,16,2,42.47,84.94
177,62,18,1,175.11,175.11
178,62,26,3,480.49,1441.47
179,62,22,3,772.56,2317.68
180,62,19,3,146.82,440.46
181,63,19,3,146.82,440.46
182,63,23,2,929.31,1858.62
183,63,9,2,4199.61,8399.22
184,63,12,3,1597.94,4793.82
185,63,33,3,1384.64,4153.92
186,64,1,2,2844.06,5688.13
187,64,34,1,507.59,507.59
188,64,7,1,3807.28,3807.28
189,64,2,3,1955.12,5865.36
190,65,14,2,884.72,1769.44
191,65,35,1,907.85,907.85
192,65,3,3,3893.18,11679.54
193,66,25,2,1379.46,2758.92
194,66,16,3,42.47,127.41
195,66,33,3,1109.46,3328.39
196,66,19,1,146.82,146.82
197,66,4,2,3280.07,6560.14
198,67,13,1,945.88,945.88
199,67,19,3,146.82,440.46
200,67,29,2,1126.15,2252.31
201,67,12,2,1331.41,2662.82
202,67,5,2,1022.53,2045.06
203,68,4,3,3280.07,9840.21
204,68,20,1,61.02,61.02
205,68,32,2,1034.84,2069.68
206,69,11,2,772.38,1544.76
207,69,27,1,514.43,514.43
208,69,35,2,907.85,1815.7
209,69,26,1,480.49,480.49
210,69,6,3,3328.48,9985.44
211,70,29,3,1259.43,3778.29
212,70,16,2,42.47,84.94
213,70,3,1,3893.18,3893.18
214,71,24,2,753.86,1507.72
215,71,33,1,1384.64,1384.64
216,71,29,1,1259.43,1259.43
217,71,32,1,1034.84,1034.84
218,71,3,3,3893.18,11679.54
219,72,28,1,1074.23,1074.23
220,72,7,3,3807.28,11421.84
221,73,10,1,4184.44,4184.44
222,74,12,2,1597.94,3195.88
223,75,25,2,1124.73,2249.46
224,75,29,3,1015.03,3045.09
225,75,26,1,480.49,480.49
226,75,28,3,838.28,2514.83
227,76,6,2,3328.48,6656.96
228,76,19,3,134.89,404.67
229,76,29,1,1097.97,1097.97
230,77,20,1,61.02,61.02
231,77,24,3,709.87,2129.61
232,78,20,1,61.02,61.02
233,79,10,1,3413.68,3413.68
234,79,11,3,772.38,2317.14
235,79,12,3,1597.94,4793.82
236,79,15,3,304.95,914.86
237,79,17,2,96.08,192.16
238,80,7,3,3469.58,10408.73
239,80,19,2,146.82,293.64
240,81,24,2,668.94,1337.89
241,81,21,1,1754.04,1754.04
242,82,9,2,4199.61,8399.22
243,82,22,2,772.56,1545.12
244,82,31,1,1179.15,1179.15
245,83,17,3,112.96,338.87
246,83,5,3,1193.52,3580.56
247,84,3,3,3893.18,11679.54
248,84,17,3,119.37,358.11
249,85,19,2,146.82,293.64
250,85,9,1,4199.61,4199.61
251,86,11,3,772.38,2317.14
252,86,33,3,1384.64,4153.92
253,86,9,1,4199.61,4199.61
254,86,29,2,1259.43,2518.86
255,86,12,1,1597.94,1597.94
256,87,15,3,373.87,1121.61
257,87,3,2,3893.18,7786.36
258,87,14,2,884.72,1769.44
259,88,18,3,175.11,525.33
260,88,17,3,119.37,358.11
261,88,35,1,907.85,907.85
262,88,12,2,1597.94,3195.88
263,88,25,1,1379.46,1379.46
264,89,1,1,3485.59,3485.59
265,89,33,3,1384.64,4153.92
266,89,9,1,3857.46,3857.46
267,89,29,3,1259.43,3778.29
268,90,8,3,1351.9,4055.71
269,90,31,1,1422.93,1422.93
270,90,14,1,884.72,884.72
271,91,4,2,3280.07,6560.14
272,91,11,3,772.38,2317.14
273,92,6,3,3328.48,9985.44
274,92,14,2,693.56,1387.11
275,92,29,3,1049.7,3149.09
276,93,17,1,119.37,119.37
277,93,11,1,702.5,702.5
278,93,22,3,772.56,2317.68
279,93,30,1,511.45,511.45
280,93,5,1,1193.52,1193.52
281,94,33,3,1384.64,4153.92
282,94,8,1,1725.85,1725.85
283,94,6,3,3328.48,9985.44
284,94,31,3,1422.93,4268.79
285,94,9,1,4199.61,4199.61
286,95,25,1,1379.46,1379.46
287,95,23,1,929.31,929.31
288,95,7,1,3807.28,3807.28
289,95,28,3,1074.23,3222.69
290,96,34,1,507.59,507.59
291,97,10,2,4184.44,8368.88
292,98,24,2,753.86,1507.72
293,98,18,3,175.11,525.33
294,98,26,2,480.49,960.98
295,98,14,2,884.72,1769.44
296,99,9,3,4199.61,12598.83
297,99,8,1,1725.85,1725.85
298,99,15,2,373.87,747.74
299,99,29,3,1259.43,3778.29
300,100,6,1,3328.48,3328.48
301,101,15,3,326.44,979.32
302,101,24,2,753.86,1507.72
303,101,6,3,3328.48,9985.44
304,102,32,1,1034.84,1034.84
305,102,29,3,1259.43,3778.29
306,103,33,2,1384.64,2769.28
307,103,34,1,507.59,507.59
308,103,15,1,373.87,373.87
309,103,11,2,772.38,1544.76
310,103,3,2,3893.18,7786.36
311,104,6,3,3328.48,9985.44
312,105,15,2,373.87,747.74
313,105,13,2,802.82,1605.64
314,105,30,3,455.78,1367.34
315,106,35,2,907.85,1815.7
316,106,17,1,119.37,119.37
317,106,29,2,1259.43,2518.86
318,107,5,3,1193.52,3580.56
319,107,25,2,1379.46,2758.92
320,107,15,2,373.87,747.74
321,108,26,3,480.49,1441.47
322,109,31,2,1422.93,2845.86
323,109,21,3,1754.04,5262.12
324,110,16,1,42.47,42.47
325,110,17,1,119.37,119.37
326,111,6,3,3328.48,9985.44
327,112,3,3,3893.18,11679.54
328,112,31,2,1134.29,2268.57
329,112,24,3,753.86,2261.58
330,112,21,1,1754.04,1754.04
331,112,32,1,817.67,817.67
332,113,12,2,1597.94,3195.88
333,113,30,1,464.32,464.32
334,113,8,3,1514.74,4544.23
335,113,34,2,455.53,911.05
336,114,24,2,753.86,1507.72
337,114,12,3,1597.94,4793.82
338,114,32,2,1034.84,2069.68
339,115,15,3,373.87,1121.61
340,115,7,1,3807.28,3807.28
341,116,31,1,1422.93,1422.93
342,116,1,1,3485.59,3485.59
343,117,17,1,119.37,119.37
344,117,4,1,3280.07,3280.07
345,117,26,2,480.49,960.98
346,118,17,1,119.37,119.37
347,118,24,2,753.86,1507.72
348,118,23,3,775.81,2327.42
349,119,23,2,929.31,1858.62
350,119,21,2,1754.04,3508.08
351,119,33,2,1384.64,2769.28
352,120,27,1,465.23,465.23
353,120,26,2,480.49,960.98
354,120,5,3,1193.52,3580.56
355,121,24,1,712.68,712.68
356,121,34,3,507.59,1522.77
357,121,29,2,1259.43,2518.86
358,121,27,3,514.43,1543.29
359,122,5,2,1193.52,2387.04
360,123,7,2,3807.28,7614.56
361,124,19,3,124.01,372.04
362,124,29,1,1029.32,1029.32
363,125,35,3,907.85,2723.55
364,125,18,3,175.11,525.33
365,125,29,3,1259.43,3778.29
366,125,9,3,4199.61,12598.83
367,126,35,2,907.85,1815.7
368,126,15,2,354.39,708.77
369,126,6,3,3328.48,9985.44
370,126,29,1,1259.43,1259.43
371,127,31,2,1422.93,2845.86
372,127,20,1,61.02,61.02
373,127,1,1,3485.59,3485.59
374,127,28,3,1074.23,3222.69
375,128,17,2,119.37,238.74
376,128,6,3,3328.48,9985.44
377,129,18,1,175.11,175.11
378,129,27,3,514.43,1543.29
379,129,13,2,945.88,1891.76
380,129,5,3,1193.52,3580.56
381,129,12,2,1502.18,3004.36
382,130,19,2,126.61,253.21
383,131,32,1,1034.84,1034.84
384,132,3,1,3893.18,3893.18
385,132,22,2,661.29,1322.58
386,132,6,1,3328.48,3328.48
387,132,10,2,4184.44,8368.88
388,133,25,1,1379.46,1379.46
389,133,29,1,1011.24,1011.24
390,134,21,3,1754.04,5262.12
391,134,11,3,659.42,1978.27
392,134,3,2,3007.47,6014.93
393,135,28,1,961.2,961.2
394,135,21,1,1754.04,1754.04
395,136,31,1,1422.93,1422.93
396,136,10,3,4184.44,12553.32
397,136,24,3,662.56,1987.69
398,136,6,1,3328.48,3328.48
399,136,16,1,38.37,38.37
400,137,13,3,728.58,2185.74
401,137,2,2,1955.12,3910.24
402,137,25,3,1379.46,4138.38
403,137,23,3,929.31,2787.93
404,138,30,1,511.45,511.45
405,138,18,2,175.11,350.22
406,138,11,2,772.38,1544.76
407,139,25,2,1379.46,2758.92
408,139,12,3,1597.94,4793.82
409,139,2,2,1590.21,3180.41
410,139,24,3,673.48,2020.44
411,139,16,2,42.47,84.94
412,140,3,1,3674.17,3674.17
413,141,25,3,1379.46,4138.38
414,142,5,1,1193.52,1193.52
415,142,1,1,3485.59,3485.59
416,143,24,1,753.86,753.86
417,143,4,2,2974.43,5948.87
418,143,18,3,140.96,422.87
419,143,34,3,507.59,1522.77
420,144,27,3,514.43,1543.29
421,144,7,3,3807.28,11421.84
422,145,12,3,1597.94,4793.82
423,145,26,1,480.49,480.49
424,146,21,3,1754.04,5262.12
425,146,24,3,753.86,2261.58
426,146,27,1,514.43,514.43
427,147,24,1,753.86,753.86
428,147,29,2,1259.43,2518.86
429,147,26,3,370.91,1112.72
430,148,21,3,1754.04,5262.12
431,148,2,3,1955.12,5865.36
432,149,23,2,929.31,1858.62
433,149,10,1,4184.44,4184.44
434,149,9,2,3653.83,7307.66
435,149,17,1,119.37,119.37
436,150,32,3,1034.84,3104.52
437,150,7,1,3807.28,3807.28
438,151,22,2,772.56,1545.12
439,152,15,3,373.87,1121.61
440,153,4,2,3280.07,6560.14
441,153,20,1,61.02,61.02
442,153,34,3,507.59,1522.77
443,153,3,1,3893.18,3893.18
444,154,33,2,1222.31,2444.63
445,154,6,2,3328.48,6656.96
446,154,15,1,373.87,373.87
447,154,28,2,912.7,1825.41
448,154,19,3,135.52,406.56
449,155,13,2,945.88,1891.76
450,155,34,3,414.02,1242.05
451,155,16,2,42.47,84.94
452,155,5,1,1193.52,1193.52
453,155,18,3,175.11,525.33
454,156,29,1,1102.3,1102.3
455,156,10,3,4184.44,12553.32
456,156,3,1,3893.18,3893.18
457,157,1,2,3485.59,6971.18
458,157,22,1,772.56,772.56
459,157,8,3,1725.85,5177.55
460,158,10,2,3737.53,7475.06
461,158,2,3,1955.12,5865.36
462,158,25,1,1379.46,1379.46
463,158,34,1,415.17,415.17
464,158,3,3,3893.18,11679.54
465,159,19,3,146.82,440.46
466,160,35,3,907.85,2723.55
467,160,6,3,3328.48,9985.44
468,160,12,1,1223.3,1223.3
469,160,13,2,945.88,1891.76
470,161,23,3,929.31,2787.93
471,161,20,1,61.02,61.02
472,161,16,2,42.47,84.94
473,162,15,2,373.87,747.74
474,162,10,1,4184.44,4184.44
475,162,22,3,772.56,2317.68
476,163,10,3,3429.17,10287.51
477,163,28,3,1074.23,3222.69
478,163,20,1,61.02,61.02
479,163,22,2,772.56,1545.12
480,163,29,3,1259.43,3778.29
481,164,11,1,772.38,772.38
482,164,21,1,1754.04,1754.04
483,164,5,2,1193.52,2387.04
484,164,35,2,907.85,1815.7
485,164,8,2,1725.85,3451.7
486,165,7,1,2866.15,2866.15
487,165,9,3,4199.61,12598.83
488,166,2,1,1955.12,1955.12
489,166,23,2,725.58,1451.16
490,167,32,1,1034.84,1034.84
491,167,31,2,1422.93,2845.86
492,167,9,1,4199.61,4199.61
493,167,11,2,772.38,1544.76
494,168,12,2,1597.94,3195.88
495,169,28,1,1074.23,1074.23
496,169,26,2,480.49,960.98
497,170,30,3,511.45,1534.35
498,170,3,3,3396.88,10190.64
499,170,16,3,42.47,127.41
500,170,34,1,507.59,507.59
501,171,30,2,511.45,1022.9
502,171,11,1,772.38,772.38
503,171,28,1,1074.23,1074.23
504,172,12,3,1597.94,4793.82
505,173,29,2,1259.43,2518.86
506,173,2,3,1955.12,5865.36
507,173,12,2,1414.47,2828.95
508,174,6,1,3328.48,3328.48
509,175,33,1,1384.64,1384.64
510,175,11,3,772.38,2317.14
511,175,25,1,1270.59,1270.59
512,175,3,3,3458.65,10375.96
513,176,8,1,1375.37,1375.37
514,176,9,1,4199.61,4199.61
515,177,32,1,1034.84,1034.84
516,178,6,3,3328.48,9985.44
517,178,1,1,3207.96,3207.96
518,178,16,3,42.47,127.41
519,178,18,1,175.11,175.11
520,179,4,1,3280.07,3280.07
521,180,12,2,1597.94,3195.88
522,180,30,2,511.45,1022.9
523,180,24,2,753.86,1507.72
524,180,3,1,3893.18,3893.18
525,180,6,1,2589.95,2589.95
526,181,4,3,3280.07,9840.21
527,181,7,3,3807.28,11421.84
528,182,19,3,146.82,440.46
529,182,28,2,1074.23,2148.46
530,182,21,3,1754.04,5262.12
531,182,17,3,119.37,358.11
532,182,34,2,507.59,1015.18
533,183,1,1,3485.59,3485.59
534,183,8,1,1725.85,1725.85
535,184,14,3,884.72,2654.16
536,184,1,1,3485.59,3485.59
537,184,13,3,945.88,2837.64
538,185,22,1,605.1,605.1
539,185,26,3,480.49,1441.47
540,185,2,2,1955.12,3910.24
541,186,35,3,767.85,2303.54
542,186,22,3,772.56,2317.68
543,186,30,2,511.45,1022.9
544,186,27,1,514.43,514.43
545,187,5,1,1193.52,1193.52
546,187,10,2,4184.44,8368.88
547,187,18,1,175.11,175.11
548,188,21,2,1358.66,2717.32
549,188,3,2,3893.18,7786.36
550,188,18,2,175.11,350.22
551,189,13,1,945.88,945.88
552,190,13,2,945.88,1891.76
553,190,22,3,772.56,2317.68
554,191,34,3,507.59,1522.77
555,192,8,2,1725.85,3451.7
556,192,1,1,2777.19,2777.19
557,192,20,3,61.02,183.06
558,192,3,3,3893.18,11679.54
559,192,6,3,3328.48,9985.44
560,193,35,3,835.35,2506.04
561,193,21,2,1330.16,2660.32
562,193,29,3,1259.43,3778.29
563,194,10,1,3461.99,3461.99
564,194,19,2,146.82,293.64
565,194,16,1,36.35,36.35
566,195,6,2,3328.48,6656.96
567,196,22,1,772.56,772.56
568,196,13,2,945.88,1891.76
569,196,35,1,907.85,907.85
570,197,30,1,394.26,394.26
571,197,31,2,1422.93,2845.86
572,197,15,2,286.59,573.18
573,198,5,2,1019.59,2039.18
574,199,9,2,4199.61,8399.22
575,199,33,1,1384.64,1384.64
576,199,7,3,3386.87,10160.6
577,200,16,2,42.47,84.94
578,200,11,2,772.38,1544.76
579,201,22,3,772.56,2317.68
580,201,35,3,907.85,2723.55
581,201,16,3,42.47,127.41
582,201,12,1,1597.94,1597.94
583,202,12,3,1257.88,3773.63
584,202,20,2,61.02,122.04
585,202,26,3,480.49,1441.47
586,202,5,1,1193.52,1193.52
587,203,29,2,1259.43,2518.86
588,203,35,3,907.85,2723.55
589,204,28,3,808.59,2425.77
590,204,23,2,929.31,1858.62
591,204,6,2,2562.21,5124.43
592,205,23,2,929.31,1858.62
593,205,8,2,1725.85,3451.7
594,205,19,3,146.82,440.46
595,205,2,2,1955.12,3910.24
596,205,16,1,42.47,42.47
597,206,24,3,714.42,2143.25
598,206,27,3,414.49,1243.48
599,206,10,2,4184.44,8368.88
600,206,19,1,120.62,120.62
601,207,28,2,1074.23,2148.46
602,207,12,1,1597.94,1597.94
603,207,30,1,511.45,511.45
604,207,33,3,1384.64,4153.92
605,207,29,3,1259.43,3778.29
606,208,31,3,1422.93,4268.79
607,209,10,3,4184.44,12553.32
608,210,34,3,434.25,1302.74
609,211,20,2,61.02,122.04
610,211,4,2,3280.07,6560.14
611,211,22,2,772.56,1545.12
612,211,35,2,907.85,1815.7
613,211,1,1,3485.59,3485.59
614,212,17,3,119.37,358.11
615,212,4,2,3280.07,6560.14
616,212,31,1,1422.93,1422.93
617,212,11,2,772.38,1544.76
618,212,19,3,146.82,440.46
619,213,12,3,1597.94,4793.82
620,214,17,2,100.81,201.62
621,214,16,1,42.47,42.47
622,215,32,2,1034.84,2069.68
623,215,27,2,514.43,1028.86
624,216,4,1,2854.48,2854.48
625,216,17,2,119.37,238.74
626,216,8,3,1725.85,5177.55
627,217,34,1,507.59,507.59
628,217,28,2,1074.23,2148.46
629,218,23,2,929.31,1858.62
630,218,28,2,1074.23,2148.46
631,218,18,3,175.11,525.33
632,218,22,3,772.56,2317.68
633,218,7,1,3807.28,3807.28
634,219,1,1,3243.2,3243.2
635,220,17,1,119.37,119.37
636,220,13,1,945.88,945.88
637,220,3,3,3893.18,11679.54
638,221,6,3,2725.1,8175.29
639,222,17,2,119.37,238.74
640,222,19,1,146.82,146.82
641,223,17,2,119.37,238.74
642,223,11,2,772.38,1544.76
643,223,5,1,1193.52,1193.52
644,224,32,1,1034.84,1034.84
645,225,28,1,1005.39,1005.39
646,225,14,3,884.72,2654.16
647,225,7,2,3237.94,6475.88
648,225,29,3,1259.43,3778.29
649,225,17,1,119.37,119.37
650,226,1,2,3485.59,6971.18
651,226,33,3,1384.64,4153.92
652,226,32,1,1034.84,1034.84
653,226,31,1,1422.93,1422.93
654,227,23,3,929.31,2787.93
655,227,22,3,651.33,1953.98
656,227,20,2,52.36,104.72
657,227,26,2,480.49,960.98
658,227,4,1,3280.07,3280.07
659,228,25,2,1135.9,2271.81
660,228,7,3,3589.73,10769.2
661,228,23,1,929.31,929.31
662,229,35,3,907.85,2723.55
663,230,3,2,3085.13,6170.26
664,231,30,1,511.45,511.45
665,231,35,2,907.85,1815.7
666,231,10,2,4184.44,8368.88
667,231,15,3,302.74,908.21
668,231,5,1,982.83,982.83
669,232,30,3,425.42,1276.26
670,233,15,3,373.87,1121.61
671,233,5,2,970.55,1941.1
672,233,13,3,740.35,2221.06
673,233,28,1,1074.23,1074.23
674,233,22,3,724.16,2172.49
675,234,24,2,753.86,1507.72
676,234,11,3,718.32,2154.96
677,235,32,1,945.97,945.97
678,236,9,3,4199.61,12598.83
679,236,14,1,884.72,884.72
680,236,10,3,4184.44,12553.32
681,236,18,3,148.85,446.54
682,237,23,3,929.31,2787.93
683,237,27,1,514.43,514.43
684,237,1,1,3485.59,3485.59
685,238,18,1,161.13,161.13
686,238,4,2,3280.07,6560.14
687,239,19,2,146.82,293.64
688,239,14,2,709.47,1418.94
689,239,28,3,851.76,2555.28
690,240,29,2,1025.97,2051.94
691,240,21,2,1754.04,3508.08
692,241,27,2,514.43,1028.86
693,241,13,1,945.88,945.88
694,242,14,1,884.72,884.72
695,242,30,1,511.45,511.45
696,243,22,1,772.56,772.56
697,243,9,1,4199.61,4199.61
698,244,22,2,772.56,1545.12
699,244,15,3,373.87,1121.61
700,245,32,1,1034.84,1034.84
701,245,14,3,884.72,2654.16
702,245,31,1,1422.93,1422.93
703,245,30,3,511.45,1534.35
704,245,18,3,175.11,525.33
705,246,3,2,3893.18,7786.36
706,247,31,1,1137.47,1137.47
707,247,7,3,3807.28,11421.84
708,247,29,1,1121.95,1121.95
709,247,32,3,1034.84,3104.52
710,248,30,2,511.45,1022.9
711,248,2,1,1955.12,1955.12
712,249,30,2,511.45,1022.9
713,249,1,2,3485.59,6971.18
714,249,5,2,1193.52,2387.04
715,250,22,3,772.56,2317.68
716,251,25,2,1379.46,2758.92
717,252,5,3,1019.63,3058.88
718,252,14,3,884.72,2654.16
719,252,9,3,4199.61,12598.83
720,252,22,3,772.56,2317.68
721,252,16,2,42.47,84.94
722,253,24,2,753.86,1507.72
723,254,35,1,907.85,907.85
724,254,19,2,128.01,256.01
725,254,29,1,1259.43,1259.43
726,254,24,1,674.56,674.56
727,254,5,3,1097.92,3293.76
728,255,9,3,4199.61,12598.83
729,255,31,2,1345.51,2691.02
730,255,23,1,929.31,929.31
731,255,27,3,514.43,1543.29
732,255,29,2,1259.43,2518.86
733,256,29,2,1259.43,2518.86
734,256,30,2,511.45,1022.9
735,256,20,1,54.5,54.5
736,256,9,1,4199.61,4199.61
737,256,11,1,772.38,772.38
738,257,11,1,684.85,684.85
739,257,16,1,42.47,42.47
740,258,21,2,1509.03,3018.05
741,259,2,2,1955.12,3910.24
742,260,10,3,4184.44,12553.32
743,260,1,3,3485.59,10456.77
744,260,35,2,907.85,1815.7
745,261,22,1,772.56,772.56
746,261,8,1,1725.85,1725.85
747,261,31,2,1422.93,2845.86
748,261,3,1,3893.18,3893.18
749,262,34,2,473.72,947.45
750,262,15,2,373.87,747.74
751,263,13,1,945.88,945.88
752,263,32,2,1034.84,2069.68
753,263,21,3,1754.04,5262.12
754,263,33,2,1384.64,2769.28
755,264,29,3,1259.43,3778.29
756,264,6,3,3328.48,9985.44
757,264,14,2,884.72,1769.44
758,265,9,2,4199.61,8399.22
759,265,6,3,3328.48,9985.44
760,265,10,1,4184.44,4184.44
761,265,14,3,884.72,2654.16
762,266,27,3,514.43,1543.29
763,266,12,1,1252.06,1252.06
764,266,30,2,511.45,1022.9
765,267,32,1,1034.84,1034.84
766,267,30,1,511.45,511.45
767,267,15,3,373.87,1121.61
768,268,27,3,514.43,1543.29
769,268,12,1,1429.45,1429.45
770,268,32,1,1034.84,1034.84
771,269,31,3,1422.93,4268.79
772,269,8,1,1725.85,1725.85
773,269,24,1,753.86,753.86
774,270,23,1,929.31,929.31
775,270,11,2,772.38,1544.76
776,271,34,1,507.59,507.59
777,271,5,1,1193.52,1193.52
778,271,33,3,1384.64,4153.92
779,272,18,3,175.11,525.33
780,272,24,1,638.04,638.04
781,272,7,2,3807.28,7614.56
782,273,7,1,3807.28,3807.28
783,273,14,1,884.72,884.72
784,274,8,1,1725.85,1725.85
785,275,9,2,3733.72,7467.44
786,275,29,3,1259.43,3778.29
787,275,34,1,411.73,411.73
788,276,9,2,4199.61,8399.22
789,276,6,1,2646.35,2646.35
790,277,3,3,3893.18,11679.54
791,278,3,3,3623.38,10870.14
792,278,5,1,1193.52,1193.52
793,278,20,1,61.02,61.02
794,279,6,1,3328.48,3328.48
795,280,23,3,929.31,2787.93
796,280,11,3,772.38,2317.14
797,280,33,1,1384.64,1384.64
798,281,19,3,118.18,354.54
799,281,11,1,772.38,772.38
800,282,12,2,1597.94,3195.88
801,282,29,1,1259.43,1259.43
802,282,7,2,3532.92,7065.83
803,282,23,1,929.31,929.31
804,282,25,2,1379.46,2758.92
805,283,8,3,1725.85,5177.55
806,283,25,3,1379.46,4138.38
807,283,19,2,146.82,293.64
808,283,30,2,511.45,1022.9
809,284,31,3,1422.93,4268.79
810,285,29,1,1259.43,1259.43
811,285,34,3,507.59,1522.77
812,285,6,1,3328.48,3328.48
813,285,8,1,1302.95,1302.95
814,286,8,2,1725.85,3451.7
815,286,15,3,373.87,1121.61
816,286,28,3,1074.23,3222.69
817,286,32,2,1034.84,2069.68
818,287,18,2,175.11,350.22
819,287,10,1,4184.44,4184.44
820,287,30,1,410.41,410.41
821,287,7,1,3807.28,3807.28
822,287,8,1,1725.85,1725.85
823,288,7,1,3807.28,3807.28
824,288,5,2,1193.52,2387.04
825,288,34,2,507.59,1015.18
826,288,32,3,1034.84,3104.52
827,288,30,1,511.45,511.45
828,289,25,1,1156.91,1156.91
829,289,29,2,1259.43,2518.86
830,289,30,1,511.45,511.45
831,290,8,2,1725.85,3451.7
832,290,32,1,1034.84,1034.84
833,290,35,2,907.85,1815.7
834,290,31,3,1422.93,4268.79
835,291,21,3,1372.73,4118.2
836,291,4,2,3280.07,6560.14
837,291,2,3,1508.83,4526.48
838,292,23,3,929.31,2787.93
839,292,27,1,514.43,514.43
840,292,4,3,2664.73,7994.2
841,293,2,2,1600.16,3200.32
842,293,35,2,907.85,1815.7
843,294,2,2,1593.38,3186.76
844,294,21,2,1754.04,3508.08
845,294,25,3,1379.46,4138.38
846,294,7,3,3807.28,11421.84
847,295,35,1,907.85,907.85
848,296,15,2,295.27,590.54
849,296,6,2,3328.48,6656.96
850,296,7,2,3807.28,7614.56
851,296,22,3,772.56,2317.68
852,297,21,3,1754.04,5262.12
853,297,13,3,945.88,2837.64
854,297,27,1,514.43,514.43
855,297,26,3,480.49,1441.47
856,297,17,1,119.37,119.37
857,298,28,2,988.19,1976.38
858,298,4,3,3280.07,9840.21
859,298,34,2,507.59,1015.18
860,298,13,1,945.88,945.88
861,298,24,2,753.86,1507.72
862,299,16,1,42.47,42.47
863,299,26,2,480.49,960.98
864,299,8,3,1725.85,5177.55
865,299,10,2,4184.44,8368.88
866,299,13,1,945.88,945.88
867,300,12,1,1231.53,1231.53
868,300,3,2,3893.18,7786.36
869,300,32,1,1034.84,1034.84
870,301,26,3,480.49,1441.47
871,302,8,1,1725.85,1725.85
872,302,34,2,507.59,1015.18
873,302,17,3,119.37,358.11
874,302,32,3,1034.84,3104.52
875,302,6,2,3328.48,6656.96
876,303,29,3,1062.08,3186.25
877,303,27,3,514.43,1543.29
878,303,17,2,119.37,238.74
879,304,24,3,753.86,2261.58
880,304,31,2,1076.64,2153.29
881,305,16,2,42.47,84.94
882,306,35,1,907.85,907.85
883,307,17,2,119.37,238.74
884,307,20,1,61.02,61.02
885,307,6,3,3328.48,9985.44
886,307,16,3,42.47,127.41
887,308,31,1,1422.93,1422.93
888,308,27,3,514.43,1543.29
889,308,22,1,772.56,772.56
890,308,28,3,1074.23,3222.69
891,309,4,3,3280.07,9840.21
892,310,1,1,3485.59,3485.59
893,310,26,2,480.49,960.98
894,311,27,2,514.43,1028.86
895,311,21,3,1605.48,4816.44
896,312,6,2,2578.65,5157.29
897,312,27,3,514.43,1543.29
898,313,15,3,373.87,1121.61
899,313,6,1,3328.48,3328.48
900,313,30,2,511.45,1022.9
901,313,13,1,828.98,828.98
902,313,17,3,96.25,288.74
903,314,8,2,1725.85,3451.7
904,314,15,2,373.87,747.74
905,314,14,2,884.72,1769.44
906,314,13,3,945.88,2837.64
907,315,27,2,514.43,1028.86
908,315,12,1,1597.94,1597.94
909,316,24,1,696.08,696.08
910,316,30,2,511.45,1022.9
911,317,17,1,119.37,119.37
912,317,5,1,1193.52,1193.52
913,317,7,2,3807.28,7614.56
914,317,4,3,3280.07,9840.21
915,318,25,3,1261.0,3783.0
916,318,20,1,61.02,61.02
917,318,26,2,480.49,960.98
918,318,24,1,609.08,609.08
919,318,9,2,3891.49,7782.98
920,319,24,2,753.86,1507.72
921,319,28,2,1074.23,2148.46
922,319,19,2,146.82,293.64
923,320,29,1,1138.56,1138.56
924,320,4,1,3280.07,3280.07
925,321,3,2,3893.18,7786.36
926,321,29,3,1259.43,3778.29
927,321,23,1,929.31,929.31
928,321,32,1,1034.84,1034.84
929,322,14,3,677.62,2032.87
930,322,1,1,3485.59,3485.59
931,322,34,3,448.85,1346.54
932,323,7,2,3807.28,7614.56
933,323,21,3,1754.04,5262.12
934,323,10,3,4184.44,12553.32
935,323,2,3,1955.12,5865.36
936,323,6,2,3328.48,6656.96
937,324,9,1,4199.61,4199.61
938,324,14,3,884.72,2654.16
939,324,4,2,2948.68,5897.35
940,324,19,1,146.82,146.82
941,324,21,2,1367.33,2734.66
942,325,10,2,4184.44,8368.88
943,325,8,3,1725.85,5177.55
944,325,20,2,61.02,122.04
945,326,24,3,649.01,1947.02
946,327,28,3,1074.23,3222.69
947,327,6,2,3328.48,6656.96
948,327,24,3,753.86,2261.58
949,327,12,1,1597.94,1597.94
950,327,3,3,3893.18,11679.54
951,328,6,1,3328.48,3328.48
952,328,31,2,1422.93,2845.86
953,328,20,3,61.02,183.06
954,328,10,3,3911.17,11733.51
955,329,7,2,3807.28,7614.56
956,329,30,3,410.13,1230.39
957,329,17,2,109.05,218.1
958,329,23,2,805.48,1610.96
959,330,29,1,1008.29,1008.29
960,330,17,3,119.37,358.11
961,330,22,3,651.36,1954.09
962,330,12,1,1597.94,1597.94
963,331,26,3,480.49,1441.47
964,331,32,3,1034.84,3104.52
965,331,20,2,56.32,112.64
966,331,24,1,713.77,713.77
967,332,16,3,42.47,127.41
968,332,28,3,955.87,2867.6
969,333,8,1,1725.85,1725.85
970,334,2,2,1955.12,3910.24
971,334,29,2,1194.48,2388.95
972,334,16,3,42.47,127.41
973,334,13,2,945.88,1891.76
974,335,19,3,146.82,440.46
975,335,3,3,3893.18,11679.54
976,335,32,2,1034.84,2069.68
977,335,26,1,480.49,480.49
978,335,33,2,1384.64,2769.28
979,336,31,2,1422.93,2845.86
980,336,8,1,1388.89,1388.89
981,336,32,2,1034.84,2069.68
982,336,23,1,929.31,929.31
983,337,9,3,4199.61,12598.83
984,337,19,2,146.82,293.64
985,337,25,1,1379.46,1379.46
986,337,27,2,514.43,1028.86
987,338,11,1,772.38,772.38
988,338,32,2,1034.84,2069.68
989,339,17,1,119.37,119.37
990,339,23,3,871.01,2613.03
991,339,11,2,698.74,1397.49
992,340,23,1,929.31,929.31
993,340,3,3,3893.18,11679.54
994,340,18,1,175.11,175.11
995,341,7,3,3807.28,11421.84
996,342,33,1,1282.71,1282.71
997,343,29,3,1259.43,3778.29
998,343,33,1,1384.64,1384.64
999,343,32,2,1034.84,2069.68
1000,344,1,2,3485.59,6971.18
1001,344,16,1,42.47,42.47
1002,344,31,3,1422.93,4268.79
1003,344,22,2,772.56,1545.12
1004,345,27,3,514.43,1543.29
1005,345,15,2,373.87,747.74
1006,345,9,2,3981.27,7962.55
1007,345,28,3,1074.23,3222.69
1008,345,30,1,511.45,511.45
1009,346,3,2,3893.18,7786.36
1010,346,10,3,4184.44,12553.32
1011,346,4,2,3280.07,6560.14
1012,346,34,2,507.59,1015.18
1013,347,10,3,4184.44,12553.32
1014,347,26,3,480.49,1441.47
1015,347,29,2,1259.43,2518.86
1016,347,14,3,884.72,2654.16
1017,347,35,1,907.85,907.85
1018,348,9,1,3526.17,3526.17
1019,348,34,3,507.59,1522.77
1020,348,35,3,857.39,2572.18
1021,348,19,3,146.82,440.46
1022,349,8,2,1378.42,2756.83
1023,349,4,1,3280.07,3280.07
1024,349,24,3,753.86,2261.58
1025,349,17,2,119.37,238.74
1026,349,33,1,1384.64,1384.64
1027,350,9,3,4199.61,12598.83
1028,350,25,2,1379.46,2758.92
1029,350,34,1,507.59,507.59
1030,351,27,1,514.43,514.43
1031,351,6,2,2711.5,5423.0
1032,351,4,2,3280.07,6560.14
1033,351,28,3,1074.23,3222.69
1034,352,29,1,1259.43,1259.43
1035,352,32,2,1034.84,2069.68
1036,352,27,1,514.43,514.43
1037,352,11,3,772.38,2317.14
1038,353,11,3,772.38,2317.14
1039,354,8,3,1511.34,4534.01
1040,354,24,2,753.86,1507.72
1041,354,19,2,135.28,270.57
1042,354,3,3,3893.18,11679.54
1043,355,12,1,1406.62,1406.62
1044,355,32,1,1034.84,1034.84
1045,356,25,1,1379.46,1379.46
1046,356,31,2,1422.93,2845.86
1047,356,9,3,4199.61,12598.83
1048,357,27,3,419.73,1259.19
1049,357,25,2,1379.46,2758.92
1050,357,15,3,342.79,1028.38
1051,357,26,1,480.49,480.49
1052,357,22,3,772.56,2317.68
1053,358,13,3,945.88,2837.64
1054,359,13,3,945.88,2837.64
1055,359,31,1,1422.93,1422.93
1056,359,33,2,1384.64,2769.28
1057,359,2,1,1955.12,1955.12
1058,359,8,3,1725.85,5177.55
1059,360,32,1,1034.84,1034.84
1060,361,21,1,1754.04,1754.04
1061,361,25,2,1239.98,2479.96
1062,361,17,1,90.67,90.67
1063,361,6,3,2753.0,8259.01
1064,361,8,2,1393.35,2786.7
1065,362,27,2,514.43,1028.86
1066,362,21,1,1582.28,1582.28
1067,363,25,2,1379.46,2758.92
1068,363,8,1,1725.85,1725.85
1069,363,18,2,175.11,350.22
1070,363,4,1,3280.07,3280.07
1071,363,21,3,1754.04,5262.12
1072,364,29,1,1259.43,1259.43
1073,364,6,1,3328.48,3328.48
1074,364,33,3,1384.64,4153.92
1075,364,14,3,884.72,2654.16
1076,365,19,2,146.82,293.64
1077,365,11,3,772.38,2317.14
1078,365,1,2,3485.59,6971.18
1079,365,4,1,3280.07,3280.07
1080,365,31,3,1422.93,4268.79
1081,366,8,1,1725.85,1725.85
1082,366,9,2,4199.61,8399.22
1083,366,18,2,175.11,350.22
1084,366,28,3,1074.23,3222.69
1085,367,22,3,772.56,2317.68
1086,367,2,1,1955.12,1955.12
1087,367,9,2,4199.61,8399.22
1088,367,1,3,3485.59,10456.77
1089,368,35,1,907.85,907.85
1090,369,25,3,1379.46,4138.38
1091,369,23,1,929.31,929.31
1092,369,12,1,1597.94,1597.94
1093,370,13,3,945.88,2837.64
1094,370,6,2,3328.48,6656.96
1095,370,20,1,61.02,61.02
1096,371,8,1,1725.85,1725.85
1097,371,18,3,175.11,525.33
1098,371,33,3,1384.64,4153.92
1099,371,32,3,861.37,2584.1
1100,372,15,3,373.87,1121.61
1101,372,34,3,507.59,1522.77
1102,372,18,3,175.11,525.33
1103,372,13,1,945.88,945.88
1104,372,2,3,1955.12,5865.36
1105,373,28,1,1074.23,1074.23
1106,373,27,2,514.43,1028.86
1107,373,18,3,175.11,525.33
1108,374,35,2,847.6,1695.21
1109,374,29,3,1259.43,3778.29
1110,374,21,3,1754.04,5262.12
1111,374,1,3,3485.59,10456.77
1112,375,20,1,61.02,61.02
1113,375,5,1,1193.52,1193.52
1114,375,7,3,3807.28,11421.84
1115,376,16,1,42.47,42.47
1116,376,22,3,772.56,2317.68
1117,376,4,1,3280.07,3280.07
1118,376,34,3,383.28,1149.84
1119,377,9,1,4199.61,4199.61
1120,378,5,2,1193.52,2387.04
1121,378,7,3,3807.28,11421.84
1122,378,4,1,3280.07,3280.07
1123,378,19,3,146.82,440.46
1124,379,7,3,3807.28,11421.84
1125,379,22,1,732.03,732.03
1126,379,2,3,1548.68,4646.05
1127,379,30,1,511.45,511.45
1128,380,29,1,1117.95,1117.95
1129,380,12,2,1597.94,3195.88
1130,380,16,3,42.47,127.41
1131,380,9,2,4199.61,8399.22
1132,381,22,1,772.56,772.56
1133,381,19,3,146.82,440.46
1134,381,24,1,753.86,753.86
1135,382,13,2,808.59,1617.18
1136,382,5,3,1193.52,3580.56
1137,383,22,2,772.56,1545.12
1138,383,20,1,61.02,61.02
1139,383,27,1,514.43,514.43
1140,383,11,3,772.38,2317.14
1141,383,7,3,3807.28,11421.84
1142,384,14,2,777.16,1554.32
1143,384,26,3,428.54,1285.63
1144,384,12,1,1597.94,1597.94
1145,384,1,2,3290.62,6581.23
1146,385,12,1,1461.77,1461.77
1147,385,22,2,772.56,1545.12
1148,385,16,1,42.47,42.47
1149,386,22,1,772.56,772.56
1150,387,34,3,467.55,1402.64
1151,387,28,1,1074.23,1074.23
1152,388,28,3,1074.23,3222.69
1153,388,16,3,42.47,127.41
1154,388,3,1,3893.18,3893.18
1155,389,32,1,1034.84,1034.84
1156,389,14,3,884.72,2654.16
1157,389,6,2,3328.48,6656.96
1158,389,31,2,1149.02,2298.04
1159,389,5,3,1193.52,3580.56
1160,390,26,2,480.49,960.98
1161,390,3,2,3893.18,7786.36
1162,390,14,2,884.72,1769.44
1163,390,15,3,292.18,876.55
1164,390,13,2,945.88,1891.76
1165,391,23,3,929.31,2787.93
1166,391,15,2,373.87,747.74
1167,391,3,2,3893.18,7786.36
1168,391,30,2,511.45,1022.9
1169,391,33,2,1193.09,2386.18
1170,392,19,3,146.82,440.46
1171,393,7,1,3807.28,3807.28
1172,393,8,3,1725.85,5177.55
1173,394,13,2,841.93,1683.87
1174,394,9,2,4199.61,8399.22
1175,394,35,2,907.85,1815.7
1176,395,10,1,4184.44,4184.44
1177,395,26,3,480.49,1441.47
1178,395,15,3,373.87,1121.61
1179,395,14,2,884.72,1769.44
1180,395,31,2,1422.93,2845.86
1181,396,2,3,1540.48,4621.43
1182,396,24,2,753.86,1507.72
1183,396,9,2,4199.61,8399.22
1184,396,20,2,61.02,122.04
1185,397,3,1,2956.76,2956.76
1186,398,26,3,480.49,1441.47
1187,398,5,2,997.9,1995.8
1188,399,12,1,1597.94,1597.94
1189,399,3,2,3893.18,7786.36
1190,399,32,1,1034.84,1034.84
1191,399,2,3,1834.9,5504.7
1192,399,13,3,836.77,2510.31
1193,400,9,3,4199.61,12598.83
1194,401,9,2,4199.61,8399.22
1195,401,14,3,884.72,2654.16
1196,402,30,2,445.04,890.08
1197,402,18,1,175.11,175.11
1198,402,13,3,945.88,2837.64
1199,402,1,2,3485.59,6971.18
1200,402,10,1,4184.44,4184.44
1201,403,26,1,397.1,397.1
1202,403,12,2,1597.94,3195.88
1203,403,27,3,430.21,1290.62
1204,404,18,2,175.11,350.22
1205,404,35,1,907.85,907.85
1206,405,8,3,1725.85,5177.55
1207,405,24,2,753.86,1507.72
1208,405,5,1,1193.52,1193.52
1209,405,7,3,3596.57,10789.71
1210,406,13,2,725.09,1450.17
1211,406,26,2,480.49,960.98
1212,406,3,2,3893.18,7786.36
1213,406,1,1,2853.29,2853.29
1214,407,11,1,772.38,772.38
1215,407,2,3,1955.12,5865.36
1216,407,7,1,3035.48,3035.48
1217,408,14,3,884.72,2654.16
1218,408,3,2,3893.18,7786.36
1219,409,29,1,1259.43,1259.43
1220,409,4,1,3280.07,3280.07
1221,409,1,2,3485.59,6971.18
1222,410,1,2,3485.59,6971.18
1223,411,11,3,669.55,2008.65
1224,412,14,2,884.72,1769.44
1225,412,35,1,907.85,907.85
1226,413,26,3,480.49,1441.47
1227,414,24,1,753.86,753.86
1228,414,3,3,3893.18,11679.54
1229,414,5,1,1193.52,1193.52
1230,415,21,3,1754.04,5262.12
1231,416,31,1,1422.93,1422.93
1232,416,5,3,1193.52,3580.56
1233,416,22,3,772.56,2317.68
1234,417,8,1,1467.41,1467.41
1235,417,20,1,55.47,55.47
1236,417,16,1,42.47,42.47
1237,417,28,3,1074.23,3222.69
1238,417,6,2,3328.48,6656.96
1239,418,34,2,507.59,1015.18
1240,419,22,3,592.14,1776.42
1241,419,16,1,42.47,42.47
1242,419,14,3,884.72,2654.16
1243,420,29,1,1259.43,1259.43
1244,420,1,1,3485.59,3485.59
1245,421,6,3,3328.48,9985.44
1246,421,12,1,1597.94,1597.94
1247,422,11,2,695.3,1390.6
1248,422,13,2,945.88,1891.76
1249,422,16,3,42.47,127.41
1250,423,26,2,480.49,960.98
1251,423,25,3,1379.46,4138.38
1252,423,11,2,772.38,1544.76
1253,424,28,1,1074.23,1074.23
1254,424,6,1,3328.48,3328.48
1255,424,20,2,61.02,122.04
1256,424,35,2,907.85,1815.7
1257,425,31,1,1422.93,1422.93
1258,425,13,1,803.87,803.87
1259,426,26,2,480.49,960.98
1260,426,24,3,582.73,1748.2
1261,426,25,1,1379.46,1379.46
1262,426,32,3,825.19,2475.57
1263,427,33,3,1208.7,3626.1
1264,427,32,2,1034.84,2069.68
1265,427,24,1,753.86,753.86
1266,428,10,2,4184.44,8368.88
1267,429,11,2,772.38,1544.76
1268,429,1,1,3485.59,3485.59
1269,429,8,1,1725.85,1725.85
1270,429,6,1,3328.48,3328.48
1271,429,25,2,1379.46,2758.92
1272,430,6,2,3328.48,6656.96
1273,430,7,3,3807.28,11421.84
1274,430,23,2,851.55,1703.09
1275,430,10,2,3916.77,7833.54
1276,431,28,2,991.66,1983.32
1277,431,11,2,587.24,1174.49
1278,431,12,2,1597.94,3195.88
1279,432,13,2,945.88,1891.76
1280,432,17,3,98.21,294.62
1281,433,18,1,175.11,175.11
1282,434,1,1,3485.59,3485.59
1283,435,7,1,3807.28,3807.28
1284,436,32,3,1034.84,3104.52
1285,436,31,2,1422.93,2845.86
1286,436,22,2,772.56,1545.12
1287,437,25,1,1070.31,1070.31
1288,437,4,2,3280.07,6560.14
1289,437,23,1,860.0,860.0
1290,437,22,3,772.56,2317.68
1291,438,31,3,1422.93,4268.79
1292,438,33,2,1215.66,2431.31
1293,438,27,1,514.43,514.43
1294,438,13,3,945.88,2837.64
1295,438,1,2,3485.59,6971.18
1296,439,23,2,929.31,1858.62
1297,440,25,2,1379.46,2758.92
1298,441,33,2,1384.64,2769.28
1299,441,3,3,3893.18,11679.54
1300,441,9,2,3614.78,7229.57
1301,441,32,1,1034.84,1034.84
1302,441,6,3,3328.48,9985.44
1303,442,7,2,3807.28,7614.56
1304,443,25,3,1379.46,4138.38
1305,443,18,2,175.11,350.22
1306,443,15,3,345.03,1035.08
1307,444,15,2,373.87,747.74
1308,444,5,3,1193.52,3580.56
1309,444,22,2,772.56,1545.12
1310,445,17,2,111.27,222.55
1311,445,8,3,1725.85,5177.55
1312,446,21,3,1754.04,5262.12
1313,446,25,2,1162.72,2325.44
1314,447,24,3,753.86,2261.58
1315,447,9,1,3981.91,3981.91
1316,447,34,2,507.59,1015.18
1317,448,30,3,511.45,1534.35
1318,448,10,3,4184.44,12553.32
1319,448,19,1,146.82,146.82
1320,448,3,3,3893.18,11679.54
1321,449,4,3,3280.07,9840.21
1322,449,22,1,772.56,772.56
1323,449,10,1,4184.44,4184.44
1324,449,14,1,884.72,884.72
1325,450,2,2,1955.12,3910.24
1326,450,26,2,480.49,960.98
1327,451,19,2,146.82,293.64
1328,451,13,3,945.88,2837.64
1329,451,26,1,480.49,480.49
1330,451,7,3,3807.28,11421.84
1331,451,9,3,3874.09,11622.27
1332,452,14,3,884.72,2654.16
1333,452,13,2,945.88,1891.76
1334,453,25,3,1379.46,4138.38
1335,453,28,1,811.22,811.22
1336,454,28,1,968.77,968.77
1337,454,10,2,4184.44,8368.88
1338,454,26,3,480.49,1441.47
1339,455,30,3,511.45,1534.35
1340,456,8,1,1418.16,1418.16
1341,457,31,2,1422.93,2845.86
1342,457,18,3,175.11,525.33
1343,457,7,3,3369.27,10107.81
1344,457,12,3,1597.94,4793.82
1345,457,25,3,1086.22,3258.67
1346,458,34,1,507.59,507.59
1347,458,32,1,859.1,859.1
1348,458,5,1,1027.09,1027.09
1349,458,35,2,839.07,1678.14
1350,458,8,1,1725.85,1725.85
1351,459,6,1,3328.48,3328.48
1352,460,16,2,32.31,64.63
1353,461,9,2,4199.61,8399.22
1354,461,32,3,1034.84,3104.52
1355,461,21,1,1754.04,1754.04
1356,461,34,1,507.59,507.59
1357,462,9,3,4199.61,12598.83
1358,462,14,1,884.72,884.72
1359,463,25,2,1240.36,2480.72
1360,463,11,2,772.38,1544.76
1361,463,26,1,480.49,480.49
1362,464,24,3,592.3,1776.89
1363,464,33,2,1384.64,2769.28
1364,465,16,1,42.47,42.47
1365,465,5,2,981.03,1962.06
1366,465,18,2,175.11,350.22
1367,465,8,2,1364.08,2728.16
1368,465,35,2,793.98,1587.95
1369,466,8,1,1725.85,1725.85
1370,467,7,3,3807.28,11421.84
1371,467,34,1,507.59,507.59
1372,467,23,1,929.31,929.31
1373,467,19,2,115.81,231.62
1374,468,17,3,119.37,358.11
1375,468,1,1,3485.59,3485.59
1376,469,4,3,3280.07,9840.21
1377,469,24,3,753.86,2261.58
1378,469,16,2,42.47,84.94
1379,470,28,2,1074.23,2148.46
1380,470,34,1,507.59,507.59
1381,470,15,2,373.87,747.74
1382,471,16,1,39.86,39.86
1383,472,1,2,3485.59,6971.18
1384,472,28,3,1074.23,3222.69
1385,472,33,3,1384.64,4153.92
1386,472,9,2,3829.89,7659.78
1387,473,23,1,929.31,929.31
1388,473,16,3,42.47,127.41
1389,473,34,1,397.0,397.0
1390,473,3,3,3893.18,11679.54
1391,473,29,1,1259.43,1259.43
1392,474,22,3,772.56,2317.68
1393,475,19,3,146.82,440.46
1394,475,17,2,119.37,238.74
1395,475,14,2,884.72,1769.44
1396,475,1,3,3485.59,10456.77
1397,476,32,2,1034.84,2069.68
1398,476,4,1,2532.09,2532.09
1399,476,23,1,929.31,929.31
1400,476,1,1,2968.3,2968.3
1401,476,30,1,511.45,511.45
1402,477,1,2,3485.59,6971.18
1403,477,10,2,4184.44,8368.88
1404,477,17,1,119.37,119.37
1405,477,15,2,322.38,644.77
1406,478,28,3,979.79,2939.37
1407,478,1,1,3017.78,3017.78
1408,478,23,2,929.31,1858.62
1409,479,8,3,1725.85,5177.55
1410,479,27,3,514.43,1543.29
1411,479,32,2,1034.84,2069.68
1412,480,9,1,3569.67,3569.67
1413,480,8,3,1725.85,5177.55
1414,480,7,3,3807.28,11421.84
1415,480,2,2,1955.12,3910.24
1416,481,19,2,146.82,293.64
1417,481,32,1,1034.84,1034.84
1418,481,6,1,3328.48,3328.48
1419,482,28,2,1074.23,2148.46
1420,482,13,1,945.88,945.88
1421,483,10,1,4184.44,4184.44
1422,483,15,1,373.87,373.87
1423,483,8,2,1570.65,3141.29
1424,483,9,1,4199.61,4199.61
1425,483,26,3,480.49,1441.47
1426,484,31,3,1320.46,3961.39
1427,484,4,2,3280.07,6560.14
1428,484,33,2,1384.64,2769.28
1429,484,28,1,1074.23,1074.23
1430,485,21,1,1754.04,1754.04
1431,486,32,2,844.65,1689.29
1432,486,24,3,753.86,2261.58
1433,486,22,1,772.56,772.56
1434,487,34,3,507.59,1522.77
1435,487,24,1,604.21,604.21
1436,487,16,1,32.12,32.12
1437,487,18,3,175.11,525.33
1438,487,14,1,884.72,884.72
1439,488,22,3,714.18,2142.54
1440,488,20,2,61.02,122.04
1441,488,31,2,1422.93,2845.86
1442,488,13,3,945.88,2837.64
1443,488,35,2,907.85,1815.7
1444,489,31,2,1422.93,2845.86
1445,490,9,3,3172.83,9518.48
1446,490,19,1,146.82,146.82
1447,490,3,2,3893.18,7786.36
1448,491,25,1,1250.4,1250.4
1449,491,26,3,367.23,1101.68
1450,491,18,3,175.11,525.33
1451,491,14,3,884.72,2654.16
1452,491,12,2,1597.94,3195.88
1453,492,8,1,1725.85,1725.85
1454,492,11,3,597.27,1791.8
1455,492,15,1,373.87,373.87
1456,492,3,1,3893.18,3893.18
1457,492,35,1,907.85,907.85
1458,493,24,3,753.86,2261.58
1459,493,21,2,1754.04,3508.08
1460,493,6,2,3328.48,6656.96
1461,494,23,1,929.31,929.31
1462,495,35,3,907.85,2723.55
1463,496,17,2,119.37,238.74
1464,496,14,3,884.72,2654.16
1465,496,29,2,1138.09,2276.18
1466,496,15,3,373.87,1121.61
1467,497,30,1,435.7,435.7
1468,497,12,3,1427.91,4283.72
1469,498,13,2,945.88,1891.76
1470,498,5,2,1008.1,2016.2
1471,498,10,3,4184.44,12553.32
1472,498,28,1,1074.23,1074.23
1473,498,16,2,42.47,84.94
1474,499,9,1,4199.61,4199.61
1475,500,1,1,2781.73,2781.73
1476,500,7,2,3807.28,7614.56
1477,500,35,2,907.85,1815.7
1478,500,22,1,772.56,772.56
1479,500,6,3,3328.48,9985.44
1480,501,7,3,3807.28,11421.84
1481,502,2,2,1955.12,3910.24
1482,502,15,2,373.87,747.74
1483,503,32,1,1034.84,1034.84
1484,504,23,1,929.31,929.31
1485,504,5,1,1193.52,1193.52
1486,504,22,3,667.7,2003.11
1487,505,20,2,61.02,122.04
1488,505,19,2,146.82,293.64
1489,506,1,1,3485.59,3485.59
1490,507,31,3,1422.93,4268.79
1491,507,5,1,1193.52,1193.52
1492,507,8,1,1506.66,1506.66
1493,507,28,2,1074.23,2148.46
1494,508,9,2,4199.61,8399.22
1495,508,16,3,42.47,127.41
1496,508,25,3,1379.46,4138.38
1497,509,34,2,381.31,762.62
1498,509,15,1,373.87,373.87
1499,509,6,2,3328.48,6656.96
1500,509,16,1,37.38,37.38
1501,510,27,1,514.43,514.43
1502,510,16,1,42.47,42.47
1503,511,28,2,997.74,1995.49
1504,512,11,1,645.84,645.84
1505,512,2,2,1786.03,3572.06
1506,512,10,3,3533.8,10601.4
1507,512,24,2,753.86,1507.72
1508,512,6,3,3328.48,9985.44
1509,513,4,3,3280.07,9840.21
1510,513,3,3,3389.88,10169.63
1511,514,33,2,1384.64,2769.28
1512,514,20,2,61.02,122.04
1513,514,15,3,373.87,1121.61
1514,515,4,3,3280.07,9840.21
1515,515,15,3,373.87,1121.61
1516,515,26,3,480.49,1441.47
1517,515,12,2,1597.94,3195.88
1518,516,28,1,942.59,942.59
1519,516,13,2,845.2,1690.4
1520,516,18,3,158.93,476.8
1521,517,3,2,3254.6,6509.21
1522,517,16,1,42.47,42.47
1523,518,6,2,3328.48,6656.96
1524,518,20,2,61.02,122.04
1525,518,1,2,3485.59,6971.18
1526,519,22,2,772.56,1545.12
1527,520,2,2,1955.12,3910.24
1528,520,25,1,1379.46,1379.46
1529,521,15,1,373.87,373.87
1530,522,33,3,1384.64,4153.92
1531,522,34,3,507.59,1522.77
1532,523,19,1,146.82,146.82
1533,523,24,3,753.86,2261.58
1534,523,28,1,1074.23,1074.23
1535,524,32,3,1034.84,3104.52
1536,524,7,1,3807.28,3807.28
1537,524,1,2,3485.59,6971.18
1538,524,10,2,3740.79,7481.58
1539,524,20,2,61.02,122.04
1540,525,17,1,119.37,119.37
1541,525,31,2,1107.32,2214.65
1542,525,29,2,1259.43,2518.86
1543,525,9,3,4199.61,12598.83
1544,526,21,2,1754.04,3508.08
1545,526,24,3,568.8,1706.39
1546,526,6,1,3328.48,3328.48
1547,526,27,1,514.43,514.43
1548,526,33,3,1079.17,3237.52
1549,527,5,3,1022.64,3067.91
1550,527,15,3,373.87,1121.61
1551,527,25,2,1260.75,2521.5
1552,527,30,1,511.45,511.45
1553,528,26,1,480.49,480.49
1554,528,22,3,772.56,2317.68
1555,529,3,1,3893.18,3893.18
1556,529,35,2,907.85,1815.7
1557,529,10,3,4184.44,12553.32
1558,529,31,1,1422.93,1422.93
1559,530,4,1,3280.07,3280.07
1560,530,14,3,884.72,2654.16
1561,531,18,2,135.75,271.51
1562,532,12,2,1597.94,3195.88
1563,532,4,2,2886.94,5773.87
1564,532,6,2,3328.48,6656.96
1565,533,23,1,929.31,929.31
1566,533,25,3,1379.46,4138.38
1567,533,1,2,3485.59,6971.18
1568,533,13,3,945.88,2837.64
1569,534,10,3,4184.44,12553.32
1570,534,32,3,1034.84,3104.52
1571,534,21,2,1754.04,3508.08
1572,534,8,1,1725.85,1725.85
1573,535,27,1,514.43,514.43
1574,535,35,1,907.85,907.85
1575,536,1,1,3485.59,3485.59
1576,536,24,3,753.86,2261.58
1577,536,2,2,1955.12,3910.24
1578,536,20,2,61.02,122.04
1579,536,33,2,1384.64,2769.28
1580,537,30,2,425.03,850.05
1581,537,28,3,1074.23,3222.69
1582,538,7,3,3807.28,11421.84
1583,538,6,3,2866.42,8599.25
1584,538,2,3,1955.12,5865.36
1585,538,27,3,514.43,1543.29
1586,538,32,2,1034.84,2069.68
1587,539,13,2,945.88,1891.76
1588,540,1,2,3485.59,6971.18
1589,540,24,3,753.86,2261.58
1590,540,15,2,373.87,747.74
1591,540,33,1,1384.64,1384.64
1592,541,24,3,753.86,2261.58
1593,541,34,2,424.12,848.25
1594,542,13,1,945.88,945.88
1595,542,26,2,480.49,960.98
1596,542,4,1,3280.07,3280.07
1597,542,28,2,1074.23,2148.46
1598,543,33,3,1384.64,4153.92
1599,543,8,2,1725.85,3451.7
1600,544,21,1,1512.89,1512.89
1601,544,14,3,884.72,2654.16
1602,545,6,3,3328.48,9985.44
1603,545,25,2,1130.46,2260.92
1604,545,2,1,1955.12,1955.12
1605,545,9,3,4199.61,12598.83
1606,545,30,3,511.45,1534.35
1607,546,18,1,175.11,175.11
1608,547,7,2,3807.28,7614.56
1609,547,8,1,1348.02,1348.02
1610,547,30,1,511.45,511.45
1611,547,10,2,4184.44,8368.88
1612,547,19,2,111.31,222.63
1613,548,21,2,1603.66,3207.31
1614,548,29,3,1259.43,3778.29
1615,548,11,1,680.81,680.81
1616,548,12,2,1597.94,3195.88
1617,549,8,3,1462.92,4388.76
1618,549,13,1,945.88,945.88
1619,549,2,2,1772.53,3545.06
1620,550,18,1,175.11,175.11
1621,550,31,2,1422.93,2845.86
1622,551,28,2,872.91,1745.81
1623,551,33,3,1384.64,4153.92
1624,551,26,2,380.25,760.49
1625,551,13,3,945.88,2837.64
1626,552,28,3,938.22,2814.67
1627,552,29,1,1259.43,1259.43
1628,552,18,2,175.11,350.22
1629,552,21,1,1754.04,1754.04
1630,553,27,2,514.43,1028.86
1631,553,19,1,130.0,130.0
1632,553,34,1,507.59,507.59
1633,554,10,1,4184.44,4184.44
1634,554,21,1,1754.04,1754.04
1635,554,8,1,1725.85,1725.85
1636,555,5,1,1067.47,1067.47
1637,555,25,3,1379.46,4138.38
1638,555,19,3,113.27,339.8
1639,555,14,2,884.72,1769.44
1640,555,34,2,507.59,1015.18
1641,556,32,1,947.68,947.68
1642,556,3,2,3893.18,7786.36
1643,556,18,1,175.11,175.11
1644,556,27,2,408.12,816.23
1645,557,9,3,4199.61,12598.83
1646,557,26,1,480.49,480.49
1647,557,3,1,3624.46,3624.46
1648,558,21,1,1754.04,1754.04
1649,558,23,2,929.31,1858.62
1650,558,26,1,480.49,480.49
1651,559,24,3,682.39,2047.18
1652,560,28,1,826.67,826.67
1653,560,15,2,373.87,747.74
1654,560,11,3,772.38,2317.14
1655,561,8,1,1725.85,1725.85
1656,562,25,1,1072.7,1072.7
1657,562,18,3,175.11,525.33
1658,562,11,2,772.38,1544.76
1659,562,9,3,3546.5,10639.49
1660,562,30,3,511.45,1534.35
1661,563,15,3,313.41,940.24
1662,563,6,1,3328.48,3328.48
1663,563,17,3,119.37,358.11
1664,563,19,3,110.94,332.83
1665,564,30,1,511.45,511.45
1666,564,25,2,1379.46,2758.92
1667,565,30,1,511.45,511.45
1668,565,10,1,4184.44,4184.44
1669,565,33,2,1384.64,2769.28
1670,566,5,2,1060.53,2121.05
1671,566,18,3,175.11,525.33
1672,567,16,1,42.47,42.47
1673,568,29,2,1259.43,2518.86
1674,568,23,1,929.31,929.31
1675,568,17,2,119.37,238.74
1676,568,8,1,1725.85,1725.85
1677,568,6,2,2730.27,5460.54
1678,569,26,3,480.49,1441.47
1679,569,12,3,1597.94,4793.82
1680,570,8,1,1627.24,1627.24
1681,570,15,2,373.87,747.74
1682,571,26,1,436.9,436.9
1683,571,7,3,3807.28,11421.84
1684,571,15,3,373.87,1121.61
1685,571,18,1,148.73,148.73
1686,571,32,3,1034.84,3104.52
1687,572,11,3,704.82,2114.46
1688,572,21,2,1661.87,3323.74
1689,573,17,1,119.37,119.37
1690,573,5,1,1193.52,1193.52
1691,574,16,1,42.47,42.47
1692,574,31,2,1422.93,2845.86
1693,574,8,3,1725.85,5177.55
1694,574,3,1,3893.18,3893.18
1695,575,29,3,1259.43,3778.29
1696,575,32,2,1034.84,2069.68
1697,575,23,2,817.3,1634.61
1698,576,31,1,1422.93,1422.93
1699,576,8,1,1725.85,1725.85
1700,576,18,1,175.11,175.11
1701,576,34,1,507.59,507.59
1702,576,2,3,1955.12,5865.36
1703,577,13,2,945.88,1891.76
1704,578,29,2,1259.43,2518.86
1705,578,34,2,507.59,1015.18
1706,578,12,2,1597.94,3195.88
1707,578,17,1,119.37,119.37
1708,578,23,3,929.31,2787.93
1709,579,23,2,929.31,1858.62
1710,579,19,1,146.82,146.82
1711,579,8,1,1725.85,1725.85
1712,579,1,2,3485.59,6971.18
1713,580,5,2,1066.29,2132.57
1714,580,19,3,125.14,375.42
1715,580,1,1,3485.59,3485.59
1716,581,23,3,929.31,2787.93
1717,581,19,3,136.95,410.86
1718,582,28,2,1074.23,2148.46
1719,582,6,2,3328.48,6656.96
1720,583,17,2,119.37,238.74
1721,584,9,1,4199.61,4199.61
1722,584,13,1,945.88,945.88
1723,584,17,1,119.37,119.37
1724,585,28,2,1074.23,2148.46
1725,585,7,3,3807.28,11421.84
1726,585,9,3,4199.61,12598.83
1727,585,34,2,507.59,1015.18
1728,586,2,1,1955.12,1955.12
1729,586,27,2,432.81,865.63
1730,586,6,3,3328.48,9985.44
1731,586,9,1,4199.61,4199.61
1732,586,20,2,49.79,99.58
1733,587,4,2,3280.07,6560.14
1734,588,19,3,146.82,440.46
1735,589,33,3,1384.64,4153.92
1736,589,4,2,2528.9,5057.8
1737,589,14,3,884.72,2654.16
1738,589,34,2,507.59,1015.18
1739,589,10,3,4184.44,12553.32
1740,590,8,1,1335.84,1335.84
1741,590,5,3,1085.08,3255.23
1742,591,26,2,480.49,960.98
1743,591,4,1,3280.07,3280.07
1744,591,8,3,1725.85,5177.55
1745,591,20,3,61.02,183.06
1746,592,12,1,1597.94,1597.94
1747,593,13,2,945.88,1891.76
1748,593,31,2,1422.93,2845.86
1749,593,19,1,146.82,146.82
1750,593,7,2,3401.1,6802.2
1751,593,32,1,1034.84,1034.84
1752,594,29,3,1259.43,3778.29
1753,594,3,1,3893.18,3893.18
1754,594,23,2,929.31,1858.62
1755,594,9,3,4199.61,12598.83
1756,594,30,3,511.45,1534.35
1757,595,23,2,929.31,1858.62
1758,595,22,1,772.56,772.56
1759,596,25,3,1379.46,4138.38
1760,596,31,1,1422.93,1422.93
1761,596,12,3,1597.94,4793.82
1762,596,33,2,1384.64,2769.28
1763,597,11,1,717.35,717.35
1764,598,16,1,42.47,42.47
1765,598,7,2,3807.28,7614.56
1766,599,8,2,1725.85,3451.7
1767,599,3,3,3893.18,11679.54
1768,599,5,1,1193.52,1193.52
1769,600,9,2,4199.61,8399.22
1770,600,13,1,945.88,945.88
1771,600,17,1,119.37,119.37
1772,600,32,3,1034.84,3104.52
1773,601,14,1,884.72,884.72
1774,602,35,3,907.85,2723.55
1775,602,5,3,1193.52,3580.56
1776,602,22,2,701.87,1403.75
1777,602,12,2,1597.94,3195.88
1778,603,28,1,1074.23,1074.23
1779,603,25,2,1172.9,2345.79
1780,603,5,1,1193.52,1193.52
1781,603,6,2,2615.3,5230.6
1782,604,5,1,1193.52,1193.52
1783,604,11,1,772.38,772.38
1784,604,19,3,146.82,440.46
1785,605,31,2,1422.93,2845.86
1786,606,22,1,772.56,772.56
1787,606,4,3,3280.07,9840.21
1788,607,3,2,3893.18,7786.36
1789,608,6,1,2824.15,2824.15
1790,608,31,3,1422.93,4268.79
1791,608,9,2,4199.61,8399.22
1792,608,18,1,164.42,164.42
1793,608,3,1,3893.18,3893.18
1794,609,31,1,1422.93,1422.93
1795,610,9,2,3622.98,7245.97
1796,610,8,1,1725.85,1725.85
1797,610,29,1,1259.43,1259.43
1798,610,24,1,753.86,753.86
1799,611,16,1,39.27,39.27
1800,612,16,3,42.47,127.41
1801,612,19,3,137.22,411.67
1802,612,9,2,4199.61,8399.22
1803,613,15,2,373.87,747.74
1804,613,29,2,1259.43,2518.86
1805,613,20,1,61.02,61.02
1806,614,7,2,2922.43,5844.86
1807,614,4,3,3280.07,9840.21
1808,614,23,3,929.31,2787.93
1809,614,27,1,514.43,514.43
1810,614,32,1,934.44,934.44
1811,615,32,1,1034.84,1034.84
1812,616,4,2,3280.07,6560.14
1813,617,25,1,1379.46,1379.46
1814,617,29,3,1259.43,3778.29
1815,617,3,1,3893.18,3893.18
1816,617,15,1,373.87,373.87
1817,618,17,2,119.37,238.74
1818,618,14,3,884.72,2654.16
1819,618,2,2,1955.12,3910.24
1820,619,25,3,1379.46,4138.38
1821,619,19,3,146.82,440.46
1822,619,35,2,907.85,1815.7
1823,619,30,1,484.32,484.32
1824,619,28,3,1074.23,3222.69
1825,620,22,3,772.56,2317.68
1826,620,26,2,480.49,960.98
1827,620,3,3,3893.18,11679.54
1828,621,21,1,1754.04,1754.04
1829,621,17,2,104.84,209.67
1830,621,12,3,1597.94,4793.82
1831,621,29,1,1259.43,1259.43
1832,621,30,3,511.45,1534.35
1833,622,12,1,1597.94,1597.94
1834,622,17,1,98.65,98.65
1835,622,18,1,175.11,175.11
1836,622,32,3,841.44,2524.32
1837,623,15,1,373.87,373.87
1838,624,35,2,770.41,1540.83
1839,624,3,1,3893.18,3893.18
1840,624,16,1,42.47,42.47
1841,625,5,1,1193.52,1193.52
1842,625,28,2,1074.23,2148.46
1843,625,19,2,146.82,293.64
1844,625,10,2,4184.44,8368.88
1845,626,24,2,753.86,1507.72
1846,626,3,3,3224.3,9672.91
1847,627,23,2,929.31,1858.62
1848,627,14,3,826.8,2480.41
1849,627,25,1,1379.46,1379.46
1850,627,3,3,3893.18,11679.54
1851,627,10,3,4184.44,12553.32
1852,628,4,2,2738.7,5477.4
1853,628,31,1,1422.93,1422.93
1854,628,34,2,507.59,1015.18
1855,628,29,2,1259.43,2518.86
1856,628,21,1,1754.04,1754.04
1857,629,33,3,1384.64,4153.92
1858,629,5,1,1193.52,1193.52
1859,629,24,2,753.86,1507.72
1860,630,9,2,3646.52,7293.04
1861,630,17,3,119.37,358.11
1862,630,19,3,146.82,440.46
1863,630,22,1,772.56,772.56
1864,631,27,2,514.43,1028.86
1865,632,3,1,3893.18,3893.18
1866,632,28,1,834.27,834.27
1867,633,9,3,4199.61,12598.83
1868,633,26,2,480.49,960.98
1869,633,16,2,42.47,84.94
1870,634,5,3,1193.52,3580.56
1871,635,28,3,855.96,2567.87
1872,635,19,3,113.18,339.54
1873,635,31,3,1422.93,4268.79
1874,635,9,3,4199.61,12598.83
1875,636,18,2,148.22,296.45
1876,636,7,3,3807.28,11421.84
1877,636,15,2,373.87,747.74
1878,636,20,2,61.02,122.04
1879,636,32,1,1034.84,1034.84
1880,637,21,2,1565.36,3130.72
1881,637,7,2,3807.28,7614.56
1882,637,23,1,929.31,929.31
1883,638,15,3,373.87,1121.61
1884,639,11,1,772.38,772.38
1885,639,2,1,1955.12,1955.12
1886,639,3,2,3893.18,7786.36
1887,639,35,3,907.85,2723.55
1888,639,13,2,945.88,1891.76
1889,640,8,2,1725.85,3451.7
1890,641,18,2,175.11,350.22
1891,641,8,3,1725.85,5177.55
1892,642,22,3,772.56,2317.68
1893,642,18,1,175.11,175.11
1894,642,30,3,511.45,1534.35
1895,642,33,2,1160.84,2321.67
1896,642,5,3,982.39,2947.16
1897,643,15,1,373.87,373.87
1898,643,13,1,945.88,945.88
1899,643,17,2,98.25,196.49
1900,643,31,1,1422.93,1422.93
1901,644,32,3,1034.84,3104.52
1902,645,25,2,1379.46,2758.92
1903,645,16,1,42.47,42.47
1904,645,23,1,929.31,929.31
1905,646,23,1,929.31,929.31
1906,646,35,2,907.85,1815.7
1907,646,31,2,1422.93,2845.86
1908,646,19,3,146.82,440.46
1909,647,23,3,929.31,2787.93
1910,648,27,2,514.43,1028.86
1911,648,16,2,33.79,67.58
1912,648,2,2,1955.12,3910.24
1913,648,19,2,146.82,293.64
1914,649,18,2,175.11,350.22
1915,650,15,3,282.78,848.33
1916,650,11,3,772.38,2317.14
1917,650,35,3,907.85,2723.55
1918,650,14,3,773.39,2320.17
1919,651,5,3,1096.37,3289.11
1920,651,4,3,3280.07,9840.21
1921,651,34,3,507.59,1522.77
1922,651,14,1,884.72,884.72
1923,651,24,2,753.86,1507.72
1924,652,2,3,1701.76,5105.28
1925,653,2,1,1955.12,1955.12
1926,653,15,1,373.87,373.87
1927,653,16,2,42.47,84.94
1928,654,5,3,1193.52,3580.56
1929,655,10,2,4184.44,8368.88
1930,655,7,3,3408.24,10224.72
1931,655,26,1,363.32,363.32
1932,655,13,3,945.88,2837.64
1933,655,20,2,61.02,122.04
1934,656,19,2,124.88,249.77
1935,656,35,2,907.85,1815.7
1936,656,33,3,1384.64,4153.92
1937,656,16,2,42.47,84.94
1938,657,29,2,1259.43,2518.86
1939,657,24,3,753.86,2261.58
1940,658,14,3,884.72,2654.16
1941,658,32,1,1034.84,1034.84
1942,659,15,2,373.87,747.74
1943,659,4,1,2664.07,2664.07
1944,659,32,3,1034.84,3104.52
1945,659,17,1,119.37,119.37
1946,659,27,1,514.43,514.43
1947,660,16,3,42.47,127.41
1948,660,21,3,1754.04,5262.12
1949,660,30,3,475.13,1425.4
1950,661,11,3,772.38,2317.14
1951,662,3,2,3893.18,7786.36
1952,663,27,2,514.43,1028.86
1953,663,26,3,480.49,1441.47
1954,663,1,3,3485.59,10456.77
1955,663,19,2,146.82,293.64
1956,663,8,2,1725.85,3451.7
1957,664,24,3,753.86,2261.58
1958,664,34,2,507.59,1015.18
1959,665,1,1,3485.59,3485.59
1960,665,21,1,1754.04,1754.04
1961,665,27,1,479.05,479.05
1962,665,12,2,1597.94,3195.88
1963,666,23,3,929.31,2787.93
1964,667,18,2,175.11,350.22
1965,667,19,2,146.82,293.64
1966,668,35,3,907.85,2723.55
1967,668,13,1,945.88,945.88
1968,668,5,1,1009.16,1009.16
1969,668,10,3,4184.44,12553.32
1970,668,7,2,3807.28,7614.56
1971,669,31,1,1123.16,1123.16
1972,669,14,1,756.35,756.35
1973,669,11,1,772.38,772.38
1974,669,1,1,2748.57,2748.57
1975,669,15,2,373.87,747.74
1976,670,16,3,42.47,127.41
1977,671,20,3,50.58,151.74
1978,671,34,1,507.59,507.59
1979,671,21,3,1754.04,5262.12
1980,672,29,3,1259.43,3778.29
1981,672,32,1,1034.84,1034.84
1982,672,17,2,119.37,238.74
1983,672,8,2,1725.85,3451.7
1984,672,28,1,1074.23,1074.23
1985,673,1,2,3485.59,6971.18
1986,673,13,1,839.87,839.87
1987,674,1,1,3485.59,3485.59
1988,674,18,3,175.11,525.33
1989,674,3,3,3253.0,9759.0
1990,674,31,1,1422.93,1422.93
1991,674,26,2,480.49,960.98
1992,675,35,1,907.85,907.85
1993,675,7,3,3056.34,9169.01
1994,675,3,1,3049.09,3049.09
1995,675,24,1,620.05,620.05
1996,676,18,3,131.81,395.44
1997,676,13,3,945.88,2837.64
1998,676,2,3,1597.53,4792.59
1999,676,22,2,772.56,1545.12
2000,676,21,3,1598.65,4795.96
2001,677,12,2,1323.56,2647.13
2002,678,20,2,61.02,122.04
2003,679,30,1,476.61,476.61
2004,680,2,2,1574.15,3148.31
2005,680,11,1,772.38,772.38
2006,680,1,3,3485.59,10456.77
2007,680,14,1,884.72,884.72
2008,680,24,3,708.13,2124.38
2009,681,21,1,1754.04,1754.04
2010,681,27,2,514.43,1028.86
2011,682,17,3,119.37,358.11
2012,682,6,3,3328.48,9985.44
2013,682,32,3,1034.84,3104.52
2014,682,23,1,727.7,727.7
2015,683,28,3,1074.23,3222.69
2016,683,23,2,929.31,1858.62
2017,684,17,2,119.37,238.74
2018,684,14,1,884.72,884.72
2019,685,21,2,1754.04,3508.08
2020,685,24,3,753.86,2261.58
2021,685,25,1,1179.3,1179.3
2022,685,3,2,3893.18,7786.36
2023,686,11,1,772.38,772.38
2024,686,30,2,511.45,1022.9
2025,686,35,2,907.85,1815.7
2026,687,16,2,42.47,84.94
2027,687,17,2,91.22,182.45
2028,687,24,1,753.86,753.86
2029,687,22,3,668.13,2004.38
2030,688,33,2,1384.64,2769.28
2031,688,11,3,772.38,2317.14
2032,689,4,1,3280.07,3280.07
2033,689,6,2,3328.48,6656.96
2034,689,20,2,56.17,112.34
2035,690,12,1,1597.94,1597.94
2036,691,24,2,701.1,1402.21
2037,691,1,3,3485.59,10456.77
2038,692,30,1,511.45,511.45
2039,692,16,1,42.47,42.47
2040,692,7,2,3807.28,7614.56
2041,692,25,3,1379.46,4138.38
2042,693,32,3,934.43,2803.28
2043,693,2,2,1955.12,3910.24
2044,693,15,1,373.87,373.87
2045,694,9,1,3736.03,3736.03
2046,694,32,1,1034.84,1034.84
2047,695,20,1,61.02,61.02
2048,695,25,2,1200.62,2401.24
2049,695,31,3,1422.93,4268.79
2050,696,26,1,444.09,444.09
2051,697,28,3,1074.23,3222.69
2052,697,4,3,3280.07,9840.21
2053,697,20,2,61.02,122.04
2054,697,17,2,119.37,238.74
2055,698,28,2,1074.23,2148.46
2056,698,35,1,801.25,801.25
2057,699,30,1,511.45,511.45
2058,699,28,2,1074.23,2148.46
2059,699,4,3,3280.07,9840.21
2060,699,19,2,146.82,293.64
2061,699,3,3,3893.18,11679.54
2062,700,19,2,129.95,259.89
2063,700,23,3,862.09,2586.26
2064,701,16,1,39.12,39.12
2065,701,12,2,1597.94,3195.88
2066,701,6,2,3328.48,6656.96
2067,701,35,2,907.85,1815.7
2068,702,24,3,753.86,2261.58
2069,702,3,3,3893.18,11679.54
2070,702,10,1,4184.44,4184.44
2071,703,28,1,1074.23,1074.23
2072,703,26,2,480.49,960.98
2073,703,2,3,1955.12,5865.36
2074,704,17,3,119.37,358.11
2075,704,20,1,61.02,61.02
2076,705,28,3,1074.23,3222.69
2077,705,18,1,175.11,175.11
2078,706,19,1,146.82,146.82
2079,706,18,1,175.11,175.11
2080,707,21,3,1754.04,5262.12
2081,707,7,1,3807.28,3807.28
2082,707,15,3,373.87,1121.61
2083,707,2,2,1955.12,3910.24
2084,708,1,2,2715.72,5431.45
2085,708,22,2,772.56,1545.12
2086,708,21,3,1529.5,4588.5
2087,708,23,2,724.44,1448.87
2088,709,23,2,929.31,1858.62
2089,709,6,2,3328.48,6656.96
2090,709,14,2,729.92,1459.84
2091,709,34,1,507.59,507.59
2092,709,24,3,753.86,2261.58
2093,710,32,3,857.44,2572.33
2094,710,16,1,38.49,38.49
2095,710,25,1,1379.46,1379.46
2096,711,27,2,514.43,1028.86
2097,711,23,3,718.4,2155.2
2098,711,14,3,884.72,2654.16
2099,711,18,2,175.11,350.22
2100,712,32,1,1034.84,1034.84
2101,712,30,1,511.45,511.45
2102,712,19,1,146.82,146.82
2103,712,29,2,1259.43,2518.86
2104,713,25,3,1379.46,4138.38
2105,714,15,1,373.87,373.87
2106,715,2,3,1955.12,5865.36
2107,715,21,3,1536.44,4609.31
2108,715,16,3,42.47,127.41
2109,715,11,3,772.38,2317.14
2110,716,30,3,511.45,1534.35
2111,716,24,1,753.86,753.86
2112,717,5,3,1193.52,3580.56
2113,717,2,1,1955.12,1955.12
2114,717,14,2,884.72,1769.44
2115,718,8,3,1725.85,5177.55
2116,718,22,1,772.56,772.56
2117,718,11,3,772.38,2317.14
2118,718,16,3,42.47,127.41
2119,718,30,2,443.21,886.43
2120,719,35,2,907.85,1815.7
2121,719,2,3,1955.12,5865.36
2122,719,29,2,1259.43,2518.86
2123,719,31,3,1422.93,4268.79
2124,719,4,2,3280.07,6560.14
2125,720,8,2,1725.85,3451.7
2126,720,11,1,772.38,772.38
2127,720,24,2,753.86,1507.72
2128,721,30,3,511.45,1534.35
2129,722,22,3,712.3,2136.89
2130,722,29,3,1259.43,3778.29
2131,722,17,1,119.37,119.37
2132,722,18,3,175.11,525.33
2133,723,20,3,61.02,183.06
2134,723,31,2,1122.64,2245.27
2135,724,17,3,119.37,358.11
2136,724,15,3,327.95,983.84
2137,724,2,3,1955.12,5865.36
2138,724,14,3,884.72,2654.16
2139,725,33,3,1384.64,4153.92
2140,725,21,2,1754.04,3508.08
2141,726,1,2,3485.59,6971.18
2142,726,5,1,1193.52,1193.52
2143,726,22,3,772.56,2317.68
2144,726,15,3,317.88,953.64
2145,727,15,3,330.54,991.61
2146,727,13,1,945.88,945.88
2147,727,24,3,753.86,2261.58
2148,727,3,3,3893.18,11679.54
2149,727,26,1,480.49,480.49
2150,728,16,3,42.47,127.41
2151,728,15,1,309.63,309.63
2152,729,5,3,1193.52,3580.56
2153,729,9,1,4199.61,4199.61
2154,730,4,1,3280.07,3280.07
2155,730,21,2,1476.07,2952.14
2156,730,5,1,1193.52,1193.52
2157,730,13,2,945.88,1891.76
2158,730,31,3,1422.93,4268.79
2159,731,13,2,945.88,1891.76
2160,731,30,2,511.45,1022.9
2161,731,1,2,3485.59,6971.18
2162,731,17,3,119.37,358.11
2163,732,16,3,42.47,127.41
2164,732,22,1,772.56,772.56
2165,732,18,2,175.11,350.22
2166,732,33,3,1384.64,4153.92
2167,732,20,1,48.69,48.69
2168,733,22,1,772.56,772.56
2169,733,35,1,907.85,907.85
2170,733,12,2,1597.94,3195.88
2171,733,13,3,945.88,2837.64
2172,734,10,1,3643.61,3643.61
2173,734,21,1,1754.04,1754.04
2174,735,31,2,1422.93,2845.86
2175,735,27,2,514.43,1028.86
2176,735,18,2,175.11,350.22
2177,735,15,2,373.87,747.74
2178,735,17,2,119.37,238.74
2179,736,26,1,480.49,480.49
2180,737,2,3,1955.12,5865.36
2181,737,13,2,945.88,1891.76
2182,737,14,1,884.72,884.72
2183,738,13,1,868.24,868.24
2184,738,14,3,884.72,2654.16
2185,738,33,3,1384.64,4153.92
2186,738,29,1,1259.43,1259.43
2187,738,18,2,175.11,350.22
2188,739,25,3,1379.46,4138.38
2189,739,4,2,3027.97,6055.95
2190,739,7,3,2872.84,8618.51
2191,739,22,3,772.56,2317.68
2192,739,18,1,175.11,175.11
2193,740,6,3,3328.48,9985.44
2194,740,29,3,1259.43,3778.29
2195,740,16,3,33.79,101.36
2196,740,21,1,1754.04,1754.04
2197,740,35,3,907.85,2723.55
2198,741,14,1,884.72,884.72
2199,741,12,2,1207.58,2415.17
2200,741,21,2,1754.04,3508.08
2201,741,30,3,511.45,1534.35
2202,742,26,1,480.49,480.49
2203,742,32,3,1034.84,3104.52
2204,742,4,3,3280.07,9840.21
2205,742,34,1,507.59,507.59
2206,743,19,3,146.82,440.46
2207,743,22,3,654.59,1963.77
2208,743,5,1,1193.52,1193.52
2209,743,6,2,3328.48,6656.96
2210,744,18,3,175.11,525.33
2211,744,30,1,511.45,511.45
2212,744,29,2,1259.43,2518.86
2213,744,10,3,4184.44,12553.32
2214,745,19,1,146.82,146.82
2215,745,1,2,2714.87,5429.75
2216,745,25,3,1379.46,4138.38
2217,745,2,2,1955.12,3910.24
2218,746,23,1,783.7,783.7
2219,746,10,1,4184.44,4184.44
2220,746,13,3,945.88,2837.64
2221,746,14,1,884.72,884.72
2222,746,20,2,61.02,122.04
2223,747,28,1,1074.23,1074.23
2224,747,18,1,175.11,175.11
2225,748,8,3,1725.85,5177.55
2226,748,25,1,1379.46,1379.46
2227,748,2,2,1955.12,3910.24
2228,748,29,1,1259.43,1259.43
2229,749,33,1,1257.35,1257.35
2230,749,34,2,507.59,1015.18
2231,750,6,2,3328.48,6656.96
2232,750,33,3,1188.86,3566.59
2233,751,7,1,3807.28,3807.28
2234,751,23,3,929.31,2787.93
2235,751,24,3,619.13,1857.4
2236,751,20,2,61.02,122.04
2237,752,3,1,3893.18,3893.18
2238,752,10,1,4184.44,4184.44
2239,752,16,1,42.47,42.47
2240,753,19,3,146.82,440.46
2241,753,24,1,753.86,753.86
2242,754,24,1,685.4,685.4
2243,754,8,2,1725.85,3451.7
2244,755,2,2,1673.39,3346.77
2245,756,34,2,507.59,1015.18
2246,756,11,1,772.38,772.38
2247,756,7,1,3254.7,3254.7
2248,756,1,2,3485.59,6971.18
2249,757,1,2,3485.59,6971.18
2250,757,20,2,61.02,122.04
2251,757,31,3,1422.93,4268.79
2252,757,17,2,119.37,238.74
2253,757,9,3,3805.43,11416.28
2254,758,7,3,3807.28,11421.84
2255,759,12,3,1597.94,4793.82
2256,759,20,3,61.02,183.06
2257,759,22,3,772.56,2317.68
2258,760,21,2,1754.04,3508.08
2259,760,28,3,1074.23,3222.69
2260,761,4,1,3280.07,3280.07
2261,761,13,1,837.57,837.57
2262,761,12,3,1597.94,4793.82
2263,761,1,2,2705.15,5410.3
2264,762,30,3,511.45,1534.35
2265,762,17,3,119.37,358.11
2266,763,17,2,119.37,238.74
2267,763,22,2,772.56,1545.12
2268,764,5,3,1004.15,3012.45
2269,764,24,1,753.86,753.86
2270,764,28,2,1074.23,2148.46
2271,765,20,3,61.02,183.06
2272,765,29,1,1259.43,1259.43
2273,765,28,3,844.34,2533.02
2274,766,2,3,1955.12,5865.36
2275,766,13,3,945.88,2837.64
2276,767,35,1,907.85,907.85
2277,767,15,1,373.87,373.87
2278,767,34,3,507.59,1522.77
2279,768,35,1,907.85,907.85
2280,768,28,2,1074.23,2148.46
2281,769,21,1,1754.04,1754.04
2282,769,9,3,4199.61,12598.83
2283,769,20,1,61.02,61.02
2284,769,1,3,3485.59,10456.77
2285,770,10,1,4184.44,4184.44
2286,770,31,1,1422.93,1422.93
2287,771,16,1,42.47,42.47
2288,771,23,2,808.23,1616.46
2289,772,18,1,175.11,175.11
2290,772,21,3,1754.04,5262.12
2291,773,20,1,46.02,46.02
2292,773,8,3,1725.85,5177.55
2293,773,35,2,907.85,1815.7
2294,773,30,1,511.45,511.45
2295,774,28,1,1074.23,1074.23
2296,774,11,1,772.38,772.38
2297,774,32,3,1034.84,3104.52
2298,774,19,2,146.82,293.64
2299,775,27,3,514.43,1543.29
2300,775,4,2,3280.07,6560.14
2301,775,7,2,3807.28,7614.56
2302,775,18,2,175.11,350.22
2303,776,16,3,42.47,127.41
2304,776,32,3,1034.84,3104.52
2305,776,15,3,373.87,1121.61
2306,776,28,2,1074.23,2148.46
2307,777,7,3,2880.79,8642.38
2308,778,27,2,514.43,1028.86
2309,778,26,3,418.15,1254.46
2310,778,3,3,3893.18,11679.54
2311,778,23,2,929.31,1858.62
2312,778,29,1,1259.43,1259.43
2313,779,2,3,1955.12,5865.36
2314,779,30,1,511.45,511.45
2315,779,17,1,119.37,119.37
2316,779,23,3,929.31,2787.93
2317,780,21,1,1754.04,1754.04
2318,780,26,3,480.49,1441.47
2319,780,23,1,929.31,929.31
2320,780,12,2,1287.32,2574.64
2321,780,32,3,1034.84,3104.52
2322,781,13,2,945.88,1891.76
2323,781,17,2,119.37,238.74
2324,781,32,1,1034.84,1034.84
2325,781,23,1,825.13,825.13
2326,782,12,1,1597.94,1597.94
2327,782,26,3,480.49,1441.47
2328,782,5,2,1052.65,2105.29
2329,782,13,2,945.88,1891.76
2330,782,6,2,2525.6,5051.2
2331,783,21,1,1754.04,1754.04
2332,784,2,3,1955.12,5865.36
2333,784,32,1,1034.84,1034.84
2334,784,15,2,373.87,747.74
2335,785,2,2,1955.12,3910.24
2336,785,31,3,1422.93,4268.79
2337,786,26,2,480.49,960.98
2338,786,25,1,1379.46,1379.46
2339,786,17,2,96.85,193.7
2340,786,24,2,753.86,1507.72
2341,786,28,3,1074.23,3222.69
2342,787,31,3,1422.93,4268.79
2343,787,35,3,907.85,2723.55
2344,787,21,3,1754.04,5262.12
2345,787,7,1,3807.28,3807.28
2346,787,15,3,373.87,1121.61
2347,788,5,3,1193.52,3580.56
2348,788,11,2,772.38,1544.76
2349,788,2,3,1590.68,4772.05
2350,788,29,1,1259.43,1259.43
2351,789,32,2,1034.84,2069.68
2352,790,29,3,1259.43,3778.29
2353,790,20,2,61.02,122.04
2354,791,21,1,1754.04,1754.04
2355,791,1,3,3485.59,10456.77
2356,791,4,1,3280.07,3280.07
2357,791,23,1,929.31,929.31
2358,791,8,1,1725.85,1725.85
2359,792,6,3,3328.48,9985.44
2360,792,7,3,3807.28,11421.84
2361,792,26,2,480.49,960.98
2362,793,7,2,3289.22,6578.43
2363,793,20,2,61.02,122.04
2364,794,23,2,929.31,1858.62
2365,794,6,1,3328.48,3328.48
2366,795,24,1,570.88,570.88
2367,796,20,1,50.39,50.39
2368,796,2,1,1955.12,1955.12
2369,796,24,2,613.16,1226.32
2370,796,5,1,1193.52,1193.52
2371,797,33,2,1304.67,2609.34
2372,797,10,3,4184.44,12553.32
2373,798,19,3,124.25,372.76
2374,798,7,1,3807.28,3807.28
2375,798,23,3,768.88,2306.63
2376,799,25,1,1379.46,1379.46
2377,799,29,1,1259.43,1259.43
2378,799,8,2,1500.01,3000.02
2379,799,5,2,899.35,1798.71
2380,799,22,2,772.56,1545.12
2381,800,21,3,1754.04,5262.12
2382,801,19,1,146.82,146.82
2383,801,21,1,1754.04,1754.04
2384,802,6,2,3328.48,6656.96
2385,802,32,3,1034.84,3104.52
2386,802,2,2,1955.12,3910.24
2387,802,7,2,3807.28,7614.56
2388,803,13,1,945.88,945.88
2389,804,35,1,807.45,807.45
2390,805,28,3,1074.23,3222.69
2391,806,14,1,884.72,884.72
2392,807,14,2,884.72,1769.44
2393,808,14,1,884.72,884.72
2394,808,8,2,1725.85,3451.7
2395,808,19,2,146.82,293.64
2396,808,1,2,3485.59,6971.18
2397,809,16,3,42.47,127.41
2398,809,17,2,119.37,238.74
2399,809,28,1,1074.23,1074.23
2400,809,20,2,61.02,122.04
2401,809,14,1,884.72,884.72
2402,810,3,1,3893.18,3893.18
2403,810,29,1,997.17,997.17
2404,810,9,1,3714.66,3714.66
2405,810,15,3,373.87,1121.61
2406,811,19,1,146.82,146.82
2407,811,17,1,119.37,119.37
2408,811,7,3,3807.28,11421.84
2409,812,8,1,1505.61,1505.61
2410,813,24,1,753.86,753.86
2411,813,29,3,1259.43,3778.29
2412,813,10,3,3847.42,11542.25
2413,813,3,2,3893.18,7786.36
2414,813,33,2,1384.64,2769.28
2415,814,19,1,146.82,146.82
2416,814,33,3,1133.19,3399.56
2417,815,16,3,42.47,127.41
2418,816,4,2,3280.07,6560.14
2419,816,8,1,1725.85,1725.85
2420,816,5,1,1193.52,1193.52
2421,817,15,1,373.87,373.87
2422,818,8,1,1725.85,1725.85
2423,818,15,2,373.87,747.74
2424,818,3,3,3893.18,11679.54
2425,818,35,3,907.85,2723.55
2426,818,5,2,1193.52,2387.04
2427,819,30,2,511.45,1022.9
2428,819,31,2,1422.93,2845.86
2429,819,10,2,4184.44,8368.88
2430,820,24,2,753.86,1507.72
2431,820,2,1,1696.9,1696.9
2432,821,23,2,929.31,1858.62
2433,821,14,2,884.72,1769.44
2434,822,24,1,753.86,753.86
2435,822,22,1,772.56,772.56
2436,822,21,3,1598.07,4794.21
2437,822,26,3,480.49,1441.47
2438,823,27,1,514.43,514.43
2439,823,24,3,753.86,2261.58
2440,823,20,2,61.02,122.04
2441,823,14,3,884.72,2654.16
2442,823,26,1,480.49,480.49
2443,824,28,2,1074.23,2148.46
2444,824,12,1,1597.94,1597.94
2445,824,29,3,1259.43,3778.29
2446,824,2,1,1955.12,1955.12
2447,824,14,3,884.72,2654.16
2448,825,16,3,42.47,127.41
2449,825,9,3,4199.61,12598.83
2450,825,32,3,1034.84,3104.52
2451,825,21,3,1643.41,4930.23
2452,826,22,1,772.56,772.56
2453,827,14,1,884.72,884.72
2454,827,20,2,61.02,122.04
2455,828,19,1,146.82,146.82
2456,828,20,1,61.02,61.02
2457,829,27,1,514.43,514.43
2458,829,11,1,772.38,772.38
2459,829,31,1,1422.93,1422.93
2460,829,18,1,175.11,175.11
2461,829,16,2,42.47,84.94
2462,830,29,2,1259.43,2518.86
2463,830,12,3,1597.94,4793.82
2464,830,2,2,1955.12,3910.24
2465,831,20,1,46.56,46.56
2466,831,26,3,395.52,1186.55
2467,832,2,2,1747.78,3495.56
2468,832,27,3,514.43,1543.29
2469,832,11,1,772.38,772.38
2470,832,24,1,680.16,680.16
2471,833,22,3,648.75,1946.26
2472,833,3,1,3893.18,3893.18
2473,833,18,3,146.26,438.79
2474,833,30,2,511.45,1022.9
2475,834,18,3,175.11,525.33
2476,835,9,3,3753.07,11259.22
2477,835,23,1,929.31,929.31
2478,835,17,3,97.5,292.49
2479,836,7,1,3567.45,3567.45
2480,836,16,3,42.47,127.41
2481,837,1,3,3485.59,10456.77
2482,838,22,3,592.09,1776.27
2483,838,7,1,3070.0,3070.0
2484,838,8,1,1366.32,1366.32
2485,838,4,1,3280.07,3280.07
2486,839,13,3,945.88,2837.64
2487,839,31,1,1422.93,1422.93
2488,839,32,3,946.7,2840.11
2489,839,12,1,1597.94,1597.94
2490,839,19,3,146.82,440.46
2491,840,13,1,945.88,945.88
2492,841,19,2,146.82,293.64
2493,841,27,3,514.43,1543.29
2494,841,33,1,1384.64,1384.64
2495,841,14,3,884.72,2654.16
2496,841,28,1,1007.03,1007.03
2497,842,6,3,3328.48,9985.44
2498,842,29,2,1259.43,2518.86
2499,842,1,3,3485.59,10456.77
2500,842,21,1,1754.04,1754.04
2501,843,24,3,753.86,2261.58
2502,843,32,1,1034.84,1034.84
2503,843,20,1,53.66,53.66
2504,843,21,2,1754.04,3508.08
2505,844,29,1,1259.43,1259.43
2506,844,10,2,4184.44,8368.88
2507,844,25,3,1209.59,3628.77
2508,844,27,2,514.43,1028.86
2509,845,14,1,884.72,884.72
2510,845,7,1,3807.28,3807.28
2511,846,20,1,50.56,50.56
2512,846,18,2,175.11,350.22
2513,847,23,1,822.76,822.76
2514,848,32,3,852.61,2557.84
2515,848,14,3,884.72,2654.16
2516,848,27,3,475.39,1426.18
2517,848,1,2,3485.59,6971.18
2518,848,20,2,61.02,122.04
2519,849,5,2,1193.52,2387.04
2520,849,2,2,1955.12,3910.24
2521,849,29,2,1259.43,2518.86
2522,849,24,2,753.86,1507.72
2523,850,13,3,945.88,2837.64
2524,850,9,1,4199.61,4199.61
2525,850,21,3,1754.04,5262.12
2526,851,2,2,1955.12,3910.24
2527,851,21,3,1754.04,5262.12
2528,851,33,3,1384.64,4153.92
2529,851,7,3,3807.28,11421.84
2530,852,13,1,945.88,945.88
2531,852,18,1,175.11,175.11
2532,852,10,2,4184.44,8368.88
2533,852,24,3,753.86,2261.58
2534,853,21,2,1754.04,3508.08
2535,853,35,3,907.85,2723.55
2536,853,13,3,945.88,2837.64
2537,853,8,2,1725.85,3451.7
2538,854,20,2,61.02,122.04
2539,855,6,2,3328.48,6656.96
2540,855,24,3,649.2,1947.61
2541,855,30,2,457.9,915.79
2542,855,10,2,3467.61,6935.22
2543,856,2,2,1955.12,3910.24
2544,856,8,2,1352.44,2704.89
2545,856,4,2,3280.07,6560.14
2546,857,12,2,1597.94,3195.88
2547,857,21,3,1486.83,4460.48
2548,857,3,3,3893.18,11679.54
2549,857,19,1,146.82,146.82
2550,858,11,2,680.69,1361.37
2551,858,16,1,42.47,42.47
2552,858,6,3,2884.89,8654.67
2553,858,24,2,753.86,1507.72
2554,858,23,3,929.31,2787.93
2555,859,17,1,119.37,119.37
2556,860,31,1,1422.93,1422.93
2557,860,3,1,3893.18,3893.18
2558,861,25,3,1379.46,4138.38
2559,861,26,2,387.78,775.56
2560,861,2,2,1955.12,3910.24
2561,862,15,1,373.87,373.87
2562,862,32,1,1034.84,1034.84
2563,863,35,3,907.85,2723.55
2564,863,1,2,3485.59,6971.18
2565,864,17,1,119.37,119.37
2566,864,22,2,772.56,1545.12
2567,865,33,1,1092.58,1092.58
2568,865,26,3,480.49,1441.47
2569,865,14,1,884.72,884.72
2570,865,12,3,1597.94,4793.82
2571,866,24,3,753.86,2261.58
2572,866,30,3,511.45,1534.35
2573,866,4,2,3280.07,6560.14
2574,867,22,2,772.56,1545.12
2575,867,14,2,884.72,1769.44
2576,868,32,3,1034.84,3104.52
2577,868,31,3,1422.93,4268.79
2578,869,2,3,1852.98,5558.94
2579,870,11,1,772.38,772.38
2580,870,7,2,3807.28,7614.56
2581,870,4,2,2842.19,5684.38
2582,870,24,1,753.86,753.86
2583,871,30,3,511.45,1534.35
2584,871,14,3,884.72,2654.16
2585,871,8,2,1600.7,3201.39
2586,872,18,1,142.61,142.61
2587,872,2,1,1688.25,1688.25
2588,872,31,2,1422.93,2845.86
2589,872,5,1,1193.52,1193.52
2590,872,10,1,4184.44,4184.44
2591,873,13,3,945.88,2837.64
2592,873,18,1,175.11,175.11
2593,873,2,1,1955.12,1955.12
2594,873,16,2,42.47,84.94
2595,874,19,2,128.69,257.39
2596,875,24,2,753.86,1507.72
2597,875,35,2,907.85,1815.7
2598,875,10,3,4184.44,12553.32
2599,876,32,2,1034.84,2069.68
2600,876,35,2,816.48,1632.97
2601,877,29,2,1259.43,2518.86
2602,877,35,3,800.42,2401.27
2603,877,11,3,772.38,2317.14
2604,877,3,1,3893.18,3893.18
2605,878,26,2,480.49,960.98
2606,878,6,3,3328.48,9985.44
2607,879,11,2,772.38,1544.76
2608,879,15,2,373.87,747.74
2609,879,22,2,772.56,1545.12
2610,879,32,2,1034.84,2069.68
2611,879,8,2,1725.85,3451.7
2612,880,10,1,4184.44,4184.44
2613,880,13,1,945.88,945.88
2614,880,1,2,3485.59,6971.18
2615,880,33,2,1384.64,2769.28
2616,881,2,1,1955.12,1955.12
2617,881,19,3,132.04,396.11
2618,882,1,2,3485.59,6971.18
2619,882,20,2,61.02,122.04
2620,882,22,2,772.56,1545.12
2621,882,25,3,1174.93,3524.8
2622,883,31,1,1422.93,1422.93
2623,883,25,3,1379.46,4138.38
2624,883,35,2,907.85,1815.7
2625,884,3,2,3893.18,7786.36
2626,884,32,1,1034.84,1034.84
2627,884,6,3,3328.48,9985.44
2628,884,31,1,1422.93,1422.93
2629,885,3,1,3893.18,3893.18
2630,885,21,1,1621.3,1621.3
2631,885,20,3,61.02,183.06
2632,885,29,3,1259.43,3778.29
2633,886,25,3,1379.46,4138.38
2634,886,35,1,907.85,907.85
2635,886,4,2,3280.07,6560.14
2636,886,17,1,119.37,119.37
2637,886,8,2,1725.85,3451.7
2638,887,13,2,945.88,1891.76
2639,888,25,2,1216.66,2433.33
2640,888,3,3,3893.18,11679.54
2641,889,7,1,3053.17,3053.17
2642,890,28,3,1074.23,3222.69
2643,890,2,3,1672.15,5016.46
2644,890,34,2,507.59,1015.18
2645,891,17,3,119.37,358.11
2646,892,8,1,1575.08,1575.08
2647,892,2,1,1955.12,1955.12
2648,893,5,3,1085.52,3256.56
2649,893,12,2,1293.86,2587.72
2650,893,27,1,514.43,514.43
2651,893,8,3,1725.85,5177.55
2652,894,20,1,61.02,61.02
2653,895,31,1,1194.4,1194.4
2654,895,14,3,884.72,2654.16
2655,896,10,1,4184.44,4184.44
2656,896,5,2,1193.52,2387.04
2657,896,31,2,1422.93,2845.86
2658,896,33,2,1384.64,2769.28
2659,896,11,2,684.25,1368.51
2660,897,26,3,480.49,1441.47
2661,897,29,2,1259.43,2518.86
2662,897,15,3,373.87,1121.61
2663,898,19,2,136.99,273.98
2664,898,32,1,1034.84,1034.84
2665,898,5,1,1193.52,1193.52
2666,898,28,2,1074.23,2148.46
2667,898,2,3,1955.12,5865.36
2668,899,21,2,1754.04,3508.08
2669,899,20,3,61.02,183.06
2670,899,31,3,1422.93,4268.79
2671,899,33,3,1384.64,4153.92
2672,899,32,3,913.33,2740.0
2673,900,34,3,507.59,1522.77
2674,900,5,2,1193.52,2387.04
2675,900,17,2,119.37,238.74
2676,900,18,3,132.3,396.9
2677,900,19,1,146.82,146.82
2678,901,28,3,1074.23,3222.69
2679,901,13,2,945.88,1891.76
2680,901,9,2,4199.61,8399.22
2681,901,19,1,118.26,118.26
2682,901,24,2,753.86,1507.72
2683,902,24,3,753.86,2261.58
2684,902,16,3,42.47,127.41
2685,902,26,2,398.23,796.46
2686,902,31,2,1244.62,2489.24
2687,903,17,2,119.37,238.74
2688,903,32,3,1034.84,3104.52
2689,904,28,3,1074.23,3222.69
2690,905,21,1,1754.04,1754.04
2691,905,8,1,1615.3,1615.3
2692,905,9,1,4199.61,4199.61
2693,905,12,2,1487.4,2974.8
2694,906,4,2,3280.07,6560.14
2695,906,1,1,3485.59,3485.59
2696,906,8,3,1725.85,5177.55
2697,906,22,2,772.56,1545.12
2698,906,18,2,175.11,350.22
2699,907,15,1,373.87,373.87
2700,907,11,1,772.38,772.38
2701,907,25,1,1379.46,1379.46
2702,908,7,1,3807.28,3807.28
2703,909,12,2,1441.73,2883.47
2704,909,15,2,373.87,747.74
2705,910,7,2,3807.28,7614.56
2706,910,6,2,2570.84,5141.68
2707,911,14,3,884.72,2654.16
2708,911,32,1,1034.84,1034.84
2709,911,28,3,1074.23,3222.69
2710,912,25,1,1379.46,1379.46
2711,913,18,2,175.11,350.22
2712,913,16,2,42.47,84.94
2713,913,19,3,146.82,440.46
2714,913,15,1,373.87,373.87
2715,914,25,3,1379.46,4138.38
2716,915,28,1,1074.23,1074.23
2717,915,6,2,3328.48,6656.96
2718,915,17,1,119.37,119.37
2719,915,23,3,929.31,2787.93
2720,916,24,3,753.86,2261.58
2721,916,4,1,3280.07,3280.07
2722,916,15,3,349.25,1047.75
2723,916,6,2,3328.48,6656.96
2724,917,12,2,1496.7,2993.4
2725,917,15,1,373.87,373.87
2726,917,27,3,514.43,1543.29
2727,918,28,1,1074.23,1074.23
2728,918,11,1,718.08,718.08
2729,918,16,1,42.47,42.47
2730,918,2,2,1955.12,3910.24
2731,919,16,2,42.47,84.94
2732,919,1,2,3485.59,6971.18
2733,920,4,1,3280.07,3280.07
2734,920,31,1,1422.93,1422.93
2735,921,30,3,460.49,1381.46
2736,921,16,3,42.47,127.41
2737,921,12,1,1397.42,1397.42
2738,922,26,3,480.49,1441.47
2739,922,35,2,907.85,1815.7
2740,922,34,3,507.59,1522.77
2741,922,30,3,511.45,1534.35
2742,923,9,3,4199.61,12598.83
2743,923,3,2,2994.51,5989.01
2744,923,14,2,884.72,1769.44
2745,923,5,2,1017.54,2035.08
2746,924,29,3,1259.43,3778.29
2747,924,9,2,4199.61,8399.22
2748,925,32,3,1034.84,3104.52
2749,925,26,1,480.49,480.49
2750,925,30,2,511.45,1022.9
2751,926,19,2,125.82,251.64
2752,927,23,1,929.31,929.31
2753,927,33,2,1223.62,2447.24
2754,927,31,2,1422.93,2845.86
2755,928,18,3,175.11,525.33
2756,928,4,1,3280.07,3280.07
2757,928,2,2,1955.12,3910.24
2758,928,33,2,1384.64,2769.28
2759,928,14,2,884.72,1769.44
2760,929,28,1,1074.23,1074.23
2761,929,33,2,1384.64,2769.28
2762,929,3,3,3893.18,11679.54
2763,929,5,3,1193.52,3580.56
2764,930,18,1,175.11,175.11
2765,930,26,1,401.76,401.76
2766,930,15,2,373.87,747.74
2767,930,3,1,3893.18,3893.18
2768,931,1,1,3485.59,3485.59
2769,931,5,2,1193.52,2387.04
2770,932,32,1,1034.84,1034.84
2771,932,8,2,1725.85,3451.7
2772,933,22,1,772.56,772.56
2773,933,21,3,1754.04,5262.12
2774,933,34,3,507.59,1522.77
2775,934,28,2,1074.23,2148.46
2776,935,4,1,3280.07,3280.07
2777,935,20,1,61.02,61.02
2778,935,17,1,119.37,119.37
2779,935,7,1,3807.28,3807.28
2780,936,22,1,772.56,772.56
2781,936,20,3,54.14,162.41
2782,936,6,1,3328.48,3328.48
2783,936,16,2,36.33,72.65
2784,937,20,1,61.02,61.02
2785,938,28,2,950.23,1900.47
2786,938,16,2,42.47,84.94
2787,938,19,1,116.1,116.1
2788,938,11,1,667.56,667.56
2789,939,31,1,1268.85,1268.85
2790,940,6,2,3328.48,6656.96
2791,940,3,1,3893.18,3893.18
2792,940,11,1,772.38,772.38
2793,941,11,2,642.1,1284.2
2794,941,26,3,480.49,1441.47
2795,942,17,2,119.37,238.74
2796,942,11,3,772.38,2317.14
2797,942,33,2,1384.64,2769.28
2798,942,7,3,3257.01,9771.02
2799,943,19,1,146.82,146.82
2800,943,26,2,480.49,960.98
2801,943,27,1,514.43,514.43
2802,944,8,1,1484.6,1484.6
2803,945,21,2,1754.04,3508.08
2804,945,16,3,42.47,127.41
2805,945,31,3,1422.93,4268.79
2806,946,31,2,1297.29,2594.58
2807,946,3,1,3043.59,3043.59
2808,947,30,1,511.45,511.45
2809,947,26,3,480.49,1441.47
2810,947,21,2,1754.04,3508.08
2811,947,29,3,1259.43,3778.29
2812,948,17,1,119.37,119.37
2813,948,27,2,397.73,795.47
2814,949,12,1,1597.94,1597.94
2815,949,27,3,514.43,1543.29
2816,950,31,3,1422.93,4268.79
2817,951,18,3,175.11,525.33
2818,951,34,2,507.59,1015.18
2819,951,26,3,480.49,1441.47
2820,951,13,3,945.88,2837.64
2821,951,28,2,949.06,1898.12
2822,952,30,2,511.45,1022.9
2823,952,15,3,373.87,1121.61
2824,952,21,1,1754.04,1754.04
2825,952,29,3,1259.43,3778.29
2826,953,15,2,373.87,747.74
2827,954,18,3,175.11,525.33
2828,955,4,3,3280.07,9840.21
2829,955,32,2,1034.84,2069.68
2830,955,14,1,884.72,884.72
2831,956,1,1,3485.59,3485.59
2832,956,28,1,1074.23,1074.23
2833,957,11,2,667.88,1335.77
2834,957,19,3,136.61,409.84
2835,957,17,2,119.37,238.74
2836,958,8,1,1373.66,1373.66
2837,958,1,2,3485.59,6971.18
2838,959,35,3,907.85,2723.55
2839,959,30,1,511.45,511.45
2840,959,33,1,1384.64,1384.64
2841,959,8,2,1725.85,3451.7
2842,959,31,3,1422.93,4268.79
2843,960,6,1,3328.48,3328.48
2844,960,5,3,1193.52,3580.56
2845,960,11,2,772.38,1544.76
2846,960,10,3,4184.44,12553.32
2847,960,22,2,772.56,1545.12
2848,961,26,3,480.49,1441.47
2849,961,14,1,884.72,884.72
2850,961,11,3,772.38,2317.14
2851,961,13,3,945.88,2837.64
2852,961,31,2,1422.93,2845.86
2853,962,13,1,831.35,831.35
2854,962,3,3,3893.18,11679.54
2855,962,29,3,1259.43,3778.29
2856,963,6,3,3328.48,9985.44
2857,963,9,3,3574.42,10723.25
2858,963,7,3,3807.28,11421.84
2859,963,34,2,399.9,799.79
2860,964,28,2,1074.23,2148.46
2861,964,19,1,146.82,146.82
2862,964,3,2,3893.18,7786.36
2863,964,7,2,3807.28,7614.56
2864,964,4,2,3280.07,6560.14
2865,965,20,1,61.02,61.02
2866,965,27,2,479.13,958.26
2867,965,2,1,1955.12,1955.12
2868,966,17,2,119.37,238.74
2869,967,6,3,3328.48,9985.44
2870,967,15,1,373.87,373.87
2871,967,4,3,3280.07,9840.21
2872,967,18,3,175.11,525.33
2873,967,20,3,61.02,183.06
2874,968,20,2,53.9,107.8
2875,969,1,1,3485.59,3485.59
2876,970,35,3,907.85,2723.55
2877,970,7,1,3488.7,3488.7
2878,970,17,3,119.37,358.11
2879,970,11,3,772.38,2317.14
2880,971,11,1,772.38,772.38
2881,971,33,1,1384.64,1384.64
2882,972,32,1,1034.84,1034.84
2883,972,16,3,42.47,127.41
2884,973,27,3,514.43,1543.29
2885,973,19,1,146.82,146.82
2886,973,18,2,175.11,350.22
2887,973,16,2,39.37,78.75
2888,974,12,3,1597.94,4793.82
2889,974,8,3,1295.03,3885.08
2890,975,9,3,3813.07,11439.22
2891,975,14,1,884.72,884.72
2892,975,18,1,175.11,175.11
2893,975,8,2,1725.85,3451.7
2894,976,24,2,753.86,1507.72
2895,977,10,2,4184.44,8368.88
2896,977,14,3,884.72,2654.16
2897,978,28,1,1074.23,1074.23
2898,978,4,1,2532.91,2532.91
2899,978,17,1,119.37,119.37
2900,979,19,1,146.82,146.82
2901,980,5,2,1193.52,2387.04
2902,980,30,2,511.45,1022.9
2903,980,23,2,929.31,1858.62
2904,980,20,2,61.02,122.04
2905,980,15,1,337.65,337.65
2906,981,33,3,1384.64,4153.92
2907,981,10,1,4184.44,4184.44
2908,981,8,3,1725.85,5177.55
2909,981,18,2,175.11,350.22
2910,981,24,1,571.85,571.85
2911,982,16,3,42.47,127.41
2912,982,34,3,384.89,1154.68
2913,982,12,2,1597.94,3195.88
2914,983,31,1,1143.29,1143.29
2915,984,13,1,945.88,945.88
2916,984,26,3,432.93,1298.8
2917,984,23,1,929.31,929.31
2918,985,22,3,646.61,1939.82
2919,985,32,1,1034.84,1034.84
2920,985,15,1,373.87,373.87
2921,985,28,2,1074.23,2148.46
2922,985,2,3,1591.09,4773.28
2923,986,14,1,838.41,838.41
2924,986,24,3,753.86,2261.58
2925,987,22,1,772.56,772.56
2926,988,16,1,42.47,42.47
2927,988,3,3,3893.18,11679.54
2928,988,31,2,1422.93,2845.86
2929,988,18,1,175.11,175.11
2930,988,35,2,771.0,1542.0
2931,989,23,1,929.31,929.31
2932,989,29,3,1259.43,3778.29
2933,989,11,3,772.38,2317.14
2934,990,12,1,1597.94,1597.94
2935,991,29,1,1259.43,1259.43
2936,992,24,3,753.86,2261.58
2937,992,20,3,46.97,140.91
2938,993,3,3,3893.18,11679.54
2939,993,35,2,723.66,1447.32
2940,993,12,1,1385.4,1385.4
2941,994,18,3,175.11,525.33
2942,994,34,3,507.59,1522.77
2943,995,35,2,907.85,1815.7
2944,995,14,3,884.72,2654.16
2945,996,14,2,884.72,1769.44
2946,996,2,2,1955.12,3910.24
2947,996,13,3,767.2,2301.6
2948,996,26,1,480.49,480.49
2949,996,19,3,146.82,440.46
2950,997,9,3,4199.61,12598.83
2951,997,4,1,3280.07,3280.07
2952,997,34,1,507.59,507.59
2953,997,12,3,1597.94,4793.82
2954,998,22,3,772.56,2317.68
2955,999,12,2,1597.94,3195.88
2956,999,3,1,3083.38,3083.38
2957,1000,29,3,1259.43,3778.29
2958,1000,5,2,1067.89,2135.77
2959,1000,28,2,856.06,1712.12
2960,1000,35,1,907.85,907.85
2961,1000,6,3,2623.11,7869.33
2962,1001,6,3,3328.48,9985.44
2963,1001,13,1,945.88,945.88
2964,1001,31,3,1422.93,4268.79
2965,1001,7,1,3807.28,3807.28
2966,1001,29,2,1259.43,2518.86
2967,1002,19,1,146.82,146.82
2968,1002,17,3,119.37,358.11
2969,1002,11,2,772.38,1544.76
2970,1002,6,1,2613.28,2613.28
2971,1002,35,2,907.85,1815.7
2972,1003,33,2,1384.64,2769.28
2973,1004,16,3,42.47,127.41
2974,1004,25,2,1379.46,2758.92
2975,1004,23,2,929.31,1858.62
2976,1005,27,2,514.43,1028.86
2977,1005,10,2,4184.44,8368.88
2978,1006,25,3,1379.46,4138.38
2979,1006,3,3,3893.18,11679.54
2980,1007,30,1,458.48,458.48
2981,1007,23,1,929.31,929.31
2982,1007,2,2,1955.12,3910.24
2983,1007,34,3,425.79,1277.36
2984,1007,12,3,1597.94,4793.82
2985,1008,31,1,1422.93,1422.93
2986,1008,32,2,1034.84,2069.68
2987,1009,10,1,4184.44,4184.44
2988,1009,5,3,1193.52,3580.56
2989,1010,27,1,514.43,514.43
2990,1010,20,2,61.02,122.04
2991,1010,11,1,772.38,772.38
2992,1011,17,1,119.37,119.37
2993,1011,6,2,3328.48,6656.96
2994,1011,30,3,511.45,1534.35
2995,1012,12,2,1597.94,3195.88
2996,1013,19,3,136.99,410.98
2997,1013,13,2,945.88,1891.76
2998,1014,34,2,507.59,1015.18
2999,1014,33,3,1384.64,4153.92
3000,1014,2,1,1955.12,1955.12
3001,1014,15,2,373.87,747.74
3002,1014,7,1,3807.28,3807.28
3003,1015,19,1,146.82,146.82
3004,1016,13,3,945.88,2837.64
3005,1016,34,3,408.26,1224.78
3006,1016,17,1,119.37,119.37
3007,1017,34,1,507.59,507.59
3008,1017,30,1,511.45,511.45
3009,1017,8,1,1725.85,1725.85
3010,1017,35,1,907.85,907.85
3011,1018,3,1,3893.18,3893.18
3012,1018,27,1,514.43,514.43
3013,1019,25,3,1379.46,4138.38
3014,1019,7,3,3807.28,11421.84
3015,1019,30,3,511.45,1534.35
3016,1020,2,3,1552.9,4658.7
3017,1021,1,3,3485.59,10456.77
3018,1021,16,2,42.47,84.94
3019,1021,25,3,1110.53,3331.58
3020,1021,22,2,772.56,1545.12
3021,1021,31,3,1422.93,4268.79
3022,1022,9,2,4199.61,8399.22
3023,1022,4,1,3280.07,3280.07
3024,1022,5,3,1193.52,3580.56
3025,1023,15,3,373.87,1121.61
3026,1023,26,1,480.49,480.49
3027,1024,14,1,760.63,760.63
3028,1024,33,2,1384.64,2769.28
3029,1025,19,1,146.82,146.82
3030,1026,22,1,772.56,772.56
3031,1027,34,3,406.44,1219.33
3032,1028,4,1,3280.07,3280.07
3033,1028,34,2,507.59,1015.18
3034,1029,5,1,1193.52,1193.52
3035,1029,21,2,1754.04,3508.08
3036,1029,14,2,764.43,1528.87
3037,1029,7,3,3181.33,9543.99
3038,1030,10,3,4184.44,12553.32
3039,1030,14,1,884.72,884.72
3040,1030,34,3,428.63,1285.88
3041,1030,17,2,119.37,238.74
3042,1030,19,2,146.82,293.64
3043,1031,15,3,373.87,1121.61
3044,1031,24,1,660.3,660.3
3045,1032,33,2,1384.64,2769.28
3046,1033,12,2,1597.94,3195.88
3047,1033,2,1,1955.12,1955.12
3048,1033,29,3,1259.43,3778.29
3049,1034,25,2,1094.32,2188.63
3050,1034,19,3,146.82,440.46
3051,1034,30,3,511.45,1534.35
3052,1034,6,2,3328.48,6656.96
3053,1034,34,2,431.41,862.81
3054,1035,7,1,3807.28,3807.28
3055,1035,12,1,1597.94,1597.94
3056,1036,27,3,514.43,1543.29
3057,1037,30,2,511.45,1022.9
3058,1038,20,3,61.02,183.06
3059,1038,15,2,373.87,747.74
3060,1039,9,2,4199.61,8399.22
3061,1039,2,1,1955.12,1955.12
3062,1039,19,3,146.82,440.46
3063,1039,1,2,3485.59,6971.18
3064,1039,23,3,929.31,2787.93
3065,1040,35,3,907.85,2723.55
3066,1040,10,3,4184.44,12553.32
3067,1040,28,2,1074.23,2148.46
3068,1041,1,2,2732.27,5464.55
3069,1041,31,1,1422.93,1422.93
3070,1042,17,1,119.37,119.37
3071,1043,33,1,1384.64,1384.64
3072,1043,18,1,175.11,175.11
3073,1043,3,1,3178.61,3178.61
3074,1044,5,3,1193.52,3580.56
3075,1044,4,1,3280.07,3280.07
3076,1044,8,3,1725.85,5177.55
3077,1044,25,1,1292.22,1292.22
3078,1045,6,3,3328.48,9985.44
3079,1045,19,2,146.82,293.64
3080,1045,5,1,1193.52,1193.52
3081,1046,27,1,514.43,514.43
3082,1046,10,2,3560.73,7121.47
3083,1046,4,2,3280.07,6560.14
3084,1046,24,2,608.47,1216.94
3085,1047,9,3,4199.61,12598.83
3086,1047,23,3,929.31,2787.93
3087,1047,2,2,1955.12,3910.24
3088,1047,6,1,3328.48,3328.48
3089,1048,2,3,1955.12,5865.36
3090,1048,26,1,480.49,480.49
3091,1048,34,1,507.59,507.59
3092,1049,23,2,929.31,1858.62
3093,1049,11,2,649.62,1299.24
3094,1049,13,1,945.88,945.88
3095,1050,11,1,772.38,772.38
3096,1051,21,3,1754.04,5262.12
3097,1051,9,2,3806.31,7612.63
3098,1051,30,1,511.45,511.45
3099,1051,32,3,1034.84,3104.52
3100,1051,35,2,907.85,1815.7
3101,1052,4,2,3280.07,6560.14
3102,1052,10,1,4184.44,4184.44
3103,1052,26,2,480.49,960.98
3104,1053,7,3,3508.96,10526.89
3105,1053,26,2,480.49,960.98
3106,1053,31,2,1422.93,2845.86
3107,1054,6,3,3328.48,9985.44
3108,1054,32,1,943.07,943.07
3109,1055,22,1,772.56,772.56
3110,1055,32,3,1034.84,3104.52
3111,1055,29,1,1259.43,1259.43
3112,1055,15,1,373.87,373.87
3113,1055,28,2,1074.23,2148.46
3114,1056,2,2,1955.12,3910.24
3115,1056,32,1,1034.84,1034.84
3116,1056,35,3,706.14,2118.43
3117,1056,28,2,1074.23,2148.46
3118,1057,24,1,753.86,753.86
3119,1058,12,3,1597.94,4793.82
3120,1058,15,3,280.99,842.97
3121,1059,35,3,907.85,2723.55
3122,1059,29,3,1178.11,3534.32
3123,1059,7,3,3807.28,11421.84
3124,1060,21,2,1754.04,3508.08
3125,1060,26,1,480.49,480.49
3126,1061,35,1,907.85,907.85
3127,1061,19,1,146.82,146.82
3128,1061,2,3,1955.12,5865.36
3129,1061,11,3,772.38,2317.14
3130,1061,9,2,4199.61,8399.22
3131,1062,9,3,4199.61,12598.83
3132,1062,20,3,61.02,183.06
3133,1062,22,3,680.35,2041.05
3134,1063,29,1,1259.43,1259.43
3135,1064,29,3,1259.43,3778.29
3136,1064,25,3,1052.83,3158.49
3137,1064,31,2,1422.93,2845.86
3138,1064,13,1,945.88,945.88
3139,1065,32,3,1034.84,3104.52
3140,1065,25,1,1379.46,1379.46
3141,1065,35,1,907.85,907.85
3142,1065,10,3,3143.19,9429.57
3143,1065,28,1,1074.23,1074.23
3144,1066,26,3,396.39,1189.16
3145,1067,2,2,1955.12,3910.24
3146,1067,24,2,753.86,1507.72
3147,1067,25,3,1124.81,3374.43
3148,1068,22,2,772.56,1545.12
3149,1068,24,3,753.86,2261.58
3150,1069,19,3,146.82,440.46
3151,1069,12,3,1597.94,4793.82
3152,1069,16,3,42.47,127.41
3153,1070,13,3,945.88,2837.64
3154,1070,35,2,907.85,1815.7
3155,1071,12,3,1597.94,4793.82
3156,1071,35,2,690.87,1381.74
3157,1071,22,2,645.02,1290.04
3158,1072,22,3,772.56,2317.68
3159,1072,34,2,394.86,789.72
3160,1073,24,2,753.86,1507.72
3161,1073,2,3,1955.12,5865.36
3162,1073,32,3,1034.84,3104.52
3163,1073,34,2,507.59,1015.18
3164,1074,20,3,61.02,183.06
3165,1074,8,3,1352.24,4056.72
3166,1075,4,3,3280.07,9840.21
3167,1075,13,2,945.88,1891.76
3168,1076,14,1,884.72,884.72
3169,1076,26,2,376.93,753.87
3170,1076,20,1,49.07,49.07
3171,1077,34,2,507.59,1015.18
3172,1077,7,1,3144.23,3144.23
3173,1077,16,1,42.47,42.47
3174,1077,28,3,1074.23,3222.69
3175,1078,12,3,1597.94,4793.82
3176,1078,30,1,511.45,511.45
3177,1078,25,3,1379.46,4138.38
3178,1079,18,2,136.77,273.54
3179,1080,22,2,683.8,1367.6
3180,1080,28,3,1074.23,3222.69
3181,1081,20,2,61.02,122.04
3182,1081,11,3,772.38,2317.14
3183,1081,9,3,4199.61,12598.83
3184,1082,24,3,571.73,1715.18
3185,1082,21,1,1754.04,1754.04
3186,1082,19,3,146.82,440.46
3187,1082,12,2,1220.0,2440.01
3188,1083,24,1,583.88,583.88
3189,1083,15,1,373.87,373.87
3190,1083,5,2,1132.51,2265.03
3191,1084,28,3,955.36,2866.09
3192,1084,12,3,1597.94,4793.82
3193,1085,10,2,4184.44,8368.88
3194,1085,32,2,1034.84,2069.68
3195,1085,15,2,373.87,747.74
3196,1085,28,1,1074.23,1074.23
3197,1086,24,1,753.86,753.86
3198,1086,19,1,146.82,146.82
3199,1087,9,1,4199.61,4199.61
3200,1088,20,3,53.37,160.1
3201,1089,17,3,119.37,358.11
3202,1089,32,2,948.94,1897.87
3203,1089,11,2,772.38,1544.76
3204,1089,14,3,759.79,2279.38
3205,1090,30,3,511.45,1534.35
3206,1090,21,2,1612.05,3224.1
3207,1090,17,3,119.37,358.11
3208,1090,24,2,702.56,1405.12
3209,1091,16,3,42.47,127.41
3210,1091,7,1,3807.28,3807.28
3211,1091,26,1,390.4,390.4
3212,1091,4,1,3280.07,3280.07
3213,1091,12,3,1597.94,4793.82
3214,1092,21,1,1464.05,1464.05
3215,1093,7,2,3807.28,7614.56
3216,1093,28,3,955.38,2866.13
3217,1094,21,3,1754.04,5262.12
3218,1094,24,3,753.86,2261.58
3219,1095,18,2,175.11,350.22
3220,1095,27,2,514.43,1028.86
3221,1095,8,2,1725.85,3451.7
3222,1096,22,2,772.56,1545.12
3223,1097,12,2,1597.94,3195.88
3224,1098,12,2,1597.94,3195.88
3225,1098,29,3,1259.43,3778.29
3226,1098,5,3,1193.52,3580.56
3227,1098,11,3,658.02,1974.05
3228,1098,4,2,2492.04,4984.08
3229,1099,7,1,3807.28,3807.28
3230,1100,3,3,3893.18,11679.54
3231,1100,17,3,119.37,358.11
3232,1101,24,2,620.06,1240.12
3233,1101,33,2,1384.64,2769.28
3234,1102,20,3,50.98,152.94
3235,1102,16,3,42.47,127.41
3236,1102,25,2,1080.07,2160.13
3237,1103,6,3,2960.49,8881.47
3238,1103,2,2,1955.12,3910.24
3239,1103,10,3,4184.44,12553.32
3240,1103,11,1,772.38,772.38
3241,1103,23,1,929.31,929.31
3242,1104,14,3,884.72,2654.16
3243,1105,10,3,3801.78,11405.33
3244,1106,4,3,3280.07,9840.21
3245,1106,8,3,1600.65,4801.96
3246,1107,3,3,3893.18,11679.54
3247,1107,8,2,1521.19,3042.37
3248,1108,14,2,884.72,1769.44
3249,1108,3,2,3893.18,7786.36
3250,1109,34,2,473.06,946.13
3251,1109,7,1,3807.28,3807.28
3252,1109,10,3,4184.44,12553.32
3253,1110,21,1,1565.76,1565.76
3254,1111,13,3,945.88,2837.64
3255,1111,24,1,753.86,753.86
3256,1111,23,1,929.31,929.31
3257,1111,25,3,1379.46,4138.38
3258,1111,5,1,1193.52,1193.52
3259,1112,15,2,334.58,669.16
3260,1113,24,1,753.86,753.86
3261,1113,25,1,1379.46,1379.46
3262,1113,20,1,45.89,45.89
3263,1113,9,1,4199.61,4199.61
3264,1113,14,2,884.72,1769.44
3265,1114,4,3,3280.07,9840.21
3266,1114,11,1,772.38,772.38
3267,1114,29,3,1138.98,3416.93
3268,1115,22,2,772.56,1545.12
3269,1116,15,3,373.87,1121.61
3270,1117,2,3,1955.12,5865.36
3271,1118,29,2,1259.43,2518.86
3272,1118,24,3,753.86,2261.58
3273,1118,28,2,1074.23,2148.46
3274,1118,20,2,61.02,122.04
3275,1118,5,1,1193.52,1193.52
3276,1119,30,1,479.8,479.8
3277,1119,28,1,1074.23,1074.23
3278,1119,1,3,3166.85,9500.56
3279,1120,29,2,1259.43,2518.86
3280,1121,34,3,408.43,1225.29
3281,1121,3,2,3893.18,7786.36
3282,1121,35,1,907.85,907.85
3283,1121,1,3,3072.39,9217.18
3284,1122,3,1,3893.18,3893.18
3285,1122,27,1,514.43,514.43
3286,1122,29,1,1259.43,1259.43
3287,1122,7,2,3807.28,7614.56
3288,1122,16,3,42.47,127.41
3289,1123,8,1,1489.38,1489.38
3290,1123,13,2,945.88,1891.76
3291,1124,17,1,119.37,119.37
3292,1124,32,2,844.21,1688.42
3293,1124,2,1,1955.12,1955.12
3294,1124,14,1,884.72,884.72
3295,1125,26,2,480.49,960.98
3296,1125,28,3,1074.23,3222.69
3297,1125,10,1,4184.44,4184.44
3298,1125,6,2,3123.72,6247.45
3299,1126,20,2,61.02,122.04
3300,1127,29,3,1259.43,3778.29
3301,1128,2,3,1955.12,5865.36
3302,1129,5,3,1193.52,3580.56
3303,1129,18,1,175.11,175.11
3304,1129,1,1,2885.68,2885.68
3305,1129,21,3,1459.49,4378.46
3306,1129,16,3,42.47,127.41
3307,1130,34,1,507.59,507.59
3308,1130,32,2,1034.84,2069.68
3309,1130,15,2,373.87,747.74
3310,1130,5,3,1193.52,3580.56
3311,1131,10,1,4184.44,4184.44
3312,1132,18,2,140.54,281.09
3313,1132,16,3,42.47,127.41
3314,1132,15,3,373.87,1121.61
3315,1132,12,3,1597.94,4793.82
3316,1132,21,3,1754.04,5262.12
3317,1133,11,1,772.38,772.38
3318,1133,28,1,1074.23,1074.23
3319,1133,9,3,4199.61,12598.83
3320,1134,2,1,1955.12,1955.12
3321,1134,17,3,119.37,358.11
3322,1135,33,2,1384.64,2769.28
3323,1135,29,3,1259.43,3778.29
3324,1135,10,3,4184.44,12553.32
3325,1135,8,2,1725.85,3451.7
3326,1135,6,3,2615.95,7847.86
3327,1136,35,1,907.85,907.85
3328,1136,9,2,4199.61,8399.22
3329,1136,11,3,772.38,2317.14
3330,1137,29,1,1189.99,1189.99
3331,1137,1,3,2980.66,8941.99
3332,1137,35,2,907.85,1815.7
3333,1138,6,3,3328.48,9985.44
3334,1138,20,3,61.02,183.06
3335,1138,26,2,480.49,960.98
3336,1138,11,3,772.38,2317.14
3337,1139,31,3,1422.93,4268.79
3338,1139,4,3,2522.56,7567.67
3339,1139,18,1,175.11,175.11
3340,1139,3,2,3365.93,6731.85
3341,1140,15,2,285.56,571.12
3342,1140,22,3,772.56,2317.68
3343,1140,25,3,1379.46,4138.38
3344,1141,27,3,514.43,1543.29
3345,1142,17,1,119.37,119.37
3346,1142,28,3,1074.23,3222.69
3347,1143,22,2,772.56,1545.12
3348,1143,7,1,3807.28,3807.28
3349,1143,25,2,1379.46,2758.92
3350,1143,10,3,3554.65,10663.96
3351,1143,11,3,772.38,2317.14
3352,1144,35,2,815.52,1631.03
3353,1144,33,2,1041.94,2083.87
3354,1144,15,3,373.87,1121.61
3355,1144,3,3,3681.35,11044.04
3356,1145,14,1,884.72,884.72
3357,1146,11,1,772.38,772.38
3358,1146,14,2,884.72,1769.44
3359,1146,27,2,463.13,926.26
3360,1146,7,2,3807.28,7614.56
3361,1146,15,3,330.32,990.95
3362,1147,18,1,175.11,175.11
3363,1147,20,3,54.09,162.27
3364,1147,32,1,1034.84,1034.84
3365,1148,27,1,514.43,514.43
3366,1148,26,3,480.49,1441.47
3367,1148,5,3,1193.52,3580.56
3368,1148,31,3,1422.93,4268.79
3369,1148,34,3,441.53,1324.6
3370,1149,29,2,1259.43,2518.86
3371,1150,12,2,1597.94,3195.88
3372,1150,26,3,480.49,1441.47
3373,1150,25,3,1379.46,4138.38
3374,1151,29,2,1259.43,2518.86
3375,1151,20,2,61.02,122.04
3376,1151,33,3,1281.04,3843.11
3377,1151,25,1,1379.46,1379.46
3378,1151,6,3,2599.66,7798.99
3379,1152,25,2,1179.58,2359.16
3380,1152,3,2,3893.18,7786.36
3381,1153,26,2,480.49,960.98
3382,1153,14,3,749.42,2248.25
3383,1153,27,2,514.43,1028.86
3384,1153,21,3,1496.02,4488.05
3385,1153,16,1,34.77,34.77
3386,1154,17,2,119.37,238.74
3387,1154,12,2,1597.94,3195.88
3388,1154,4,3,3280.07,9840.21
3389,1154,19,3,146.82,440.46
3390,1154,25,2,1379.46,2758.92
3391,1155,20,2,61.02,122.04
3392,1156,35,2,907.85,1815.7
3393,1156,2,1,1659.34,1659.34
3394,1156,29,3,1163.5,3490.49
3395,1157,25,2,1379.46,2758.92
3396,1157,9,1,3458.27,3458.27
3397,1157,12,3,1597.94,4793.82
3398,1157,27,1,514.43,514.43
3399,1158,8,1,1725.85,1725.85
3400,1158,12,2,1597.94,3195.88
3401,1159,20,3,57.63,172.89
3402,1159,26,1,388.32,388.32
3403,1159,9,1,3224.7,3224.7
3404,1159,21,3,1754.04,5262.12
3405,1160,35,1,755.55,755.55
3406,1161,9,2,4199.61,8399.22
3407,1161,13,1,945.88,945.88
3408,1161,6,2,3328.48,6656.96
3409,1161,12,3,1597.94,4793.82
3410,1161,23,2,929.31,1858.62
3411,1162,11,1,772.38,772.38
3412,1163,22,3,772.56,2317.68
3413,1163,15,2,373.87,747.74
3414,1163,28,3,901.47,2704.41
3415,1163,23,3,700.07,2100.2
3416,1164,15,3,373.87,1121.61
3417,1165,4,2,3280.07,6560.14
3418,1165,3,2,3893.18,7786.36
3419,1165,28,2,1074.23,2148.46
3420,1166,8,1,1725.85,1725.85
3421,1167,32,1,1034.84,1034.84
3422,1167,6,3,3328.48,9985.44
3423,1167,29,3,1153.71,3461.12
3424,1167,26,1,480.49,480.49
3425,1167,14,3,884.72,2654.16
3426,1168,23,1,929.31,929.31
3427,1168,1,2,3485.59,6971.18
3428,1168,35,1,907.85,907.85
3429,1168,4,3,3280.07,9840.21
3430,1169,21,3,1754.04,5262.12
3431,1169,35,2,907.85,1815.7
3432,1170,1,3,2703.01,8109.04
3433,1170,3,2,3893.18,7786.36
3434,1170,7,2,3807.28,7614.56
3435,1171,18,2,175.11,350.22
3436,1171,17,2,119.37,238.74
3437,1172,35,3,753.01,2259.04
3438,1172,24,1,753.86,753.86
3439,1173,16,3,42.47,127.41
3440,1173,8,3,1725.85,5177.55
3441,1173,10,2,4184.44,8368.88
3442,1174,28,2,1074.23,2148.46
3443,1174,34,2,507.59,1015.18
3444,1174,33,3,1182.66,3547.99
3445,1174,10,2,4184.44,8368.88
3446,1174,4,3,2868.85,8606.56
3447,1175,35,1,907.85,907.85
3448,1175,25,3,1379.46,4138.38
3449,1175,17,3,119.37,358.11
3450,1175,12,3,1597.94,4793.82
3451,1175,18,3,175.11,525.33
3452,1176,32,1,1034.84,1034.84
3453,1176,2,3,1955.12,5865.36
3454,1176,26,3,480.49,1441.47
3455,1176,11,1,715.05,715.05
3456,1176,14,1,799.78,799.78
3457,1177,25,1,1379.46,1379.46
3458,1177,30,3,511.45,1534.35
3459,1177,28,3,1074.23,3222.69
3460,1177,8,3,1725.85,5177.55
3461,1177,3,2,3272.03,6544.06
3462,1178,6,3,3328.48,9985.44
3463,1178,19,2,146.82,293.64
3464,1178,4,3,3280.07,9840.21
3465,1178,16,3,42.47,127.41
3466,1179,9,3,4199.61,12598.83
3467,1179,13,3,945.88,2837.64
3468,1179,21,1,1409.08,1409.08
3469,1179,20,1,61.02,61.02
3470,1179,27,2,514.43,1028.86
3471,1180,22,1,772.56,772.56
3472,1180,25,3,1191.07,3573.2
3473,1180,29,3,1259.43,3778.29
3474,1181,24,2,648.77,1297.54
3475,1181,20,2,50.47,100.95
3476,1181,6,3,3328.48,9985.44
3477,1181,15,3,373.87,1121.61
3478,1182,28,3,1074.23,3222.69
3479,1182,27,3,433.74,1301.21
3480,1183,30,2,511.45,1022.9
3481,1183,1,3,3485.59,10456.77
3482,1183,34,3,428.49,1285.48
3483,1183,15,3,373.87,1121.61
3484,1183,35,2,907.85,1815.7
3485,1184,28,3,1074.23,3222.69
3486,1184,12,2,1327.98,2655.97
3487,1184,24,1,703.05,703.05
3488,1184,30,2,511.45,1022.9
3489,1184,5,2,1193.52,2387.04
3490,1185,6,1,3328.48,3328.48
3491,1185,1,2,3485.59,6971.18
3492,1185,24,3,753.86,2261.58
3493,1186,19,2,146.82,293.64
3494,1186,6,1,3328.48,3328.48
3495,1186,9,1,4199.61,4199.61
3496,1186,32,3,1034.84,3104.52
3497,1187,26,1,365.84,365.84
3498,1187,9,2,4199.61,8399.22
3499,1187,28,1,1074.23,1074.23
3500,1187,18,3,175.11,525.33
3501,1187,12,2,1597.94,3195.88
3502,1188,23,3,929.31,2787.93
3503,1189,9,1,4199.61,4199.61
3504,1189,1,1,3485.59,3485.59
3505,1189,10,1,3641.05,3641.05
3506,1189,24,3,753.86,2261.58
3507,1189,32,2,1034.84,2069.68
3508,1190,18,1,175.11,175.11
3509,1190,31,3,1422.93,4268.79
3510,1191,32,3,1034.84,3104.52
3511,1192,29,1,1259.43,1259.43
3512,1192,16,1,42.47,42.47
3513,1192,6,3,3328.48,9985.44
3514,1193,4,2,3280.07,6560.14
3515,1194,24,3,688.13,2064.4
3516,1194,1,1,3485.59,3485.59
3517,1194,12,1,1597.94,1597.94
3518,1194,30,1,511.45,511.45
3519,1194,7,2,3183.26,6366.52
3520,1195,28,3,1074.23,3222.69
3521,1196,6,3,3328.48,9985.44
3522,1196,33,3,1384.64,4153.92
3523,1196,20,3,51.04,153.13
3524,1197,14,2,884.72,1769.44
3525,1197,27,1,514.43,514.43
3526,1197,23,3,766.79,2300.37
3527,1197,9,3,4199.61,12598.83
3528,1197,17,1,119.37,119.37
3529,1198,14,3,884.72,2654.16
3530,1199,23,1,929.31,929.31
3531,1199,26,1,480.49,480.49
3532,1200,29,1,1259.43,1259.43
3533,1200,17,1,119.37,119.37
3534,1200,34,1,507.59,507.59
3535,1201,29,2,1259.43,2518.86
3536,1201,13,3,841.14,2523.43
3537,1201,15,1,373.87,373.87
3538,1201,17,1,119.37,119.37
3539,1202,35,2,907.85,1815.7
3540,1202,4,2,3280.07,6560.14
3541,1203,24,1,753.86,753.86
3542,1203,29,2,1054.25,2108.5
3543,1203,22,3,772.56,2317.68
3544,1203,23,3,708.71,2126.12
3545,1204,20,1,61.02,61.02
3546,1204,2,1,1955.12,1955.12
3547,1204,7,3,3807.28,11421.84
3548,1204,15,1,373.87,373.87
3549,1205,29,3,1259.43,3778.29
3550,1205,25,1,1379.46,1379.46
3551,1205,4,2,3280.07,6560.14
3552,1206,6,1,3328.48,3328.48
3553,1206,12,1,1597.94,1597.94
3554,1206,1,2,3485.59,6971.18
3555,1207,1,1,3485.59,3485.59
3556,1208,22,1,772.56,772.56
3557,1209,17,1,119.37,119.37
3558,1209,29,2,1084.89,2169.78
3559,1209,22,1,772.56,772.56
3560,1209,3,2,3893.18,7786.36
3561,1209,19,1,146.82,146.82
3562,1210,5,1,1193.52,1193.52
3563,1210,4,2,3280.07,6560.14
3564,1211,14,3,884.72,2654.16
3565,1212,3,2,3222.33,6444.65
3566,1212,14,2,744.45,1488.89
3567,1213,12,2,1597.94,3195.88
3568,1213,35,1,907.85,907.85
3569,1213,23,3,929.31,2787.93
3570,1214,3,1,3893.18,3893.18
3571,1215,28,2,1074.23,2148.46
3572,1215,4,2,3280.07,6560.14
3573,1215,5,3,1193.52,3580.56
3574,1215,35,2,907.85,1815.7
3575,1216,13,2,945.88,1891.76
3576,1216,19,2,146.82,293.64
3577,1217,25,1,1379.46,1379.46
3578,1217,11,3,772.38,2317.14
3579,1217,22,1,701.1,701.1
3580,1217,21,2,1754.04,3508.08
3581,1218,30,3,511.45,1534.35
3582,1219,10,1,3316.21,3316.21
3583,1219,15,3,288.25,864.75
3584,1219,20,2,61.02,122.04
3585,1219,22,1,772.56,772.56
3586,1219,7,1,3807.28,3807.28
3587,1220,1,1,3037.63,3037.63
3588,1220,10,1,4184.44,4184.44
3589,1221,30,2,511.45,1022.9
3590,1221,22,3,772.56,2317.68
3591,1221,35,1,728.65,728.65
3592,1222,3,3,3893.18,11679.54
3593,1222,15,1,373.87,373.87
3594,1222,16,3,37.2,111.61
3595,1222,27,3,462.39,1387.16
3596,1223,1,1,3071.33,3071.33
3597,1223,29,1,1259.43,1259.43
3598,1224,11,3,772.38,2317.14
3599,1224,7,3,3807.28,11421.84
3600,1224,5,2,1193.52,2387.04
3601,1224,23,3,929.31,2787.93
3602,1225,33,2,1384.64,2769.28
3603,1226,21,3,1754.04,5262.12
3604,1227,25,3,1379.46,4138.38
3605,1228,16,3,42.47,127.41
3606,1228,31,1,1073.15,1073.15
3607,1228,35,3,907.85,2723.55
3608,1229,18,3,141.06,423.17
3609,1229,22,2,725.59,1451.18
3610,1229,20,3,61.02,183.06
3611,1229,4,2,3280.07,6560.14
3612,1229,7,3,3807.28,11421.84
3613,1230,4,1,3280.07,3280.07
3614,1230,17,2,119.37,238.74
3615,1231,8,3,1595.88,4787.65
3616,1231,5,3,1193.52,3580.56
3617,1231,27,1,467.32,467.32
3618,1231,24,1,753.86,753.86
3619,1231,13,3,945.88,2837.64
3620,1232,32,1,1034.84,1034.84
3621,1232,23,1,738.46,738.46
3622,1232,9,1,4199.61,4199.61
3623,1232,7,2,3807.28,7614.56
3624,1233,1,2,3485.59,6971.18
3625,1233,4,3,3280.07,9840.21
3626,1234,26,1,449.64,449.64
3627,1234,7,1,3807.28,3807.28
3628,1234,35,3,738.51,2215.53
3629,1235,3,1,3893.18,3893.18
3630,1235,11,1,772.38,772.38
3631,1235,34,3,507.59,1522.77
3632,1235,14,2,771.99,1543.98
3633,1236,8,2,1620.27,3240.54
3634,1236,27,2,514.43,1028.86
3635,1237,30,3,511.45,1534.35
3636,1237,3,1,3299.75,3299.75
3637,1237,25,2,1379.46,2758.92
3638,1237,15,1,373.87,373.87
3639,1238,29,2,1259.43,2518.86
3640,1239,15,2,306.78,613.56
3641,1239,27,2,469.18,938.37
3642,1240,8,2,1725.85,3451.7
3643,1240,6,2,3328.48,6656.96
3644,1240,19,3,146.82,440.46
3645,1240,10,3,4184.44,12553.32
3646,1241,33,3,1384.64,4153.92
3647,1242,7,3,3807.28,11421.84
3648,1242,27,3,426.9,1280.69
3649,1242,10,3,4184.44,12553.32
3650,1242,16,1,42.47,42.47
3651,1243,30,3,431.5,1294.49
3652,1243,12,1,1597.94,1597.94
3653,1243,24,1,753.86,753.86
3654,1244,34,1,507.59,507.59
3655,1244,32,3,1034.84,3104.52
3656,1244,26,2,480.49,960.98
3657,1245,26,2,480.49,960.98
3658,1245,18,2,175.11,350.22
3659,1245,22,2,772.56,1545.12
3660,1245,13,2,945.88,1891.76
3661,1246,28,1,1074.23,1074.23
3662,1247,24,3,753.86,2261.58
3663,1247,2,3,1955.12,5865.36
3664,1247,35,3,907.85,2723.55
3665,1248,26,2,480.49,960.98
3666,1248,10,2,4184.44,8368.88
3667,1249,8,1,1725.85,1725.85
3668,1249,16,2,37.22,74.44
3669,1250,8,3,1725.85,5177.55
3670,1250,19,1,146.82,146.82
3671,1250,4,1,3280.07,3280.07
3672,1250,17,1,119.37,119.37
3673,1251,29,3,1259.43,3778.29
3674,1252,2,3,1955.12,5865.36
3675,1253,23,2,929.31,1858.62
3676,1253,11,2,589.71,1179.41
3677,1253,10,2,4184.44,8368.88
3678,1253,8,1,1725.85,1725.85
3679,1253,6,3,3328.48,9985.44
3680,1254,30,1,511.45,511.45
3681,1254,17,3,119.37,358.11
3682,1254,18,3,175.11,525.33
3683,1254,32,3,873.6,2620.81
3684,1254,4,2,3280.07,6560.14
3685,1255,30,2,511.45,1022.9
3686,1255,29,2,1078.57,2157.14
3687,1255,9,1,4199.61,4199.61
3688,1255,28,1,1074.23,1074.23
3689,1256,35,2,907.85,1815.7
3690,1256,5,3,1193.52,3580.56
3691,1256,2,1,1797.93,1797.93
3692,1256,24,3,696.86,2090.59
3693,1257,8,1,1725.85,1725.85
3694,1257,28,1,1074.23,1074.23
3695,1258,26,3,480.49,1441.47
3696,1258,34,2,507.59,1015.18
3697,1259,25,2,1379.46,2758.92
3698,1259,23,3,929.31,2787.93
3699,1260,32,2,905.79,1811.58
3700,1260,16,3,42.47,127.41
3701,1261,11,3,772.38,2317.14
3702,1261,10,2,4184.44,8368.88
3703,1262,12,3,1597.94,4793.82
3704,1262,1,1,3485.59,3485.59
3705,1262,19,1,127.05,127.05
3706,1262,24,1,753.86,753.86
3707,1262,31,1,1422.93,1422.93
3708,1263,3,3,3893.18,11679.54
3709,1263,33,1,1384.64,1384.64
3710,1263,12,1,1597.94,1597.94
3711,1263,25,1,1379.46,1379.46
3712,1264,26,2,480.49,960.98
3713,1264,7,3,3807.28,11421.84
3714,1265,28,2,1074.23,2148.46
3715,1265,17,2,119.37,238.74
3716,1265,35,1,684.58,684.58
3717,1265,26,1,480.49,480.49
3718,1266,2,2,1955.12,3910.24
3719,1266,7,3,3807.28,11421.84
3720,1266,19,3,115.53,346.58
3721,1266,17,3,119.37,358.11
3722,1266,10,1,3173.18,3173.18
3723,1267,22,1,772.56,772.56
3724,1267,14,3,884.72,2654.16
3725,1267,24,2,753.86,1507.72
3726,1267,4,1,2691.13,2691.13
3727,1267,25,3,1201.01,3603.02
3728,1268,1,3,3485.59,10456.77
3729,1268,32,3,1034.84,3104.52
3730,1269,10,1,4184.44,4184.44
3731,1269,1,1,3485.59,3485.59
3732,1269,5,1,1193.52,1193.52
3733,1270,24,3,753.86,2261.58
3734,1270,25,2,1222.64,2445.27
3735,1270,5,3,1092.24,3276.73
3736,1270,21,3,1754.04,5262.12
3737,1271,5,2,911.05,1822.1
3738,1271,22,1,772.56,772.56
3739,1271,28,2,1074.23,2148.46
3740,1272,23,1,929.31,929.31
3741,1272,12,1,1597.94,1597.94
3742,1272,4,2,3280.07,6560.14
3743,1272,31,3,1174.56,3523.67
3744,1273,10,2,3806.35,7612.69
3745,1274,26,2,480.49,960.98
3746,1274,30,1,511.45,511.45
3747,1274,35,2,907.85,1815.7
3748,1274,3,3,3893.18,11679.54
3749,1274,34,1,416.02,416.02
3750,1275,34,3,507.59,1522.77
3751,1275,35,2,907.85,1815.7
3752,1275,31,3,1422.93,4268.79
3753,1276,6,1,3328.48,3328.48
3754,1276,25,3,1379.46,4138.38
3755,1276,22,3,772.56,2317.68
3756,1276,20,1,61.02,61.02
3757,1276,13,1,875.69,875.69
3758,1277,32,2,1034.84,2069.68
3759,1277,25,2,1379.46,2758.92
3760,1277,18,2,175.11,350.22
3761,1278,30,3,511.45,1534.35
3762,1278,26,2,480.49,960.98
3763,1278,20,3,61.02,183.06
3764,1278,35,2,907.85,1815.7
3765,1279,25,2,1379.46,2758.92
3766,1279,23,1,929.31,929.31
3767,1280,23,3,929.31,2787.93
3768,1280,21,1,1407.05,1407.05
3769,1281,29,1,1259.43,1259.43
3770,1281,6,2,3328.48,6656.96
3771,1281,8,1,1511.51,1511.51
3772,1281,23,2,929.31,1858.62
3773,1282,34,2,507.59,1015.18
3774,1282,11,1,772.38,772.38
3775,1283,19,2,146.82,293.64
3776,1283,34,2,507.59,1015.18
3777,1283,22,2,772.56,1545.12
3778,1283,26,2,480.49,960.98
3779,1283,23,2,929.31,1858.62
3780,1284,8,3,1725.85,5177.55
3781,1284,26,3,480.49,1441.47
3782,1284,16,2,42.47,84.94
3783,1285,27,3,514.43,1543.29
3784,1285,17,3,119.37,358.11
3785,1285,2,1,1838.69,1838.69
3786,1286,14,1,884.72,884.72
3787,1286,35,1,907.85,907.85
3788,1286,34,3,507.59,1522.77
3789,1286,18,1,175.11,175.11
3790,1287,21,1,1754.04,1754.04
3791,1287,20,3,61.02,183.06
3792,1287,34,2,507.59,1015.18
3793,1287,23,3,738.29,2214.87
3794,1288,18,2,175.11,350.22
3795,1288,28,1,1074.23,1074.23
3796,1288,20,1,61.02,61.02
3797,1289,7,1,3807.28,3807.28
3798,1289,9,2,4199.61,8399.22
3799,1289,8,2,1725.85,3451.7
3800,1290,22,3,772.56,2317.68
3801,1290,31,1,1422.93,1422.93
3802,1290,1,2,3485.59,6971.18
3803,1290,28,1,1074.23,1074.23
3804,1290,6,2,3328.48,6656.96
3805,1291,24,1,753.86,753.86
3806,1291,4,1,3280.07,3280.07
3807,1291,14,3,688.67,2066.01
3808,1291,19,1,146.82,146.82
3809,1291,12,2,1388.11,2776.21
3810,1292,29,3,1259.43,3778.29
3811,1292,27,3,514.43,1543.29
3812,1293,10,3,4184.44,12553.32
3813,1293,18,1,175.11,175.11
3814,1293,25,3,1127.66,3382.99
3815,1294,30,2,482.04,964.08
3816,1295,35,1,714.47,714.47
3817,1295,24,3,753.86,2261.58
3818,1296,22,3,772.56,2317.68
3819,1296,11,3,772.38,2317.14
3820,1296,13,1,873.15,873.15
3821,1296,9,2,4199.61,8399.22
3822,1297,15,1,373.87,373.87
3823,1298,8,3,1725.85,5177.55
3824,1299,29,2,1075.96,2151.92
3825,1300,16,2,42.47,84.94
3826,1300,4,1,2498.39,2498.39
3827,1300,12,1,1597.94,1597.94
3828,1301,16,1,42.47,42.47
3829,1301,2,1,1646.14,1646.14
3830,1302,2,2,1711.39,3422.79
3831,1302,6,2,3328.48,6656.96
3832,1302,30,3,511.45,1534.35
3833,1302,11,2,772.38,1544.76
3834,1302,9,3,4199.61,12598.83
3835,1303,32,1,1034.84,1034.84
3836,1303,21,3,1754.04,5262.12
3837,1303,17,1,119.37,119.37
3838,1303,27,1,514.43,514.43
3839,1304,10,1,3710.21,3710.21
3840,1304,31,1,1422.93,1422.93
3841,1304,22,3,772.56,2317.68
3842,1304,33,2,1384.64,2769.28
3843,1305,10,3,4184.44,12553.32
3844,1305,16,1,42.47,42.47
3845,1305,32,1,965.31,965.31
3846,1305,13,1,811.96,811.96
3847,1305,29,3,1020.92,3062.77
3848,1306,4,3,2703.25,8109.75
3849,1306,5,1,1193.52,1193.52
3850,1306,30,2,386.49,772.98
3851,1306,32,3,1034.84,3104.52
3852,1306,19,2,130.13,260.26
3853,1307,12,2,1597.94,3195.88
3854,1307,10,3,4184.44,12553.32
3855,1308,24,2,699.13,1398.26
3856,1309,25,3,1379.46,4138.38
3857,1309,13,1,945.88,945.88
3858,1309,1,2,3485.59,6971.18
3859,1310,32,2,948.7,1897.4
3860,1310,33,2,1384.64,2769.28
3861,1310,22,2,772.56,1545.12
3862,1310,1,3,3485.59,10456.77
3863,1310,18,3,175.11,525.33
3864,1311,32,2,1034.84,2069.68
3865,1311,17,1,92.45,92.45
3866,1311,12,3,1597.94,4793.82
3867,1311,26,1,480.49,480.49
3868,1312,11,3,669.13,2007.4
3869,1312,23,2,929.31,1858.62
3870,1313,2,3,1955.12,5865.36
3871,1313,24,1,673.07,673.07
3872,1314,14,2,884.72,1769.44
3873,1314,3,3,3893.18,11679.54
3874,1314,10,1,4184.44,4184.44
3875,1314,21,2,1754.04,3508.08
3876,1315,19,1,146.82,146.82
3877,1315,12,1,1597.94,1597.94
3878,1316,22,3,772.56,2317.68
3879,1316,7,1,3179.92,3179.92
3880,1316,13,1,945.88,945.88
3881,1316,14,1,726.82,726.82
3882,1316,15,1,373.87,373.87
3883,1317,19,3,146.82,440.46
3884,1317,33,1,1384.64,1384.64
3885,1317,8,3,1725.85,5177.55
3886,1318,7,3,3368.14,10104.41
3887,1319,9,2,3210.12,6420.25
3888,1319,1,2,3485.59,6971.18
3889,1319,3,3,3893.18,11679.54
3890,1320,26,3,480.49,1441.47
3891,1320,19,1,146.82,146.82
3892,1320,20,3,50.52,151.55
3893,1320,8,3,1725.85,5177.55
3894,1321,12,2,1597.94,3195.88
3895,1321,2,1,1955.12,1955.12
3896,1322,19,3,146.82,440.46
3897,1323,29,1,1259.43,1259.43
3898,1323,10,3,4184.44,12553.32
3899,1323,27,1,514.43,514.43
3900,1323,18,1,135.7,135.7
3901,1323,34,2,507.59,1015.18
3902,1324,1,2,3485.59,6971.18
3903,1325,35,1,907.85,907.85
3904,1325,26,1,480.49,480.49
3905,1326,16,2,42.47,84.94
3906,1326,34,1,507.59,507.59
3907,1326,1,3,2768.71,8306.12
3908,1327,35,2,907.85,1815.7
3909,1327,28,1,901.1,901.1
3910,1327,11,1,772.38,772.38
3911,1327,30,3,511.45,1534.35
3912,1328,27,3,423.78,1271.33
3913,1328,6,3,3328.48,9985.44
3914,1328,33,2,1189.44,2378.88
3915,1328,22,1,772.56,772.56
3916,1329,13,1,945.88,945.88
3917,1330,10,3,4184.44,12553.32
3918,1330,7,3,3807.28,11421.84
3919,1331,5,3,1193.52,3580.56
3920,1331,34,3,507.59,1522.77
3921,1331,31,1,1422.93,1422.93
3922,1331,21,2,1754.04,3508.08
3923,1332,11,3,632.7,1898.11
3924,1332,1,2,3485.59,6971.18
3925,1332,35,1,907.85,907.85
3926,1333,30,3,511.45,1534.35
3927,1334,16,1,42.47,42.47
3928,1334,35,1,907.85,907.85
3929,1334,20,3,53.2,159.6
3930,1334,23,2,929.31,1858.62
3931,1334,32,2,1034.84,2069.68
3932,1335,7,2,3807.28,7614.56
3933,1335,9,3,4199.61,12598.83
3934,1335,21,3,1754.04,5262.12
3935,1336,18,1,175.11,175.11
3936,1336,28,3,962.91,2888.74
3937,1336,1,2,2880.95,5761.9
3938,1336,29,2,1259.43,2518.86
3939,1336,20,2,52.63,105.25
3940,1337,1,3,3485.59,10456.77
3941,1337,30,3,511.45,1534.35
3942,1337,20,2,61.02,122.04
3943,1337,32,1,1034.84,1034.84
3944,1337,17,1,119.37,119.37
3945,1338,16,3,42.47,127.41
3946,1338,19,2,146.82,293.64
3947,1338,30,3,511.45,1534.35
3948,1338,34,1,507.59,507.59
3949,1339,1,2,3485.59,6971.18
3950,1339,11,2,772.38,1544.76
3951,1339,33,1,1384.64,1384.64
3952,1340,3,1,3893.18,3893.18
3953,1340,26,1,480.49,480.49
3954,1340,19,2,146.82,293.64
3955,1340,4,1,3280.07,3280.07
3956,1341,22,2,772.56,1545.12
3957,1342,17,1,91.31,91.31
3958,1342,7,2,3807.28,7614.56
3959,1342,23,1,843.28,843.28
3960,1342,27,3,514.43,1543.29
3961,1343,23,1,929.31,929.31
3962,1343,14,3,762.93,2288.8
3963,1343,2,3,1955.12,5865.36
3964,1343,25,2,1379.46,2758.92
3965,1343,19,3,117.13,351.38
3966,1344,31,1,1422.93,1422.93
3967,1344,11,1,772.38,772.38
3968,1344,27,3,464.95,1394.85
3969,1344,3,2,3893.18,7786.36
3970,1344,2,2,1624.59,3249.17
3971,1345,28,1,1074.23,1074.23
3972,1345,26,1,480.49,480.49
3973,1345,24,1,578.94,578.94
3974,1346,21,1,1366.36,1366.36
3975,1346,28,1,1074.23,1074.23
3976,1347,29,2,1259.43,2518.86
3977,1347,2,2,1955.12,3910.24
3978,1347,17,2,119.37,238.74
3979,1348,28,3,1074.23,3222.69
3980,1348,21,1,1754.04,1754.04
3981,1348,11,1,772.38,772.38
3982,1348,7,2,3807.28,7614.56
3983,1348,15,2,373.87,747.74
3984,1349,26,3,447.68,1343.05
3985,1349,9,1,4199.61,4199.61
3986,1350,30,1,511.45,511.45
3987,1350,32,2,1034.84,2069.68
3988,1351,21,1,1754.04,1754.04
3989,1351,11,2,715.89,1431.79
3990,1351,12,3,1597.94,4793.82
3991,1351,20,2,61.02,122.04
3992,1351,23,2,820.4,1640.79
3993,1352,6,2,3328.48,6656.96
3994,1352,17,2,119.37,238.74
3995,1352,29,2,1259.43,2518.86
3996,1352,30,2,511.45,1022.9
3997,1352,20,3,61.02,183.06
3998,1353,8,1,1725.85,1725.85
3999,1353,23,3,929.31,2787.93
4000,1353,20,2,61.02,122.04
4001,1353,30,3,511.45,1534.35
4002,1354,27,1,514.43,514.43
4003,1354,6,1,3328.48,3328.48
4004,1355,33,2,1384.64,2769.28
4005,1356,5,2,1065.76,2131.51
4006,1356,23,3,929.31,2787.93
4007,1356,12,2,1597.94,3195.88
4008,1356,31,2,1225.09,2450.19
4009,1356,35,2,907.85,1815.7
4010,1357,31,1,1191.13,1191.13
4011,1357,33,1,1384.64,1384.64
4012,1358,25,3,1379.46,4138.38
4013,1358,32,3,1034.84,3104.52
4014,1358,6,1,3328.48,3328.48
4015,1359,14,1,884.72,884.72
4016,1359,26,3,480.49,1441.47
4017,1360,4,1,2725.36,2725.36
4018,1360,2,2,1955.12,3910.24
4019,1360,3,3,2993.14,8979.42
4020,1361,35,3,907.85,2723.55
4021,1362,19,2,146.82,293.64
4022,1362,25,3,1379.46,4138.38
4023,1363,11,3,772.38,2317.14
4024,1363,24,2,753.86,1507.72
4025,1363,32,1,1034.84,1034.84
4026,1363,22,3,642.41,1927.23
4027,1364,30,3,511.45,1534.35
4028,1364,35,3,907.85,2723.55
4029,1364,5,2,1193.52,2387.04
4030,1364,9,2,3714.0,7427.99
4031,1364,20,3,61.02,183.06
4032,1365,18,1,175.11,175.11
4033,1366,6,1,3328.48,3328.48
4034,1367,22,3,772.56,2317.68
4035,1367,28,2,1074.23,2148.46
4036,1367,35,1,907.85,907.85
4037,1367,8,2,1725.85,3451.7
4038,1367,6,1,3328.48,3328.48
4039,1368,30,1,511.45,511.45
4040,1368,4,2,3280.07,6560.14
4041,1368,24,3,753.86,2261.58
4042,1368,21,2,1375.5,2751.0
4043,1369,1,3,3485.59,10456.77
4044,1369,21,3,1754.04,5262.12
4045,1369,13,1,945.88,945.88
4046,1369,9,3,3780.81,11342.42
4047,1370,20,1,61.02,61.02
4048,1370,9,2,3940.01,7880.03
4049,1370,21,3,1754.04,5262.12
4050,1370,23,3,929.31,2787.93
4051,1371,4,1,3280.07,3280.07
4052,1371,9,1,4199.61,4199.61
4053,1371,20,2,61.02,122.04
4054,1372,9,3,4199.61,12598.83
4055,1372,29,3,1259.43,3778.29
4056,1372,6,3,3328.48,9985.44
4057,1372,14,2,884.72,1769.44
4058,1373,21,2,1754.04,3508.08
4059,1373,28,1,1074.23,1074.23
4060,1373,6,2,3328.48,6656.96
4061,1373,24,1,753.86,753.86
4062,1373,19,3,129.3,387.89
4063,1374,16,3,36.03,108.09
4064,1374,26,1,480.49,480.49
4065,1374,3,1,3893.18,3893.18
4066,1375,25,1,1379.46,1379.46
4067,1375,27,3,405.66,1216.97
4068,1375,1,2,2819.98,5639.97
4069,1375,22,2,595.91,1191.81
4070,1376,14,3,884.72,2654.16
4071,1376,22,2,772.56,1545.12
4072,1376,35,1,907.85,907.85
4073,1377,35,1,907.85,907.85
4074,1377,1,2,3485.59,6971.18
4075,1377,9,2,3269.64,6539.27
4076,1377,32,1,1034.84,1034.84
4077,1377,14,2,884.72,1769.44
4078,1378,15,3,373.87,1121.61
4079,1378,21,2,1754.04,3508.08
4080,1378,14,2,884.72,1769.44
4081,1378,2,3,1955.12,5865.36
4082,1378,27,3,514.43,1543.29
4083,1379,33,2,1384.64,2769.28
4084,1379,35,3,907.85,2723.55
4085,1380,8,3,1725.85,5177.55
4086,1380,16,2,36.18,72.35
4087,1380,22,2,772.56,1545.12
4088,1381,8,3,1725.85,5177.55
4089,1381,7,1,3807.28,3807.28
4090,1381,25,1,1379.46,1379.46
4091,1381,18,3,175.11,525.33
4092,1382,29,3,1259.43,3778.29
4093,1382,23,2,929.31,1858.62
4094,1382,33,2,1384.64,2769.28
4095,1382,15,2,301.53,603.06
4096,1383,23,1,929.31,929.31
4097,1384,35,2,814.43,1628.86
4098,1384,9,1,4199.61,4199.61
4099,1385,15,3,306.4,919.19
4100,1385,6,2,3328.48,6656.96
4101,1386,2,1,1955.12,1955.12
4102,1387,11,2,772.38,1544.76
4103,1387,18,1,175.11,175.11
4104,1388,20,3,61.02,183.06
4105,1388,7,1,3807.28,3807.28
4106,1388,10,3,4184.44,12553.32
4107,1388,18,1,175.11,175.11
4108,1389,24,2,753.86,1507.72
4109,1389,6,1,3152.74,3152.74
4110,1390,35,3,827.52,2482.56
4111,1391,14,1,884.72,884.72
4112,1391,4,2,3280.07,6560.14
4113,1391,31,1,1087.13,1087.13
4114,1391,1,1,3077.62,3077.62
4115,1392,9,2,4199.61,8399.22
4116,1392,5,3,1052.93,3158.8
4117,1392,24,2,753.86,1507.72
4118,1392,13,1,804.96,804.96
4119,1393,1,1,3485.59,3485.59
4120,1393,2,1,1955.12,1955.12
4121,1393,30,1,474.71,474.71
4122,1393,14,3,884.72,2654.16
4123,1393,6,3,2823.01,8469.02
4124,1394,10,2,4184.44,8368.88
4125,1394,12,3,1597.94,4793.82
4126,1394,8,3,1725.85,5177.55
4127,1394,2,1,1955.12,1955.12
4128,1395,31,1,1422.93,1422.93
4129,1396,15,2,373.87,747.74
4130,1396,20,1,56.21,56.21
4131,1397,12,1,1283.92,1283.92
4132,1397,14,3,884.72,2654.16
4133,1397,18,3,175.11,525.33
4134,1398,12,3,1313.01,3939.03
4135,1398,25,2,1379.46,2758.92
4136,1398,2,1,1955.12,1955.12
4137,1398,14,2,884.72,1769.44
4138,1399,2,2,1955.12,3910.24
4139,1399,9,2,4199.61,8399.22
4140,1399,18,2,165.06,330.11
4141,1400,21,3,1754.04,5262.12
4142,1401,35,2,907.85,1815.7
4143,1401,26,2,480.49,960.98
4144,1401,19,3,146.82,440.46
4145,1401,27,1,514.43,514.43
4146,1402,34,1,507.59,507.59
4147,1402,18,1,175.11,175.11
4148,1402,20,3,61.02,183.06
4149,1402,30,1,511.45,511.45
4150,1402,17,1,119.37,119.37
4151,1403,9,1,4199.61,4199.61
4152,1403,6,3,3328.48,9985.44
4153,1403,28,3,1074.23,3222.69
4154,1403,20,1,61.02,61.02
4155,1403,3,3,3893.18,11679.54
4156,1404,18,2,175.11,350.22
4157,1404,35,2,907.85,1815.7
4158,1405,15,3,373.87,1121.61
4159,1406,10,1,3835.88,3835.88
4160,1406,1,3,3485.59,10456.77
4161,1407,22,1,730.75,730.75
4162,1407,1,3,3485.59,10456.77
4163,1407,14,1,884.72,884.72
4164,1408,8,1,1725.85,1725.85
4165,1408,1,1,2645.6,2645.6
4166,1408,34,1,507.59,507.59
4167,1408,6,3,3328.48,9985.44
4168,1408,17,1,101.6,101.6
4169,1409,35,3,907.85,2723.55
4170,1409,30,2,511.45,1022.9
4171,1409,3,1,3893.18,3893.18
4172,1409,25,3,1379.46,4138.38
4173,1409,1,2,3485.59,6971.18
4174,1410,33,1,1384.64,1384.64
4175,1410,18,3,175.11,525.33
4176,1410,15,2,347.99,695.98
4177,1410,16,1,42.47,42.47
4178,1410,28,3,1074.23,3222.69
4179,1411,33,1,1384.64,1384.64
4180,1411,10,1,4184.44,4184.44
4181,1411,20,3,53.54,160.62
4182,1412,2,3,1955.12,5865.36
4183,1412,29,2,1259.43,2518.86
4184,1412,21,3,1754.04,5262.12
4185,1412,25,2,1379.46,2758.92
4186,1413,9,3,4199.61,12598.83
4187,1413,18,1,175.11,175.11
4188,1413,2,3,1955.12,5865.36
4189,1413,35,2,907.85,1815.7
4190,1413,6,1,3328.48,3328.48
4191,1414,33,2,1384.64,2769.28
4192,1414,5,1,1193.52,1193.52
4193,1414,32,2,1034.84,2069.68
4194,1415,23,1,866.64,866.64
4195,1415,30,3,406.95,1220.85
4196,1416,7,1,3807.28,3807.28
4197,1416,8,3,1725.85,5177.55
4198,1416,27,2,514.43,1028.86
4199,1417,4,2,3280.07,6560.14
4200,1418,2,3,1955.12,5865.36
4201,1418,4,1,3280.07,3280.07
4202,1418,6,1,2576.92,2576.92
4203,1418,9,1,4199.61,4199.61
4204,1419,5,1,1193.52,1193.52
4205,1419,23,2,929.31,1858.62
4206,1419,6,3,3328.48,9985.44
4207,1419,9,2,4199.61,8399.22
4208,1420,20,2,61.02,122.04
4209,1420,25,1,1379.46,1379.46
4210,1420,3,2,3893.18,7786.36
4211,1421,7,3,3436.76,10310.27
4212,1422,20,1,61.02,61.02
4213,1422,32,2,1034.84,2069.68
4214,1423,35,3,907.85,2723.55
4215,1423,11,2,772.38,1544.76
4216,1423,21,1,1754.04,1754.04
4217,1423,7,1,3807.28,3807.28
4218,1424,23,2,929.31,1858.62
4219,1424,26,3,480.49,1441.47
4220,1424,10,2,4184.44,8368.88
4221,1424,9,2,4199.61,8399.22
4222,1425,31,3,1334.68,4004.05
4223,1425,30,1,511.45,511.45
4224,1425,6,1,3328.48,3328.48
4225,1426,33,1,1228.67,1228.67
4226,1426,31,2,1422.93,2845.86
4227,1426,20,2,49.11,98.22
4228,1427,10,1,4184.44,4184.44
4229,1428,23,2,929.31,1858.62
4230,1428,11,2,772.38,1544.76
4231,1428,17,3,119.37,358.11
4232,1428,12,1,1291.05,1291.05
4233,1428,2,2,1955.12,3910.24
4234,1429,16,2,42.47,84.94
4235,1429,1,3,3485.59,10456.77
4236,1429,28,2,1074.23,2148.46
4237,1429,15,3,373.87,1121.61
4238,1430,27,2,514.43,1028.86
4239,1430,35,1,907.85,907.85
4240,1430,2,1,1955.12,1955.12
4241,1431,20,1,61.02,61.02
4242,1431,13,1,945.88,945.88
4243,1431,18,1,152.29,152.29
4244,1432,32,1,1034.84,1034.84
4245,1432,10,3,4184.44,12553.32
4246,1433,11,3,772.38,2317.14
4247,1433,4,3,3280.07,9840.21
4248,1434,3,2,3893.18,7786.36
4249,1434,1,2,3485.59,6971.18
4250,1434,14,1,718.42,718.42
4251,1435,27,1,514.43,514.43
4252,1435,3,2,3893.18,7786.36
4253,1435,7,3,3807.28,11421.84
4254,1435,25,1,1379.46,1379.46
4255,1436,30,2,511.45,1022.9
4256,1436,34,3,461.29,1383.88
4257,1436,22,2,772.56,1545.12
4258,1437,31,1,1422.93,1422.93
4259,1438,4,2,3098.03,6196.06
4260,1438,15,3,373.87,1121.61
4261,1438,30,3,511.45,1534.35
4262,1438,8,1,1569.56,1569.56
4263,1439,8,2,1725.85,3451.7
4264,1439,35,1,907.85,907.85
4265,1439,13,2,945.88,1891.76
4266,1439,32,1,1034.84,1034.84
4267,1440,1,1,2857.26,2857.26
4268,1440,24,3,753.86,2261.58
4269,1440,23,1,929.31,929.31
4270,1440,30,1,511.45,511.45
4271,1440,33,2,1384.64,2769.28
4272,1441,25,3,1379.46,4138.38
4273,1442,26,2,480.49,960.98
4274,1442,31,3,1422.93,4268.79
4275,1442,2,1,1955.12,1955.12
4276,1443,10,1,4184.44,4184.44
4277,1443,6,2,3328.48,6656.96
4278,1443,21,1,1754.04,1754.04
4279,1444,13,1,945.88,945.88
4280,1444,24,3,753.86,2261.58
4281,1445,8,1,1725.85,1725.85
4282,1445,35,2,907.85,1815.7
4283,1446,20,1,61.02,61.02
4284,1447,15,1,373.87,373.87
4285,1447,3,1,3893.18,3893.18
4286,1447,10,3,4184.44,12553.32
4287,1448,16,3,40.32,120.96
4288,1448,15,1,373.87,373.87
4289,1448,22,2,772.56,1545.12
4290,1448,20,2,61.02,122.04
4291,1449,28,3,1074.23,3222.69
4292,1449,8,3,1725.85,5177.55
4293,1449,21,1,1396.07,1396.07
4294,1449,31,2,1422.93,2845.86
4295,1449,16,2,42.47,84.94
4296,1450,32,2,806.33,1612.66
4297,1450,33,3,1129.47,3388.4
4298,1450,7,3,3807.28,11421.84
4299,1450,22,1,772.56,772.56
4300,1450,24,1,597.54,597.54
4301,1451,30,1,511.45,511.45
4302,1451,10,1,4184.44,4184.44
4303,1451,3,1,3893.18,3893.18
4304,1451,23,2,811.42,1622.85
4305,1452,31,1,1261.27,1261.27
4306,1452,4,1,3280.07,3280.07
4307,1453,5,2,1193.52,2387.04
4308,1453,20,3,57.36,172.08
4309,1453,33,3,1243.53,3730.59
4310,1454,10,2,4184.44,8368.88
4311,1454,29,2,1259.43,2518.86
4312,1454,12,2,1375.72,2751.45
4313,1454,34,2,507.59,1015.18
4314,1455,22,3,772.56,2317.68
4315,1455,14,2,884.72,1769.44
4316,1456,14,2,884.72,1769.44
4317,1456,34,2,507.59,1015.18
4318,1457,34,3,507.59,1522.77
4319,1457,26,2,480.49,960.98
4320,1457,15,2,296.24,592.48
4321,1457,12,3,1597.94,4793.82
4322,1457,4,3,3280.07,9840.21
4323,1458,21,3,1754.04,5262.12
4324,1459,13,2,808.98,1617.95
4325,1459,21,3,1754.04,5262.12
4326,1459,27,2,514.43,1028.86
4327,1460,2,1,1955.12,1955.12
4328,1461,31,2,1422.93,2845.86
4329,1461,14,1,884.72,884.72
4330,1462,12,2,1274.65,2549.3
4331,1462,10,2,4184.44,8368.88
4332,1463,32,1,1034.84,1034.84
4333,1464,24,3,753.86,2261.58
4334,1464,8,1,1725.85,1725.85
4335,1464,19,1,146.82,146.82
4336,1464,18,3,145.88,437.65
4337,1464,26,1,370.12,370.12
4338,1465,12,2,1597.94,3195.88
4339,1465,26,1,480.49,480.49
4340,1465,18,1,175.11,175.11
4341,1466,14,1,884.72,884.72
4342,1467,22,3,728.85,2186.55
4343,1468,30,2,511.45,1022.9
4344,1468,12,1,1597.94,1597.94
4345,1468,17,2,106.75,213.5
4346,1468,18,2,175.11,350.22
4347,1469,3,1,3893.18,3893.18
4348,1469,26,3,480.49,1441.47
4349,1469,21,3,1754.04,5262.12
4350,1469,17,3,119.37,358.11
4351,1469,4,3,3280.07,9840.21
4352,1470,12,3,1394.17,4182.5
4353,1470,35,2,907.85,1815.7
4354,1470,6,2,3328.48,6656.96
4355,1470,11,3,772.38,2317.14
4356,1471,29,2,1259.43,2518.86
4357,1471,26,3,480.49,1441.47
4358,1471,22,2,772.56,1545.12
4359,1471,11,3,772.38,2317.14
4360,1472,33,3,1384.64,4153.92
4361,1473,24,1,753.86,753.86
4362,1473,27,3,514.43,1543.29
4363,1473,2,1,1955.12,1955.12
4364,1473,11,1,772.38,772.38
4365,1474,20,2,61.02,122.04
4366,1474,16,3,42.47,127.41
4367,1474,3,3,3893.18,11679.54
4368,1475,16,1,38.92,38.92
4369,1475,14,2,813.24,1626.48
4370,1476,8,3,1725.85,5177.55
4371,1477,15,2,373.87,747.74
4372,1478,13,1,945.88,945.88
4373,1478,16,2,42.47,84.94
4374,1479,1,1,3485.59,3485.59
4375,1479,35,3,907.85,2723.55
4376,1480,18,3,139.03,417.1
4377,1480,6,3,3328.48,9985.44
4378,1480,11,3,772.38,2317.14
4379,1481,32,1,887.94,887.94
4380,1481,26,3,480.49,1441.47
4381,1482,12,2,1597.94,3195.88
4382,1482,18,1,175.11,175.11
4383,1482,6,1,3328.48,3328.48
4384,1482,14,1,884.72,884.72
4385,1483,9,2,3273.14,6546.27
4386,1483,28,3,1074.23,3222.69
4387,1483,18,2,175.11,350.22
4388,1483,31,1,1422.93,1422.93
4389,1484,2,3,1955.12,5865.36
4390,1484,1,3,3485.59,10456.77
4391,1485,18,1,162.65,162.65
4392,1485,4,2,3280.07,6560.14
4393,1486,7,3,3807.28,11421.84
4394,1486,18,1,175.11,175.11
4395,1486,14,1,884.72,884.72
4396,1487,32,2,1034.84,2069.68
4397,1487,30,1,511.45,511.45
4398,1487,9,3,4199.61,12598.83
4399,1487,17,1,111.17,111.17
4400,1488,21,3,1340.9,4022.71
4401,1488,35,1,907.85,907.85
4402,1488,8,3,1725.85,5177.55
4403,1489,13,3,945.88,2837.64
4404,1489,14,3,884.72,2654.16
4405,1489,16,1,42.47,42.47
4406,1489,11,3,772.38,2317.14
4407,1490,19,2,146.82,293.64
4408,1490,28,2,1074.23,2148.46
4409,1490,18,3,140.48,421.44
4410,1490,4,1,3280.07,3280.07
4411,1490,34,2,507.59,1015.18
4412,1491,2,2,1955.12,3910.24
4413,1491,33,1,1384.64,1384.64
4414,1492,21,1,1754.04,1754.04
4415,1492,24,2,692.19,1384.38
4416,1493,35,1,907.85,907.85
4417,1494,29,1,1259.43,1259.43
4418,1494,12,2,1597.94,3195.88
4419,1494,27,3,401.14,1203.43
4420,1495,6,3,3153.11,9459.32
4421,1495,19,3,146.82,440.46
4422,1495,12,2,1296.37,2592.74
4423,1496,17,2,119.37,238.74
4424,1497,5,2,1193.52,2387.04
4425,1497,31,1,1422.93,1422.93
4426,1498,15,1,373.87,373.87
4427,1499,30,2,511.45,1022.9
4428,1499,6,3,2519.6,7558.8
4429,1499,15,3,318.85,956.54
4430,1500,8,2,1725.85,3451.7
4431,1500,27,2,514.43,1028.86
4432,1500,4,3,3280.07,9840.21
4433,1500,31,2,1188.87,2377.75
4434,1501,28,2,1074.23,2148.46
4435,1501,6,1,3328.48,3328.48
4436,1501,29,1,1259.43,1259.43
4437,1502,1,3,3485.59,10456.77
4438,1503,28,2,977.54,1955.08
4439,1504,8,1,1725.85,1725.85
4440,1504,13,3,945.88,2837.64
4441,1504,30,3,511.45,1534.35
4442,1505,28,3,1074.23,3222.69
4443,1506,18,2,175.11,350.22
4444,1507,33,3,1384.64,4153.92
4445,1508,13,2,945.88,1891.76
4446,1508,12,2,1597.94,3195.88
4447,1508,20,2,51.91,103.83
4448,1508,3,1,3893.18,3893.18
4449,1508,11,2,772.38,1544.76
4450,1509,17,2,119.37,238.74
4451,1509,29,3,1259.43,3778.29
4452,1509,1,1,3485.59,3485.59
4453,1509,11,1,772.38,772.38
4454,1510,12,3,1597.94,4793.82
4455,1510,13,1,945.88,945.88
4456,1510,34,1,507.59,507.59
4457,1510,28,1,1074.23,1074.23
4458,1511,12,3,1597.94,4793.82
4459,1511,6,2,3328.48,6656.96
4460,1511,26,3,379.77,1139.31
4461,1512,17,3,119.37,358.11
4462,1513,7,3,3807.28,11421.84
4463,1513,19,3,146.82,440.46
4464,1513,15,1,373.87,373.87
4465,1513,30,2,511.45,1022.9
4466,1514,27,1,514.43,514.43
4467,1514,17,2,119.37,238.74
4468,1514,30,2,511.45,1022.9
4469,1515,6,3,3328.48,9985.44
4470,1515,34,3,476.14,1428.42
4471,1515,24,2,753.86,1507.72
4472,1516,1,3,3485.59,10456.77
4473,1517,25,2,1379.46,2758.92
4474,1517,2,2,1505.67,3011.33
4475,1517,19,1,146.82,146.82
4476,1517,16,2,42.47,84.94
4477,1517,24,2,753.86,1507.72
4478,1518,29,2,1259.43,2518.86
4479,1518,14,1,884.72,884.72
4480,1518,2,1,1785.65,1785.65
4481,1518,26,2,480.49,960.98
4482,1519,2,1,1955.12,1955.12
4483,1519,33,2,1384.64,2769.28
4484,1519,29,1,1259.43,1259.43
4485,1519,28,1,1074.23,1074.23
4486,1519,22,1,772.56,772.56
4487,1520,33,3,1384.64,4153.92
4488,1520,31,1,1422.93,1422.93
4489,1520,26,3,480.49,1441.47
4490,1520,2,1,1811.24,1811.24
4491,1520,21,2,1439.05,2878.09
4492,1521,35,2,907.85,1815.7
4493,1522,12,1,1597.94,1597.94
4494,1522,4,1,3280.07,3280.07
4495,1523,12,2,1468.85,2937.71
4496,1523,33,3,1384.64,4153.92
4497,1523,6,1,3328.48,3328.48
4498,1523,35,1,907.85,907.85
4499,1523,11,2,772.38,1544.76
4500,1524,17,3,119.37,358.11
4501,1524,11,1,772.38,772.38
4502,1524,26,3,480.49,1441.47
4503,1525,16,2,42.47,84.94
4504,1526,27,2,514.43,1028.86
4505,1526,29,1,1259.43,1259.43
4506,1526,2,3,1955.12,5865.36
4507,1527,34,3,507.59,1522.77
4508,1527,11,3,772.38,2317.14
4509,1527,18,1,175.11,175.11
4510,1527,15,3,373.87,1121.61
4511,1527,33,3,1114.72,3344.17
4512,1528,25,3,1379.46,4138.38
4513,1529,22,3,772.56,2317.68
4514,1530,10,2,3188.98,6377.95
4515,1530,33,1,1300.34,1300.34
4516,1530,6,3,3328.48,9985.44
4517,1531,14,1,884.72,884.72
4518,1532,30,1,511.45,511.45
4519,1533,20,1,61.02,61.02
4520,1533,34,1,507.59,507.59
4521,1533,21,3,1754.04,5262.12
4522,1534,30,1,430.66,430.66
4523,1534,18,2,175.11,350.22
4524,1535,8,2,1447.14,2894.27
4525,1535,11,3,731.17,2193.52
4526,1535,31,3,1335.61,4006.84
4527,1535,26,1,480.49,480.49
4528,1536,18,3,175.11,525.33
4529,1536,14,3,795.7,2387.11
4530,1536,21,3,1754.04,5262.12
4531,1537,12,1,1597.94,1597.94
4532,1538,14,3,676.63,2029.88
4533,1538,27,1,514.43,514.43
4534,1538,2,1,1641.78,1641.78
4535,1539,16,3,42.47,127.41
4536,1540,16,1,42.47,42.47
4537,1540,25,3,1379.46,4138.38
4538,1540,21,2,1754.04,3508.08
4539,1541,35,2,907.85,1815.7
4540,1542,18,1,175.11,175.11
4541,1542,33,3,1384.64,4153.92
4542,1542,35,2,907.85,1815.7
4543,1542,10,2,4184.44,8368.88
4544,1543,9,2,3650.95,7301.89
4545,1543,15,2,373.87,747.74
4546,1544,9,2,4199.61,8399.22
4547,1545,17,1,119.37,119.37
4548,1546,9,2,3608.55,7217.11
4549,1546,1,3,3485.59,10456.77
4550,1546,25,1,1215.37,1215.37
4551,1546,27,3,514.43,1543.29
4552,1547,16,3,42.47,127.41
4553,1547,14,3,884.72,2654.16
4554,1547,21,3,1344.87,4034.61
4555,1547,31,2,1317.23,2634.46
4556,1547,26,2,480.49,960.98
4557,1548,7,1,3807.28,3807.28
4558,1548,21,3,1398.17,4194.5
4559,1549,1,2,2628.91,5257.82
4560,1549,2,3,1955.12,5865.36
4561,1549,5,2,986.58,1973.16
4562,1549,19,3,146.82,440.46
4563,1550,3,3,3893.18,11679.54
4564,1550,19,1,146.82,146.82
4565,1551,32,1,856.25,856.25
4566,1551,21,2,1754.04,3508.08
4567,1551,10,3,4184.44,12553.32
4568,1551,35,1,907.85,907.85
4569,1551,31,3,1422.93,4268.79
4570,1552,10,1,4184.44,4184.44
4571,1552,4,1,2504.34,2504.34
4572,1552,34,2,507.59,1015.18
4573,1553,26,1,480.49,480.49
4574,1553,9,2,4199.61,8399.22
4575,1553,35,1,907.85,907.85
4576,1554,1,3,3485.59,10456.77
4577,1554,29,1,1259.43,1259.43
4578,1555,19,2,146.82,293.64
4579,1555,1,2,3485.59,6971.18
4580,1556,13,2,945.88,1891.76
4581,1557,32,2,1034.84,2069.68
4582,1558,4,1,3280.07,3280.07
4583,1558,15,3,351.81,1055.44
4584,1558,27,3,514.43,1543.29
4585,1559,31,1,1422.93,1422.93
4586,1559,13,1,945.88,945.88
4587,1559,14,2,884.72,1769.44
4588,1559,30,2,511.45,1022.9
4589,1559,3,3,3487.56,10462.69
4590,1560,27,1,514.43,514.43
4591,1560,9,2,4199.61,8399.22
4592,1560,15,1,373.87,373.87
4593,1560,21,3,1501.03,4503.09
4594,1560,5,1,1193.52,1193.52
4595,1561,11,3,772.38,2317.14
4596,1561,35,2,907.85,1815.7
4597,1562,23,3,818.48,2455.43
4598,1563,21,2,1754.04,3508.08
4599,1564,8,1,1725.85,1725.85
4600,1564,26,2,429.07,858.14
4601,1565,20,2,61.02,122.04
4602,1566,35,1,764.48,764.48
4603,1566,10,3,4184.44,12553.32
4604,1567,16,3,42.47,127.41
4605,1568,2,3,1704.18,5112.55
4606,1568,29,1,1259.43,1259.43
4607,1568,35,2,698.81,1397.62
4608,1569,14,2,884.72,1769.44
4609,1569,16,1,42.47,42.47
4610,1570,20,3,61.02,183.06
4611,1570,17,2,119.37,238.74
4612,1570,2,3,1955.12,5865.36
4613,1570,33,3,1384.64,4153.92
4614,1571,8,3,1725.85,5177.55
4615,1572,6,1,3328.48,3328.48
4616,1573,7,3,3807.28,11421.84
4617,1573,22,1,772.56,772.56
4618,1573,35,2,907.85,1815.7
4619,1573,18,3,145.55,436.65
4620,1574,11,1,772.38,772.38
4621,1574,10,2,4184.44,8368.88
4622,1574,2,2,1955.12,3910.24
4623,1574,21,2,1754.04,3508.08
4624,1575,35,3,907.85,2723.55
4625,1576,6,1,3328.48,3328.48
4626,1576,29,3,1040.9,3122.69
4627,1577,32,2,915.48,1830.96
4628,1577,25,3,1379.46,4138.38
4629,1577,27,1,514.43,514.43
4630,1577,9,1,3666.79,3666.79
4631,1578,32,1,1034.84,1034.84
4632,1578,29,3,1259.43,3778.29
4633,1578,1,2,3485.59,6971.18
4634,1579,26,2,386.22,772.45
4635,1579,16,3,34.97,104.9
4636,1579,28,2,1074.23,2148.46
4637,1579,1,3,3485.59,10456.77
4638,1580,3,3,3414.45,10243.34
4639,1580,8,1,1725.85,1725.85
4640,1580,11,2,702.86,1405.72
4641,1580,4,2,3280.07,6560.14
4642,1580,16,3,42.47,127.41
4643,1581,12,2,1318.85,2637.7
4644,1582,23,2,929.31,1858.62
4645,1582,32,3,1034.84,3104.52
4646,1582,19,1,131.09,131.09
4647,1582,21,3,1754.04,5262.12
4648,1583,33,1,1384.64,1384.64
4649,1583,6,3,3328.48,9985.44
4650,1584,34,2,507.59,1015.18
4651,1584,14,2,884.72,1769.44
4652,1584,19,1,146.82,146.82
4653,1585,32,2,782.44,1564.88
4654,1585,4,2,2840.54,5681.08
4655,1585,21,1,1754.04,1754.04
4656,1585,27,2,487.63,975.26
4657,1586,2,1,1955.12,1955.12
4658,1586,9,2,3675.11,7350.23
4659,1586,13,1,945.88,945.88
4660,1586,23,1,929.31,929.31
4661,1587,21,2,1481.62,2963.23
4662,1588,17,1,119.37,119.37
4663,1588,20,3,61.02,183.06
4664,1589,17,3,119.37,358.11
4665,1589,24,3,753.86,2261.58
4666,1589,14,2,884.72,1769.44
4667,1589,7,2,3807.28,7614.56
4668,1590,35,2,907.85,1815.7
4669,1590,26,1,480.49,480.49
4670,1590,28,1,1074.23,1074.23
4671,1590,20,3,61.02,183.06
4672,1590,14,2,884.72,1769.44
4673,1591,24,3,753.86,2261.58
4674,1592,31,1,1422.93,1422.93
4675,1592,6,3,3038.5,9115.49
4676,1592,35,1,907.85,907.85
4677,1592,17,2,119.37,238.74
4678,1593,31,3,1190.84,3572.53
4679,1593,14,2,884.72,1769.44
4680,1594,21,1,1754.04,1754.04
4681,1594,16,2,42.47,84.94
4682,1595,31,3,1422.93,4268.79
4683,1595,16,2,42.47,84.94
4684,1595,11,1,627.79,627.79
4685,1595,15,1,373.87,373.87
4686,1596,13,2,716.69,1433.38
4687,1596,15,2,373.87,747.74
4688,1596,12,3,1597.94,4793.82
4689,1596,34,1,507.59,507.59
4690,1596,18,1,175.11,175.11
4691,1597,22,2,772.56,1545.12
4692,1598,21,3,1754.04,5262.12
4693,1598,28,1,866.56,866.56
4694,1598,5,2,1193.52,2387.04
4695,1598,13,1,945.88,945.88
4696,1599,10,2,4184.44,8368.88
4697,1599,9,1,4199.61,4199.61
4698,1599,32,2,1034.84,2069.68
4699,1599,29,3,1259.43,3778.29
4700,1600,31,1,1422.93,1422.93
4701,1600,2,2,1709.38,3418.76
4702,1600,29,1,1259.43,1259.43
4703,1601,9,3,4199.61,12598.83
4704,1601,19,3,146.82,440.46
4705,1601,6,3,3328.48,9985.44
4706,1602,2,2,1955.12,3910.24
4707,1602,28,2,1074.23,2148.46
4708,1602,31,1,1422.93,1422.93
4709,1603,11,3,772.38,2317.14
4710,1603,1,3,3485.59,10456.77
4711,1603,3,2,3893.18,7786.36
4712,1603,16,2,42.47,84.94
4713,1604,19,3,146.82,440.46
4714,1605,7,1,3807.28,3807.28
4715,1605,34,3,507.59,1522.77
4716,1606,18,1,175.11,175.11
4717,1606,5,3,1193.52,3580.56
4718,1606,17,2,106.67,213.33
4719,1606,33,3,1384.64,4153.92
4720,1606,28,1,930.94,930.94
4721,1607,9,3,4199.61,12598.83
4722,1607,15,2,347.64,695.27
4723,1608,22,3,772.56,2317.68
4724,1609,1,3,2833.75,8501.24
4725,1610,34,2,507.59,1015.18
4726,1610,20,3,53.12,159.35
4727,1611,33,2,1384.64,2769.28
4728,1611,34,3,507.59,1522.77
4729,1611,10,1,4184.44,4184.44
4730,1611,9,3,4199.61,12598.83
4731,1611,14,2,748.09,1496.18
4732,1612,17,2,119.37,238.74
4733,1612,24,3,753.86,2261.58
4734,1613,33,3,1384.64,4153.92
4735,1613,28,2,874.79,1749.59
4736,1613,29,1,1259.43,1259.43
4737,1614,8,2,1501.22,3002.44
4738,1614,4,1,2904.4,2904.4
4739,1614,35,2,907.85,1815.7
4740,1614,10,3,4184.44,12553.32
4741,1615,26,1,480.49,480.49
4742,1615,21,2,1754.04,3508.08
4743,1615,23,1,785.49,785.49
4744,1615,32,2,1034.84,2069.68
4745,1615,7,2,3807.28,7614.56
4746,1616,23,1,929.31,929.31
4747,1617,12,2,1597.94,3195.88
4748,1617,17,3,119.37,358.11
4749,1618,13,2,945.88,1891.76
4750,1618,34,2,403.48,806.96
4751,1619,5,2,1075.33,2150.65
4752,1620,18,3,175.11,525.33
4753,1620,10,1,3307.96,3307.96
4754,1620,14,2,884.72,1769.44
4755,1621,18,3,145.08,435.25
4756,1621,5,3,1193.52,3580.56
4757,1621,14,3,884.72,2654.16
4758,1621,1,1,3485.59,3485.59
4759,1621,28,2,1074.23,2148.46
4760,1622,25,1,1379.46,1379.46
4761,1622,18,1,175.11,175.11
4762,1622,34,2,507.59,1015.18
4763,1623,1,3,3076.53,9229.6
4764,1623,21,3,1754.04,5262.12
4765,1623,32,1,779.73,779.73
4766,1623,15,1,309.04,309.04
4767,1623,17,2,92.59,185.17
4768,1624,23,3,929.31,2787.93
4769,1625,2,2,1768.46,3536.92
4770,1625,30,3,511.45,1534.35
4771,1625,13,3,945.88,2837.64
4772,1626,24,2,753.86,1507.72
4773,1626,8,3,1725.85,5177.55
4774,1626,20,1,61.02,61.02
4775,1626,5,3,1193.52,3580.56
4776,1626,33,3,1147.49,3442.46
4777,1627,7,1,3807.28,3807.28
4778,1627,27,1,396.99,396.99
4779,1627,11,1,772.38,772.38
4780,1628,11,2,772.38,1544.76
4781,1628,30,3,511.45,1534.35
4782,1628,27,2,488.45,976.91
4783,1629,6,1,3328.48,3328.48
4784,1629,24,3,753.86,2261.58
4785,1630,10,3,4184.44,12553.32
4786,1630,19,3,146.82,440.46
4787,1630,25,1,1379.46,1379.46
4788,1630,24,1,753.86,753.86
4789,1630,22,2,772.56,1545.12
4790,1631,33,2,1384.64,2769.28
4791,1631,2,3,1580.35,4741.05
4792,1631,10,2,4184.44,8368.88
4793,1631,11,2,772.38,1544.76
4794,1631,15,3,373.87,1121.61
4795,1632,18,1,175.11,175.11
4796,1632,30,2,511.45,1022.9
4797,1632,29,2,1259.43,2518.86
4798,1632,21,3,1754.04,5262.12
4799,1632,17,3,119.37,358.11
4800,1633,30,1,511.45,511.45
4801,1633,33,1,1384.64,1384.64
4802,1634,24,1,753.86,753.86
4803,1634,33,3,1384.64,4153.92
4804,1634,25,2,1379.46,2758.92
4805,1635,10,1,4184.44,4184.44
4806,1636,26,3,480.49,1441.47
4807,1636,7,3,2947.98,8843.94
4808,1636,12,3,1221.34,3664.01
4809,1636,8,3,1725.85,5177.55
4810,1636,2,3,1955.12,5865.36
4811,1637,2,1,1955.12,1955.12
4812,1637,32,2,1034.84,2069.68
4813,1638,30,3,436.67,1310.01
4814,1639,15,3,373.87,1121.61
4815,1639,18,1,175.11,175.11
4816,1639,33,2,1179.48,2358.97
4817,1639,28,2,1074.23,2148.46
4818,1639,20,2,61.02,122.04
4819,1640,22,3,772.56,2317.68
4820,1640,23,2,929.31,1858.62
4821,1641,7,2,3807.28,7614.56
4822,1641,21,1,1754.04,1754.04
4823,1642,23,1,929.31,929.31
4824,1643,34,3,507.59,1522.77
4825,1643,18,2,153.48,306.96
4826,1644,20,1,61.02,61.02
4827,1645,10,1,4184.44,4184.44
4828,1646,26,2,396.14,792.27
4829,1646,35,2,907.85,1815.7
4830,1647,29,3,1259.43,3778.29
4831,1647,35,3,907.85,2723.55
4832,1647,4,2,3280.07,6560.14
4833,1647,10,2,4184.44,8368.88
4834,1647,15,2,373.87,747.74
4835,1648,28,1,973.7,973.7
4836,1648,20,1,61.02,61.02
4837,1649,14,2,884.72,1769.44
4838,1649,8,1,1725.85,1725.85
4839,1649,23,3,929.31,2787.93
4840,1649,32,3,1034.84,3104.52
4841,1649,24,1,753.86,753.86
4842,1650,6,3,3328.48,9985.44
4843,1650,22,3,772.56,2317.68
4844,1651,15,2,291.28,582.56
4845,1651,12,3,1597.94,4793.82
4846,1652,35,2,777.74,1555.49
4847,1652,16,1,42.47,42.47
4848,1652,28,2,1074.23,2148.46
4849,1653,23,3,929.31,2787.93
4850,1654,18,2,165.89,331.79
4851,1654,8,1,1725.85,1725.85
4852,1654,28,1,1074.23,1074.23
4853,1654,5,1,1193.52,1193.52
4854,1655,7,2,3807.28,7614.56
4855,1655,15,2,373.87,747.74
4856,1655,20,1,61.02,61.02
4857,1656,19,2,146.82,293.64
4858,1656,2,3,1955.12,5865.36
4859,1656,9,1,4199.61,4199.61
4860,1656,35,1,907.85,907.85
4861,1657,25,3,1379.46,4138.38
4862,1658,30,2,511.45,1022.9
4863,1658,8,1,1295.29,1295.29
4864,1658,25,3,1379.46,4138.38
4865,1658,27,1,514.43,514.43
4866,1659,9,2,4199.61,8399.22
4867,1659,15,3,287.91,863.72
4868,1660,15,1,373.87,373.87
4869,1660,27,2,514.43,1028.86
4870,1660,32,2,920.09,1840.18
4871,1660,23,2,828.24,1656.49
4872,1660,2,3,1761.44,5284.32
4873,1661,24,2,753.86,1507.72
4874,1661,28,1,1074.23,1074.23
4875,1661,20,1,61.02,61.02
4876,1661,9,1,4199.61,4199.61
4877,1662,22,2,772.56,1545.12
4878,1662,23,2,929.31,1858.62
4879,1662,11,2,772.38,1544.76
4880,1662,12,2,1597.94,3195.88
4881,1663,21,3,1754.04,5262.12
4882,1663,1,1,3485.59,3485.59
4883,1663,12,2,1597.94,3195.88
4884,1663,22,3,772.56,2317.68
4885,1663,5,3,1193.52,3580.56
4886,1664,15,1,286.0,286.0
4887,1664,1,2,3485.59,6971.18
4888,1664,20,3,61.02,183.06
4889,1664,31,2,1422.93,2845.86
4890,1664,16,2,42.47,84.94
4891,1665,17,3,119.37,358.11
4892,1666,14,3,838.01,2514.04
4893,1666,5,2,1193.52,2387.04
4894,1666,9,2,4199.61,8399.22
4895,1667,4,2,3280.07,6560.14
4896,1667,34,1,411.48,411.48
4897,1668,6,1,3328.48,3328.48
4898,1668,21,2,1754.04,3508.08
4899,1669,1,2,3485.59,6971.18
4900,1670,26,1,480.49,480.49
4901,1670,34,2,507.59,1015.18
4902,1670,21,2,1754.04,3508.08
4903,1670,28,3,1074.23,3222.69
4904,1670,20,1,61.02,61.02
4905,1671,24,2,604.14,1208.27
4906,1672,13,1,945.88,945.88
4907,1672,4,2,3280.07,6560.14
4908,1673,21,1,1406.42,1406.42
4909,1674,26,2,480.49,960.98
4910,1675,10,2,4184.44,8368.88
4911,1675,2,1,1955.12,1955.12
4912,1675,7,3,3807.28,11421.84
4913,1676,3,3,3180.85,9542.56
4914,1676,21,1,1754.04,1754.04
4915,1676,15,1,373.87,373.87
4916,1677,14,2,884.72,1769.44
4917,1678,15,2,326.85,653.7
4918,1678,12,1,1597.94,1597.94
4919,1679,22,2,686.92,1373.83
4920,1679,27,3,514.43,1543.29
4921,1679,19,2,146.82,293.64
4922,1680,33,3,1091.03,3273.09
4923,1680,28,2,1074.23,2148.46
4924,1680,13,2,945.88,1891.76
4925,1680,18,2,175.11,350.22
4926,1680,12,1,1597.94,1597.94
4927,1681,15,2,373.87,747.74
4928,1681,23,2,929.31,1858.62
4929,1681,26,2,480.49,960.98
4930,1681,6,2,3328.48,6656.96
4931,1682,11,1,772.38,772.38
4932,1682,24,2,753.86,1507.72
4933,1682,16,1,42.47,42.47
4934,1682,33,2,1384.64,2769.28
4935,1683,18,3,175.11,525.33
4936,1683,26,1,480.49,480.49
4937,1683,28,3,1074.23,3222.69
4938,1683,21,2,1444.0,2888.0
4939,1684,19,3,146.82,440.46
4940,1684,13,2,945.88,1891.76
4941,1685,31,3,1422.93,4268.79
4942,1685,6,3,3328.48,9985.44
4943,1685,11,2,772.38,1544.76
4944,1686,19,3,146.82,440.46
4945,1686,27,3,514.43,1543.29
4946,1687,26,3,480.49,1441.47
4947,1688,35,2,706.23,1412.45
4948,1688,5,3,1193.52,3580.56
4949,1689,13,1,945.88,945.88
4950,1689,30,1,511.45,511.45
4951,1689,6,2,2701.97,5403.94
4952,1689,2,1,1955.12,1955.12
4953,1689,16,2,42.47,84.94
4954,1690,9,2,4199.61,8399.22
4955,1691,19,2,146.82,293.64
4956,1692,18,2,175.11,350.22
4957,1692,10,2,4184.44,8368.88
4958,1692,11,2,772.38,1544.76
4959,1693,9,2,4199.61,8399.22
4960,1693,20,2,61.02,122.04
4961,1693,1,3,2845.8,8537.39
4962,1693,14,1,884.72,884.72
4963,1694,30,2,511.45,1022.9
4964,1694,6,3,3328.48,9985.44
4965,1694,27,2,514.43,1028.86
4966,1694,29,1,955.67,955.67
4967,1694,2,1,1550.31,1550.31
4968,1695,18,1,158.24,158.24
4969,1695,3,2,3893.18,7786.36
4970,1696,18,1,175.11,175.11
4971,1696,35,3,907.85,2723.55
4972,1697,5,2,1193.52,2387.04
4973,1698,35,2,811.09,1622.17
4974,1698,6,3,3328.48,9985.44
4975,1698,7,3,3807.28,11421.84
4976,1699,11,3,772.38,2317.14
4977,1699,3,2,3893.18,7786.36
4978,1699,10,1,4184.44,4184.44
4979,1700,3,1,3893.18,3893.18
4980,1701,20,1,61.02,61.02
4981,1701,17,1,111.94,111.94
4982,1701,10,2,4184.44,8368.88
4983,1702,7,1,3807.28,3807.28
4984,1702,14,2,716.29,1432.58
4985,1702,35,1,907.85,907.85
4986,1702,25,1,1379.46,1379.46
4987,1702,4,1,3280.07,3280.07
4988,1703,9,2,4199.61,8399.22
4989,1704,6,2,3328.48,6656.96
4990,1704,19,2,146.82,293.64
4991,1704,8,2,1725.85,3451.7
4992,1704,9,1,4199.61,4199.61
4993,1704,35,3,907.85,2723.55
4994,1705,32,2,968.25,1936.5
4995,1705,25,3,1379.46,4138.38
4996,1705,19,1,120.77,120.77
4997,1706,8,3,1519.32,4557.95
4998,1706,19,1,132.51,132.51
4999,1706,11,2,772.38,1544.76
5000,1706,16,1,42.47,42.47
5001,1707,25,2,1379.46,2758.92
5002,1707,5,2,1193.52,2387.04
5003,1708,20,3,61.02,183.06
5004,1708,5,2,1193.52,2387.04
5005,1708,1,1,3485.59,3485.59
5006,1708,9,2,4199.61,8399.22
5007,1709,28,3,1074.23,3222.69
5008,1709,25,3,1379.46,4138.38
5009,1709,19,1,136.37,136.37
5010,1710,26,2,480.49,960.98
5011,1710,14,2,884.72,1769.44
5012,1710,24,1,753.86,753.86
5013,1711,26,2,480.49,960.98
5014,1711,9,1,4199.61,4199.61
5015,1711,24,3,671.83,2015.49
5016,1711,2,3,1955.12,5865.36
5017,1712,33,1,1384.64,1384.64
5018,1712,27,3,514.43,1543.29
5019,1712,12,1,1597.94,1597.94
5020,1712,17,1,119.37,119.37
5021,1713,4,3,2806.62,8419.85
5022,1713,18,1,141.13,141.13
5023,1713,7,1,3807.28,3807.28
5024,1713,32,3,935.63,2806.88
5025,1713,9,3,3842.65,11527.96
5026,1714,31,3,1067.22,3201.66
5027,1714,21,3,1754.04,5262.12
5028,1714,10,1,3898.0,3898.0
5029,1715,15,2,373.87,747.74
5030,1716,2,2,1955.12,3910.24
5031,1716,21,2,1754.04,3508.08
5032,1716,13,1,945.88,945.88
5033,1717,28,2,870.08,1740.16
5034,1718,3,1,3893.18,3893.18
5035,1718,30,1,511.45,511.45
5036,1718,34,1,507.59,507.59
5037,1718,16,1,42.47,42.47
5038,1718,2,3,1955.12,5865.36
5039,1719,9,3,4199.61,12598.83
5040,1719,33,2,1384.64,2769.28
5041,1719,7,2,3807.28,7614.56
5042,1720,6,3,3328.48,9985.44
5043,1720,33,3,1384.64,4153.92
5044,1721,2,3,1770.59,5311.77
5045,1721,15,3,373.87,1121.61
5046,1721,30,3,511.45,1534.35
5047,1721,8,1,1725.85,1725.85
5048,1722,21,2,1754.04,3508.08
5049,1722,23,2,929.31,1858.62
5050,1722,32,1,1034.84,1034.84
5051,1723,27,3,514.43,1543.29
5052,1724,10,2,3919.42,7838.83
5053,1724,34,1,507.59,507.59
5054,1724,35,2,907.85,1815.7
5055,1725,29,2,1259.43,2518.86
5056,1725,3,2,3893.18,7786.36
5057,1725,6,1,3328.48,3328.48
5058,1726,4,3,3280.07,9840.21
5059,1726,9,2,4199.61,8399.22
5060,1726,23,3,929.31,2787.93
5061,1726,15,3,373.87,1121.61
5062,1726,2,2,1955.12,3910.24
5063,1727,12,2,1597.94,3195.88
5064,1727,21,1,1754.04,1754.04
5065,1727,1,2,3101.14,6202.28
5066,1727,35,1,907.85,907.85
5067,1728,20,3,61.02,183.06
5068,1728,8,1,1725.85,1725.85
5069,1729,21,3,1754.04,5262.12
5070,1729,30,2,434.84,869.67
5071,1729,19,2,131.33,262.66
5072,1730,15,3,373.87,1121.61
5073,1730,10,3,4184.44,12553.32
5074,1731,35,2,907.85,1815.7
5075,1731,9,2,3294.06,6588.11
5076,1731,34,3,507.59,1522.77
5077,1732,32,2,1034.84,2069.68
5078,1733,20,1,61.02,61.02
5079,1734,16,2,42.47,84.94
5080,1734,12,2,1597.94,3195.88
5081,1734,26,1,480.49,480.49
5082,1735,8,3,1623.97,4871.91
5083,1735,15,3,373.87,1121.61
5084,1736,3,1,3893.18,3893.18
5085,1736,27,1,464.08,464.08
5086,1737,32,3,971.07,2913.2
5087,1737,6,1,2774.78,2774.78
5088,1738,22,3,772.56,2317.68
5089,1738,25,2,1379.46,2758.92
5090,1739,1,1,2757.85,2757.85
5091,1739,29,2,1259.43,2518.86
5092,1739,10,1,3779.11,3779.11
5093,1740,30,2,511.45,1022.9
5094,1740,35,2,907.85,1815.7
5095,1740,5,1,1193.52,1193.52
5096,1740,19,3,130.8,392.39
5097,1741,7,2,3807.28,7614.56
5098,1741,6,2,3044.36,6088.73
5099,1741,29,2,1259.43,2518.86
5100,1741,32,2,977.61,1955.23
5101,1741,28,3,1001.93,3005.78
5102,1742,27,3,414.49,1243.47
5103,1743,8,2,1725.85,3451.7
5104,1744,28,1,873.57,873.57
5105,1744,14,1,884.72,884.72
5106,1744,22,3,599.66,1798.98
5107,1744,16,2,42.47,84.94
5108,1745,27,1,401.69,401.69
5109,1745,15,3,373.87,1121.61
5110,1745,32,1,788.76,788.76
5111,1746,35,1,907.85,907.85
5112,1746,10,1,4184.44,4184.44
5113,1747,25,3,1379.46,4138.38
5114,1747,14,2,884.72,1769.44
5115,1747,9,1,4199.61,4199.61
5116,1747,31,2,1422.93,2845.86
5117,1747,35,3,683.53,2050.6
5118,1748,3,1,3893.18,3893.18
5119,1748,7,3,3807.28,11421.84
5120,1749,28,2,924.89,1849.77
5121,1749,26,1,480.49,480.49
5122,1750,12,1,1597.94,1597.94
5123,1750,18,1,175.11,175.11
5124,1750,21,2,1754.04,3508.08
5125,1750,23,2,929.31,1858.62
5126,1751,34,2,507.59,1015.18
5127,1751,29,1,991.39,991.39
5128,1751,33,3,1384.64,4153.92
5129,1752,9,3,3512.99,10538.97
5130,1752,21,2,1754.04,3508.08
5131,1752,1,2,3485.59,6971.18
5132,1752,27,1,514.43,514.43
5133,1753,27,3,514.43,1543.29
5134,1753,32,1,1034.84,1034.84
5135,1753,12,3,1597.94,4793.82
5136,1753,15,2,373.87,747.74
5137,1754,8,1,1571.94,1571.94
5138,1754,20,2,61.02,122.04
5139,1754,28,3,1074.23,3222.69
5140,1754,24,3,753.86,2261.58
5141,1754,1,3,2676.44,8029.32
5142,1755,9,2,4199.61,8399.22
5143,1755,24,1,753.86,753.86
5144,1755,8,1,1725.85,1725.85
5145,1755,34,3,507.59,1522.77
5146,1756,16,2,42.47,84.94
5147,1756,13,1,945.88,945.88
5148,1757,32,2,852.68,1705.36
5149,1757,26,3,373.54,1120.63
5150,1757,29,3,1259.43,3778.29
5151,1757,1,1,2622.25,2622.25
5152,1758,34,2,507.59,1015.18
5153,1759,35,2,907.85,1815.7
5154,1759,14,2,700.7,1401.4
5155,1759,28,1,1074.23,1074.23
5156,1760,14,2,781.11,1562.21
5157,1761,28,3,1074.23,3222.69
5158,1761,9,2,4199.61,8399.22
5159,1761,2,3,1955.12,5865.36
5160,1762,24,1,666.14,666.14
5161,1762,6,2,2932.4,5864.81
5162,1762,14,3,884.72,2654.16
5163,1762,4,3,3280.07,9840.21
5164,1762,1,3,3485.59,10456.77
5165,1763,4,2,2957.32,5914.63
5166,1764,22,3,772.56,2317.68
5167,1764,5,2,1193.52,2387.04
5168,1764,14,1,884.72,884.72
5169,1764,13,2,945.88,1891.76
5170,1764,34,3,477.94,1433.82
5171,1765,34,2,396.85,793.71
5172,1765,21,2,1754.04,3508.08
5173,1765,25,1,1054.7,1054.7
5174,1765,19,1,125.9,125.9
5175,1766,34,1,429.83,429.83
5176,1766,14,2,884.72,1769.44
5177,1766,31,3,1422.93,4268.79
5178,1766,7,1,3181.91,3181.91
5179,1766,28,2,1074.23,2148.46
5180,1767,27,2,514.43,1028.86
5181,1767,5,3,1193.52,3580.56
5182,1768,14,3,884.72,2654.16
5183,1768,24,3,753.86,2261.58
5184,1768,13,2,945.88,1891.76
5185,1768,17,1,119.37,119.37
5186,1768,23,1,929.31,929.31
5187,1769,33,3,1185.77,3557.31
5188,1769,11,3,772.38,2317.14
5189,1769,19,3,119.47,358.42
5190,1769,25,3,1379.46,4138.38
5191,1769,26,2,480.49,960.98
5192,1770,1,3,3485.59,10456.77
5193,1770,10,1,4184.44,4184.44
5194,1771,28,1,1074.23,1074.23
5195,1771,15,3,373.87,1121.61
5196,1771,17,1,119.37,119.37
5197,1771,21,3,1754.04,5262.12
5198,1772,1,2,3485.59,6971.18
5199,1772,35,1,907.85,907.85
5200,1773,30,1,511.45,511.45
5201,1774,31,2,1315.28,2630.56
5202,1774,30,3,511.45,1534.35
5203,1774,8,3,1725.85,5177.55
5204,1774,33,1,1148.55,1148.55
5205,1775,5,1,1193.52,1193.52
5206,1775,4,2,2922.41,5844.82
5207,1776,23,3,929.31,2787.93
5208,1777,28,1,1074.23,1074.23
5209,1778,28,2,1074.23,2148.46
5210,1778,23,2,929.31,1858.62
5211,1778,26,3,480.49,1441.47
5212,1779,13,2,782.24,1564.49
5213,1779,19,2,111.99,223.98
5214,1780,24,1,753.86,753.86
5215,1780,13,3,849.71,2549.12
5216,1780,30,3,511.45,1534.35
5217,1780,12,2,1296.48,2592.96
5218,1781,22,2,772.56,1545.12
5219,1782,3,2,3893.18,7786.36
5220,1782,7,1,3807.28,3807.28
5221,1782,5,1,1193.52,1193.52
5222,1783,14,2,884.72,1769.44
5223,1783,17,3,119.37,358.11
5224,1783,30,2,511.45,1022.9
5225,1783,22,1,772.56,772.56
5226,1783,15,1,373.87,373.87
5227,1784,25,2,1379.46,2758.92
5228,1784,16,2,42.47,84.94
5229,1784,33,3,1384.64,4153.92
5230,1785,6,3,2724.43,8173.28
5231,1785,32,2,1034.84,2069.68
5232,1786,22,2,608.65,1217.29
5233,1786,17,3,119.37,358.11
5234,1786,11,3,772.38,2317.14
5235,1786,32,1,1034.84,1034.84
5236,1786,9,3,3734.13,11202.39
5237,1787,6,2,3328.48,6656.96
5238,1787,2,1,1955.12,1955.12
5239,1787,22,1,772.56,772.56
5240,1788,16,2,42.47,84.94
5241,1788,21,1,1754.04,1754.04
5242,1789,4,1,3280.07,3280.07
5243,1790,16,3,32.36,97.07
5244,1790,5,3,1193.52,3580.56
5245,1790,29,1,1259.43,1259.43
5246,1790,34,1,507.59,507.59
5247,1790,8,2,1451.87,2903.74
5248,1791,15,1,373.87,373.87
5249,1792,28,2,823.68,1647.36
5250,1792,6,1,3328.48,3328.48
5251,1792,16,1,39.18,39.18
5252,1792,27,3,514.43,1543.29
5253,1793,20,3,61.02,183.06
5254,1793,30,1,450.19,450.19
5255,1793,17,3,119.37,358.11
5256,1793,1,3,3485.59,10456.77
5257,1793,23,1,768.93,768.93
5258,1794,33,3,1384.64,4153.92
5259,1794,19,3,146.82,440.46
5260,1794,9,1,4199.61,4199.61
5261,1794,7,2,3807.28,7614.56
5262,1794,8,2,1725.85,3451.7
5263,1795,28,2,1074.23,2148.46
5264,1795,31,1,1422.93,1422.93
5265,1795,7,3,3807.28,11421.84
5266,1795,33,1,1384.64,1384.64
5267,1796,2,3,1495.93,4487.8
5268,1796,6,1,3328.48,3328.48
5269,1796,26,1,480.49,480.49
5270,1797,1,2,3485.59,6971.18
5271,1797,13,2,794.48,1588.97
5272,1797,29,3,1259.43,3778.29
5273,1797,26,3,480.49,1441.47
5274,1797,6,3,2968.05,8904.15
5275,1798,35,3,907.85,2723.55
5276,1798,7,2,3371.18,6742.36
5277,1798,9,3,4199.61,12598.83
5278,1798,21,2,1754.04,3508.08
5279,1798,22,3,772.56,2317.68
5280,1799,2,2,1486.98,2973.95
5281,1799,21,2,1754.04,3508.08
5282,1799,5,3,1193.52,3580.56
5283,1799,19,3,115.31,345.94
5284,1799,8,3,1725.85,5177.55
5285,1800,6,1,3328.48,3328.48
5286,1800,35,2,907.85,1815.7
5287,1800,29,1,1032.36,1032.36
5288,1801,12,3,1597.94,4793.82
5289,1801,17,2,119.37,238.74
5290,1801,18,2,175.11,350.22
5291,1801,34,3,507.59,1522.77
5292,1801,29,1,1259.43,1259.43
5293,1802,10,2,4184.44,8368.88
5294,1803,32,2,827.0,1653.99
5295,1804,23,1,929.31,929.31
5296,1804,10,1,4184.44,4184.44
5297,1804,12,3,1597.94,4793.82
5298,1804,11,2,727.3,1454.59
5299,1804,15,2,373.87,747.74
5300,1805,25,1,1379.46,1379.46
5301,1805,28,3,1074.23,3222.69
5302,1806,2,3,1606.33,4818.98
5303,1806,21,2,1754.04,3508.08
5304,1806,32,3,1034.84,3104.52
5305,1807,17,2,119.37,238.74
5306,1807,4,2,3280.07,6560.14
5307,1807,25,2,1379.46,2758.92
5308,1807,35,1,907.85,907.85
5309,1808,35,1,907.85,907.85
5310,1808,27,2,514.43,1028.86
5311,1808,23,2,929.31,1858.62
5312,1808,33,1,1384.64,1384.64
5313,1809,11,2,772.38,1544.76
5314,1809,27,2,514.43,1028.86
5315,1809,32,1,804.97,804.97
5316,1809,14,2,884.72,1769.44
5317,1810,19,3,146.82,440.46
5318,1810,16,2,42.47,84.94
5319,1810,11,3,772.38,2317.14
5320,1810,27,3,514.43,1543.29
5321,1810,14,3,836.28,2508.83
5322,1811,3,2,3893.18,7786.36
5323,1811,12,1,1597.94,1597.94
5324,1811,35,1,826.67,826.67
5325,1812,29,3,1259.43,3778.29
5326,1812,15,3,373.87,1121.61
5327,1812,32,2,1034.84,2069.68
5328,1812,10,3,3504.7,10514.09
5329,1813,23,3,753.26,2259.78
5330,1813,8,1,1725.85,1725.85
5331,1813,3,2,3554.48,7108.96
5332,1814,15,2,373.87,747.74
5333,1814,5,3,1193.52,3580.56
5334,1814,9,3,4199.61,12598.83
5335,1815,13,1,774.33,774.33
5336,1815,6,3,2500.51,7501.54
5337,1815,7,1,3807.28,3807.28
5338,1816,28,1,1074.23,1074.23
5339,1816,25,2,1296.39,2592.77
5340,1817,23,2,929.31,1858.62
5341,1817,19,2,146.82,293.64
5342,1818,15,2,319.54,639.07
5343,1819,21,3,1398.02,4194.05
5344,1819,15,1,373.87,373.87
5345,1819,30,3,511.45,1534.35
5346,1820,17,1,119.37,119.37
5347,1820,25,2,1379.46,2758.92
5348,1820,7,2,3807.28,7614.56
5349,1820,9,3,3632.33,10896.98
5350,1821,2,1,1955.12,1955.12
5351,1821,33,3,1384.64,4153.92
5352,1821,17,1,98.57,98.57
5353,1821,34,1,507.59,507.59
5354,1822,16,2,42.47,84.94
5355,1822,2,1,1955.12,1955.12
5356,1822,22,1,772.56,772.56
5357,1822,5,3,1193.52,3580.56
5358,1823,27,1,514.43,514.43
5359,1823,29,1,1259.43,1259.43
5360,1824,34,2,507.59,1015.18
5361,1824,3,1,3893.18,3893.18
5362,1825,16,2,34.57,69.15
5363,1825,26,3,387.05,1161.15
5364,1825,20,1,61.02,61.02
5365,1826,29,1,1259.43,1259.43
5366,1826,25,1,1219.1,1219.1
5367,1826,30,3,456.7,1370.1
5368,1827,13,1,945.88,945.88
5369,1827,20,1,61.02,61.02
5370,1827,16,3,42.47,127.41
5371,1827,28,1,1074.23,1074.23
5372,1827,24,3,753.86,2261.58
5373,1828,10,2,4184.44,8368.88
5374,1828,8,2,1725.85,3451.7
5375,1828,30,2,511.45,1022.9
5376,1828,9,1,4199.61,4199.61
5377,1829,6,3,3096.85,9290.55
5378,1829,4,3,3280.07,9840.21
5379,1829,33,3,1384.64,4153.92
5380,1829,32,2,1034.84,2069.68
5381,1829,15,3,373.87,1121.61
5382,1830,23,1,929.31,929.31
5383,1831,19,1,131.43,131.43
5384,1831,23,1,699.18,699.18
5385,1831,6,1,2731.88,2731.88
5386,1831,24,3,753.86,2261.58
5387,1832,14,3,884.72,2654.16
5388,1833,21,2,1754.04,3508.08
5389,1833,33,2,1135.8,2271.6
5390,1834,18,3,175.11,525.33
5391,1834,27,3,514.43,1543.29
5392,1835,16,3,42.47,127.41
5393,1835,28,1,968.18,968.18
5394,1836,4,2,2955.63,5911.25
5395,1837,11,1,772.38,772.38
5396,1837,10,3,4184.44,12553.32
5397,1837,1,2,3485.59,6971.18
5398,1838,5,3,947.72,2843.15
5399,1838,25,2,1379.46,2758.92
5400,1839,31,1,1422.93,1422.93
5401,1840,20,1,53.65,53.65
5402,1840,32,1,1034.84,1034.84
5403,1840,28,3,1009.7,3029.1
5404,1840,31,2,1422.93,2845.86
5405,1840,12,2,1440.88,2881.76
5406,1841,35,3,907.85,2723.55
5407,1842,24,2,753.86,1507.72
5408,1842,6,2,3328.48,6656.96
5409,1842,8,2,1503.07,3006.14
5410,1842,17,2,119.37,238.74
5411,1842,20,1,61.02,61.02
5412,1843,29,3,1259.43,3778.29
5413,1843,8,3,1725.85,5177.55
5414,1844,23,1,808.18,808.18
5415,1844,26,2,480.49,960.98
5416,1845,24,2,634.08,1268.15
5417,1845,32,3,1034.84,3104.52
5418,1845,14,2,884.72,1769.44
5419,1846,19,1,146.82,146.82
5420,1846,25,2,1379.46,2758.92
5421,1847,1,3,2749.76,8249.27
5422,1847,19,2,146.82,293.64
5423,1848,24,1,753.86,753.86
5424,1849,27,2,514.43,1028.86
5425,1849,14,2,884.72,1769.44
5426,1849,17,3,119.37,358.11
5427,1849,31,3,1422.93,4268.79
5428,1849,2,1,1955.12,1955.12
5429,1850,35,3,907.85,2723.55
5430,1850,15,3,373.87,1121.61
5431,1850,32,3,1034.84,3104.52
5432,1851,10,3,4184.44,12553.32
5433,1851,8,2,1725.85,3451.7
5434,1852,5,1,1193.52,1193.52
5435,1852,3,3,3625.18,10875.55
5436,1852,17,3,119.37,358.11
5437,1853,34,1,427.75,427.75
5438,1854,22,3,772.56,2317.68
5439,1854,29,2,1259.43,2518.86
5440,1854,34,2,507.59,1015.18
5441,1854,17,1,119.37,119.37
5442,1855,8,2,1725.85,3451.7
5443,1856,34,3,386.73,1160.2
5444,1856,7,1,3807.28,3807.28
5445,1856,35,2,907.85,1815.7
5446,1857,7,1,3807.28,3807.28
5447,1857,27,1,514.43,514.43
5448,1858,12,3,1597.94,4793.82
5449,1858,27,2,514.43,1028.86
5450,1858,7,3,3179.87,9539.62
5451,1858,20,1,61.02,61.02
5452,1859,4,1,3280.07,3280.07
5453,1859,8,1,1725.85,1725.85
5454,1860,8,1,1725.85,1725.85
5455,1860,25,3,1056.41,3169.23
5456,1861,34,3,507.59,1522.77
5457,1861,22,1,772.56,772.56
5458,1861,18,3,153.84,461.53
5459,1861,3,2,3893.18,7786.36
5460,1861,20,2,61.02,122.04
5461,1862,8,2,1725.85,3451.7
5462,1862,10,3,4184.44,12553.32
5463,1863,22,2,641.19,1282.39
5464,1863,7,3,3192.29,9576.87
5465,1863,29,1,1259.43,1259.43
5466,1864,12,1,1344.83,1344.83
5467,1864,7,1,3807.28,3807.28
5468,1864,13,2,945.88,1891.76
5469,1864,26,1,480.49,480.49
5470,1865,21,2,1754.04,3508.08
5471,1866,26,3,480.49,1441.47
5472,1866,34,3,507.59,1522.77
5473,1866,22,2,772.56,1545.12
5474,1866,3,3,3893.18,11679.54
5475,1867,12,3,1363.54,4090.61
5476,1868,27,2,514.43,1028.86
5477,1869,31,2,1422.93,2845.86
5478,1869,13,1,945.88,945.88
5479,1869,28,1,1074.23,1074.23
5480,1869,29,1,1259.43,1259.43
5481,1869,2,1,1955.12,1955.12
5482,1870,7,1,3807.28,3807.28
5483,1870,34,1,458.39,458.39
5484,1870,15,2,373.87,747.74
5485,1871,20,2,61.02,122.04
5486,1872,11,3,772.38,2317.14
5487,1873,20,1,61.02,61.02
5488,1873,29,3,1259.43,3778.29
5489,1873,27,1,514.43,514.43
5490,1873,23,2,929.31,1858.62
5491,1873,6,1,3328.48,3328.48
5492,1874,23,1,929.31,929.31
5493,1874,13,2,945.88,1891.76
5494,1874,35,3,710.16,2130.49
5495,1874,5,1,1193.52,1193.52
5496,1875,25,3,1379.46,4138.38
5497,1875,5,1,1086.19,1086.19
5498,1876,12,3,1597.94,4793.82
5499,1876,3,1,3893.18,3893.18
5500,1877,12,1,1597.94,1597.94
5501,1877,11,1,772.38,772.38
5502,1877,23,1,929.31,929.31
5503,1877,15,3,373.87,1121.61
5504,1878,15,2,306.3,612.59
5505,1879,28,2,1074.23,2148.46
5506,1879,12,1,1597.94,1597.94
5507,1879,33,3,1384.64,4153.92
5508,1879,13,3,945.88,2837.64
5509,1880,7,2,3807.28,7614.56
5510,1880,34,2,507.59,1015.18
5511,1880,25,3,1379.46,4138.38
5512,1881,19,3,146.82,440.46
5513,1881,16,2,42.47,84.94
5514,1882,2,1,1955.12,1955.12
5515,1882,29,1,1259.43,1259.43
5516,1882,18,2,139.77,279.54
5517,1883,1,2,3485.59,6971.18
5518,1883,16,3,33.03,99.08
5519,1883,28,2,1074.23,2148.46
5520,1883,19,2,146.82,293.64
5521,1884,22,1,772.56,772.56
5522,1884,18,2,175.11,350.22
5523,1884,9,3,4199.61,12598.83
5524,1884,33,3,1384.64,4153.92
5525,1884,30,2,511.45,1022.9
5526,1885,7,3,2972.51,8917.53
5527,1885,30,3,511.45,1534.35
5528,1885,2,1,1480.66,1480.66
5529,1885,28,1,1074.23,1074.23
5530,1886,31,3,1422.93,4268.79
5531,1886,23,3,929.31,2787.93
5532,1886,27,3,514.43,1543.29
5533,1886,28,2,1074.23,2148.46
5534,1887,17,2,119.37,238.74
5535,1887,12,2,1597.94,3195.88
5536,1887,14,3,884.72,2654.16
5537,1888,21,2,1754.04,3508.08
5538,1888,2,3,1955.12,5865.36
5539,1888,22,1,772.56,772.56
5540,1889,12,2,1597.94,3195.88
5541,1889,28,3,1074.23,3222.69
5542,1889,5,2,1193.52,2387.04
5543,1890,22,3,772.56,2317.68
5544,1890,4,3,3280.07,9840.21
5545,1891,25,3,1379.46,4138.38
5546,1891,20,1,61.02,61.02
5547,1892,16,3,42.47,127.41
5548,1892,27,2,514.43,1028.86
5549,1892,4,1,2565.08,2565.08
5550,1893,29,3,1259.43,3778.29
5551,1893,25,3,1379.46,4138.38
5552,1894,24,3,753.86,2261.58
5553,1894,10,2,3794.25,7588.51
5554,1894,32,2,1034.84,2069.68
5555,1894,30,1,511.45,511.45
5556,1894,23,3,929.31,2787.93
5557,1895,17,3,119.37,358.11
5558,1895,26,2,480.49,960.98
5559,1896,5,2,1193.52,2387.04
5560,1896,10,1,4184.44,4184.44
5561,1896,13,3,945.88,2837.64
5562,1896,15,2,373.87,747.74
5563,1896,24,1,753.86,753.86
5564,1897,30,1,511.45,511.45
5565,1897,28,2,1074.23,2148.46
5566,1897,12,2,1597.94,3195.88
5567,1897,27,3,514.43,1543.29
5568,1898,32,3,1034.84,3104.52
5569,1898,24,1,753.86,753.86
5570,1898,18,3,175.11,525.33
5571,1899,30,2,511.45,1022.9
5572,1899,17,2,119.37,238.74
5573,1899,2,2,1516.34,3032.69
5574,1899,16,1,42.47,42.47
5575,1900,20,3,61.02,183.06
5576,1901,31,3,1422.93,4268.79
5577,1901,14,1,884.72,884.72
5578,1901,4,1,3280.07,3280.07
5579,1902,26,1,480.49,480.49
5580,1902,23,2,929.31,1858.62
5581,1902,33,2,1384.64,2769.28
5582,1903,24,1,753.86,753.86
5583,1903,16,1,42.47,42.47
5584,1903,22,2,772.56,1545.12
5585,1903,12,3,1597.94,4793.82
5586,1904,17,2,89.54,179.08
5587,1905,20,2,50.65,101.29
5588,1905,24,3,753.86,2261.58
5589,1906,6,3,2571.76,7715.29
5590,1907,18,2,175.11,350.22
5591,1907,26,2,480.49,960.98
5592,1907,28,1,1074.23,1074.23
5593,1907,5,3,1193.52,3580.56
5594,1908,27,3,514.43,1543.29
5595,1908,26,3,480.49,1441.47
5596,1908,25,1,1379.46,1379.46
5597,1908,10,2,4184.44,8368.88
5598,1909,5,3,965.71,2897.12
5599,1909,18,2,175.11,350.22
5600,1909,11,2,772.38,1544.76
5601,1909,15,2,373.87,747.74
5602,1909,1,2,3485.59,6971.18
5603,1910,5,1,1193.52,1193.52
5604,1910,17,1,119.37,119.37
5605,1911,32,1,1034.84,1034.84
5606,1911,20,3,61.02,183.06
5607,1911,29,2,1259.43,2518.86
5608,1912,20,2,61.02,122.04
5609,1912,9,2,3208.48,6416.97
5610,1912,1,3,3485.59,10456.77
5611,1912,13,1,945.88,945.88
5612,1913,6,2,3328.48,6656.96
5613,1913,35,2,907.85,1815.7
5614,1913,27,1,514.43,514.43
5615,1914,33,3,1276.26,3828.79
5616,1915,21,1,1754.04,1754.04
5617,1915,35,3,907.85,2723.55
5618,1915,6,2,3328.48,6656.96
5619,1915,23,3,780.55,2341.65
5620,1916,4,3,3280.07,9840.21
5621,1916,34,2,507.59,1015.18
5622,1916,20,3,61.02,183.06
5623,1916,5,1,1193.52,1193.52
5624,1916,11,2,772.38,1544.76
5625,1917,15,2,373.87,747.74
5626,1918,4,1,3280.07,3280.07
5627,1919,17,3,119.37,358.11
5628,1919,9,1,4199.61,4199.61
5629,1920,30,3,511.45,1534.35
5630,1920,16,1,35.97,35.97
5631,1920,4,1,3280.07,3280.07
5632,1921,19,3,146.82,440.46
5633,1922,24,1,753.86,753.86
5634,1922,13,1,745.64,745.64
5635,1922,4,2,2826.8,5653.59
5636,1923,24,2,753.86,1507.72
5637,1923,20,3,61.02,183.06
5638,1923,21,3,1754.04,5262.12
5639,1923,30,2,511.45,1022.9
5640,1924,10,2,4184.44,8368.88
5641,1925,27,2,514.43,1028.86
5642,1926,25,3,1379.46,4138.38
5643,1927,9,3,3297.34,9892.03
5644,1927,11,1,720.83,720.83
5645,1927,17,2,119.37,238.74
5646,1927,8,3,1725.85,5177.55
5647,1927,26,3,480.49,1441.47
5648,1928,34,1,507.59,507.59
5649,1929,23,3,929.31,2787.93
5650,1930,30,3,511.45,1534.35
5651,1930,4,1,2486.19,2486.19
5652,1931,22,2,772.56,1545.12
5653,1931,32,3,1034.84,3104.52
5654,1931,9,1,3695.95,3695.95
5655,1932,22,3,772.56,2317.68
5656,1933,34,1,507.59,507.59
5657,1933,26,1,480.49,480.49
5658,1934,17,2,119.37,238.74
5659,1934,1,2,3485.59,6971.18
5660,1935,22,1,772.56,772.56
5661,1935,3,3,3893.18,11679.54
5662,1935,2,2,1955.12,3910.24
5663,1935,17,3,119.37,358.11
5664,1936,23,1,929.31,929.31
5665,1936,28,2,1074.23,2148.46
5666,1936,9,3,4199.61,12598.83
5667,1937,16,2,42.47,84.94
5668,1937,5,1,1193.52,1193.52
5669,1937,14,1,884.72,884.72
5670,1937,25,1,1379.46,1379.46
5671,1937,4,1,3280.07,3280.07
5672,1938,18,3,154.82,464.47
5673,1938,29,3,1259.43,3778.29
5674,1938,6,3,3328.48,9985.44
5675,1938,1,2,3485.59,6971.18
5676,1938,14,3,713.39,2140.18
5677,1939,17,2,119.37,238.74
5678,1940,20,1,61.02,61.02
5679,1940,29,3,1259.43,3778.29
5680,1941,22,3,772.56,2317.68
5681,1942,17,2,119.37,238.74
5682,1942,33,3,1068.69,3206.06
5683,1942,34,2,507.59,1015.18
5684,1942,26,3,480.49,1441.47
5685,1942,27,1,514.43,514.43
5686,1943,8,3,1725.85,5177.55
5687,1944,33,3,1384.64,4153.92
5688,1944,22,2,772.56,1545.12
5689,1944,28,2,1074.23,2148.46
5690,1944,35,3,690.13,2070.39
5691,1945,31,3,1422.93,4268.79
5692,1945,18,2,175.11,350.22
5693,1946,23,1,929.31,929.31
5694,1946,13,2,945.88,1891.76
5695,1947,33,2,1384.64,2769.28
5696,1947,32,2,1034.84,2069.68
5697,1948,34,2,507.59,1015.18
5698,1948,25,1,1379.46,1379.46
5699,1948,11,3,638.43,1915.3
5700,1949,18,2,175.11,350.22
5701,1949,27,1,514.43,514.43
5702,1950,26,2,480.49,960.98
5703,1951,4,3,3280.07,9840.21
5704,1952,26,1,480.49,480.49
5705,1953,12,1,1428.31,1428.31
5706,1953,18,3,175.11,525.33
5707,1954,11,3,772.38,2317.14
5708,1954,31,2,1422.93,2845.86
5709,1954,25,3,1287.64,3862.92
5710,1954,27,3,514.43,1543.29
5711,1954,4,1,3280.07,3280.07
5712,1955,1,1,3485.59,3485.59
5713,1955,5,1,1193.52,1193.52
5714,1955,22,3,772.56,2317.68
5715,1956,21,2,1754.04,3508.08
5716,1956,17,2,119.37,238.74
5717,1956,18,1,175.11,175.11
5718,1957,26,1,424.49,424.49
5719,1957,9,1,4199.61,4199.61
5720,1957,32,3,1034.84,3104.52
5721,1958,34,2,507.59,1015.18
5722,1958,23,3,929.31,2787.93
5723,1959,6,2,3328.48,6656.96
5724,1959,23,3,929.31,2787.93
5725,1960,30,1,511.45,511.45
5726,1960,22,2,693.79,1387.57
5727,1960,21,3,1754.04,5262.12
5728,1960,9,2,4199.61,8399.22
5729,1961,29,3,1259.43,3778.29
5730,1962,6,1,3328.48,3328.48
5731,1962,7,2,3807.28,7614.56
5732,1962,33,1,1384.64,1384.64
5733,1963,11,3,592.01,1776.02
5734,1963,22,3,772.56,2317.68
5735,1963,14,3,884.72,2654.16
5736,1964,31,2,1422.93,2845.86
5737,1964,18,2,175.11,350.22
5738,1964,29,3,1259.43,3778.29
5739,1965,17,1,119.37,119.37
5740,1965,14,2,884.72,1769.44
5741,1965,20,3,61.02,183.06
5742,1966,10,3,4184.44,12553.32
5743,1966,1,3,3485.59,10456.77
5744,1967,20,2,61.02,122.04
5745,1967,8,3,1725.85,5177.55
5746,1968,8,2,1725.85,3451.7
5747,1969,17,3,119.37,358.11
5748,1969,16,3,42.47,127.41
5749,1969,5,1,1193.52,1193.52
5750,1970,26,1,480.49,480.49
5751,1970,17,3,119.37,358.11
5752,1970,7,3,3807.28,11421.84
5753,1971,30,1,511.45,511.45
5754,1971,14,1,884.72,884.72
5755,1971,21,2,1754.04,3508.08
5756,1972,20,3,61.02,183.06
5757,1972,32,1,797.26,797.26
5758,1972,24,3,753.86,2261.58
5759,1972,33,2,1384.64,2769.28
5760,1972,7,1,3807.28,3807.28
5761,1973,29,1,1259.43,1259.43
5762,1973,1,2,3485.59,6971.18
5763,1973,20,3,61.02,183.06
5764,1974,32,3,1034.84,3104.52
5765,1974,16,2,42.47,84.94
5766,1974,19,1,146.82,146.82
5767,1974,8,1,1725.85,1725.85
5768,1975,3,1,3893.18,3893.18
5769,1975,8,2,1612.69,3225.38
5770,1975,30,2,511.45,1022.9
5771,1975,2,1,1955.12,1955.12
5772,1976,25,2,1379.46,2758.92
5773,1977,35,2,907.85,1815.7
5774,1977,28,1,1074.23,1074.23
5775,1977,12,3,1278.59,3835.76
5776,1977,34,2,507.59,1015.18
5777,1978,28,1,1074.23,1074.23
5778,1978,29,2,1259.43,2518.86
5779,1978,26,2,480.49,960.98
5780,1978,16,2,42.47,84.94
5781,1978,23,3,929.31,2787.93
5782,1979,35,2,907.85,1815.7
5783,1979,14,1,884.72,884.72
5784,1980,1,3,3485.59,10456.77
5785,1980,5,2,982.21,1964.41
5786,1980,18,3,175.11,525.33
5787,1980,13,2,945.88,1891.76
5788,1980,4,1,3280.07,3280.07
5789,1981,18,3,175.11,525.33
5790,1982,15,2,373.87,747.74
5791,1982,24,3,588.04,1764.12
5792,1982,28,1,1074.23,1074.23
5793,1982,10,3,4184.44,12553.32
5794,1983,5,3,1193.52,3580.56
5795,1983,10,3,3297.13,9891.39
5796,1983,33,3,1261.1,3783.29
5797,1984,21,2,1628.38,3256.76
5798,1984,11,2,772.38,1544.76
5799,1985,20,3,61.02,183.06
5800,1985,26,2,480.49,960.98
5801,1985,21,3,1754.04,5262.12
5802,1985,29,2,1259.43,2518.86
5803,1985,17,2,119.37,238.74
5804,1986,35,3,907.85,2723.55
5805,1987,29,3,1259.43,3778.29
5806,1987,13,1,945.88,945.88
5807,1987,33,3,1384.64,4153.92
5808,1987,2,1,1955.12,1955.12
5809,1988,33,2,1384.64,2769.28
5810,1988,20,1,61.02,61.02
5811,1988,7,3,3595.67,10787.01
5812,1988,35,1,907.85,907.85
5813,1989,18,1,160.44,160.44
5814,1989,4,1,3280.07,3280.07
5815,1989,7,1,3229.98,3229.98
5816,1990,31,3,1422.93,4268.79
5817,1990,3,2,3275.36,6550.72
5818,1990,1,2,3485.59,6971.18
5819,1990,27,3,514.43,1543.29
5820,1991,5,2,1066.54,2133.09
5821,1991,27,3,514.43,1543.29
5822,1991,12,2,1597.94,3195.88
5823,1991,7,3,3807.28,11421.84
5824,1992,3,3,3040.61,9121.84
5825,1992,15,3,373.87,1121.61
5826,1993,20,1,61.02,61.02
5827,1993,7,3,3807.28,11421.84
5828,1993,6,3,3328.48,9985.44
5829,1993,26,2,480.49,960.98
5830,1994,1,2,3485.59,6971.18
5831,1994,15,1,373.87,373.87
5832,1994,20,3,61.02,183.06
5833,1994,9,1,3931.55,3931.55
5834,1995,13,2,945.88,1891.76
5835,1996,18,1,157.64,157.64
5836,1996,12,2,1597.94,3195.88
5837,1996,8,2,1725.85,3451.7
5838,1996,22,2,772.56,1545.12
5839,1997,2,3,1519.19,4557.57
5840,1997,33,3,1384.64,4153.92
5841,1997,30,2,511.45,1022.9
5842,1997,24,3,753.86,2261.58
5843,1997,18,1,175.11,175.11
5844,1998,29,1,1259.43,1259.43
5845,1998,16,2,42.47,84.94
5846,1998,21,2,1754.04,3508.08
5847,1999,6,1,3328.48,3328.48
5848,1999,20,1,51.34,51.34
5849,2000,33,1,1384.64,1384.64
5850,2000,31,3,1422.93,4268.79
5851,2000,1,2,3485.59,6971.18
5852,2001,3,2,3893.18,7786.36
5853,2001,23,1,929.31,929.31
5854,2002,1,2,3485.59,6971.18
5855,2002,22,1,772.56,772.56
5856,2002,6,3,3328.48,9985.44
5857,2002,26,2,480.49,960.98
5858,2003,30,2,511.45,1022.9
5859,2004,25,2,1379.46,2758.92
5860,2005,6,1,3011.74,3011.74
5861,2005,31,2,1422.93,2845.86
5862,2006,17,2,119.37,238.74
5863,2006,22,3,772.56,2317.68
5864,2006,8,3,1725.85,5177.55
5865,2006,1,2,3485.59,6971.18
5866,2007,25,2,1296.29,2592.58
5867,2007,2,3,1955.12,5865.36
5868,2007,22,3,772.56,2317.68
5869,2008,8,3,1725.85,5177.55
5870,2008,7,2,3807.28,7614.56
5871,2008,4,2,3280.07,6560.14
5872,2008,31,3,1422.93,4268.79
5873,2009,30,2,511.45,1022.9
5874,2009,10,2,4184.44,8368.88
5875,2009,11,3,702.37,2107.11
5876,2009,25,1,1379.46,1379.46
5877,2009,14,2,884.72,1769.44
5878,2010,25,1,1379.46,1379.46
5879,2010,12,2,1597.94,3195.88
5880,2010,27,2,409.74,819.48
5881,2010,5,2,1193.52,2387.04
5882,2011,30,3,511.45,1534.35
5883,2011,3,2,3525.02,7050.05
5884,2011,14,2,884.72,1769.44
5885,2012,4,2,3280.07,6560.14
5886,2013,12,3,1597.94,4793.82
5887,2013,3,2,3893.18,7786.36
5888,2013,27,1,391.83,391.83
5889,2013,35,1,836.48,836.48
5890,2014,2,3,1955.12,5865.36
5891,2014,26,1,480.49,480.49
5892,2014,25,2,1379.46,2758.92
5893,2014,17,1,119.37,119.37
5894,2015,20,1,61.02,61.02
5895,2015,6,1,3328.48,3328.48
5896,2016,17,3,119.37,358.11
5897,2016,34,2,507.59,1015.18
5898,2016,22,1,772.56,772.56
5899,2016,19,3,146.82,440.46
5900,2017,23,3,929.31,2787.93
5901,2017,20,2,61.02,122.04
5902,2017,10,2,4184.44,8368.88
5903,2018,31,3,1422.93,4268.79
5904,2019,35,1,907.85,907.85
5905,2019,26,3,480.49,1441.47
5906,2019,2,1,1510.25,1510.25
5907,2019,12,2,1230.63,2461.25
5908,2020,14,3,884.72,2654.16
5909,2020,9,2,3245.84,6491.68
5910,2020,35,2,907.85,1815.7
5911,2020,31,3,1123.71,3371.12
5912,2021,12,2,1597.94,3195.88
5913,2021,8,2,1572.35,3144.71
5914,2021,31,1,1422.93,1422.93
5915,2021,26,3,456.03,1368.1
5916,2022,34,2,507.59,1015.18
5917,2022,32,1,978.71,978.71
5918,2023,6,3,3328.48,9985.44
5919,2024,5,3,1193.52,3580.56
5920,2024,26,1,480.49,480.49
5921,2024,18,3,135.94,407.82
5922,2025,21,1,1754.04,1754.04
5923,2025,2,3,1955.12,5865.36
5924,2025,7,2,3807.28,7614.56
5925,2025,23,1,929.31,929.31
5926,2026,22,3,772.56,2317.68
5927,2026,19,3,146.82,440.46
5928,2026,35,1,907.85,907.85
5929,2026,13,3,945.88,2837.64
5930,2026,1,2,3485.59,6971.18
5931,2027,17,2,119.37,238.74
5932,2028,32,2,1034.84,2069.68
5933,2028,5,1,1193.52,1193.52
5934,2028,18,2,153.57,307.14
5935,2028,35,3,783.97,2351.9
5936,2029,9,2,3879.86,7759.71
5937,2030,9,3,3514.99,10544.96
5938,2030,16,1,42.47,42.47
5939,2030,15,3,373.87,1121.61
5940,2031,11,2,772.38,1544.76
5941,2031,7,1,3807.28,3807.28
5942,2031,22,1,772.56,772.56
5943,2031,35,3,907.85,2723.55
5944,2031,24,2,753.86,1507.72
5945,2032,22,2,772.56,1545.12
5946,2032,30,2,511.45,1022.9
5947,2032,20,2,61.02,122.04
5948,2032,8,3,1725.85,5177.55
5949,2033,34,3,507.59,1522.77
5950,2034,31,2,1137.92,2275.84
5951,2034,29,2,1119.45,2238.91
5952,2034,16,3,42.47,127.41
5953,2034,28,2,1074.23,2148.46
5954,2034,30,2,511.45,1022.9
5955,2035,22,2,772.56,1545.12
5956,2036,3,3,3893.18,11679.54
5957,2036,11,3,772.38,2317.14
5958,2036,4,2,3280.07,6560.14
5959,2036,15,2,373.87,747.74
5960,2036,18,3,164.61,493.83
5961,2037,23,1,929.31,929.31
5962,2037,31,1,1422.93,1422.93
5963,2037,15,3,373.87,1121.61
5964,2037,27,3,514.43,1543.29
5965,2038,15,2,373.87,747.74
5966,2039,18,3,175.11,525.33
5967,2040,30,1,511.45,511.45
5968,2040,16,1,42.47,42.47
5969,2041,17,2,119.37,238.74
5970,2042,1,3,3125.95,9377.85
5971,2043,34,2,423.82,847.63
5972,2043,18,3,175.11,525.33
5973,2043,29,3,1259.43,3778.29
5974,2044,31,3,1303.74,3911.23
5975,2044,6,2,3328.48,6656.96
5976,2044,23,1,929.31,929.31
5977,2044,16,2,42.47,84.94
5978,2045,13,1,945.88,945.88
5979,2046,28,2,1074.23,2148.46
5980,2047,20,3,61.02,183.06
5981,2047,10,3,4184.44,12553.32
5982,2047,29,2,1259.43,2518.86
5983,2048,12,2,1597.94,3195.88
5984,2048,16,3,34.36,103.07
5985,2048,8,1,1725.85,1725.85
5986,2049,15,1,373.87,373.87
5987,2049,13,2,945.88,1891.76
5988,2049,20,2,61.02,122.04
5989,2050,12,3,1597.94,4793.82
5990,2050,33,2,1384.64,2769.28
5991,2050,31,1,1422.93,1422.93
5992,2051,2,1,1955.12,1955.12
5993,2051,31,1,1422.93,1422.93
5994,2052,28,1,1074.23,1074.23
5995,2052,20,1,61.02,61.02
5996,2053,35,1,907.85,907.85
5997,2053,24,2,578.08,1156.16
5998,2053,13,2,851.57,1703.14
5999,2053,30,1,511.45,511.45
6000,2053,11,1,772.38,772.38
6001,2054,35,3,907.85,2723.55
6002,2054,32,2,1034.84,2069.68
6003,2054,4,3,3016.43,9049.28
6004,2055,20,2,61.02,122.04
6005,2055,5,1,1078.33,1078.33
6006,2055,6,1,3328.48,3328.48
6007,2055,11,3,719.68,2159.05
6008,2056,15,1,373.87,373.87
6009,2056,20,2,49.52,99.05
6010,2056,17,2,119.37,238.74
6011,2057,28,3,1074.23,3222.69
6012,2057,15,2,373.87,747.74
6013,2057,12,1,1597.94,1597.94
6014,2057,33,2,1201.72,2403.45
6015,2058,24,1,753.86,753.86
6016,2058,28,1,1074.23,1074.23
6017,2058,16,1,42.47,42.47
6018,2058,21,2,1556.05,3112.09
6019,2058,9,3,4199.61,12598.83
6020,2059,29,1,1259.43,1259.43
6021,2059,30,3,511.45,1534.35
6022,2059,5,1,1193.52,1193.52
6023,2059,20,3,48.63,145.88
6024,2060,27,3,514.43,1543.29
6025,2060,7,1,3807.28,3807.28
6026,2060,4,3,3280.07,9840.21
6027,2061,3,2,3893.18,7786.36
6028,2061,18,2,175.11,350.22
6029,2062,31,3,1422.93,4268.79
6030,2062,35,2,907.85,1815.7
6031,2062,23,1,929.31,929.31
6032,2062,6,3,2768.49,8305.47
6033,2062,34,2,507.59,1015.18
6034,2063,34,1,507.59,507.59
6035,2063,3,1,3893.18,3893.18
6036,2064,8,2,1725.85,3451.7
6037,2064,19,2,146.82,293.64
6038,2064,29,2,1259.43,2518.86
6039,2064,10,3,4184.44,12553.32
6040,2064,13,1,945.88,945.88
6041,2065,29,2,1259.43,2518.86
6042,2065,34,3,507.59,1522.77
6043,2065,24,2,753.86,1507.72
6044,2065,7,1,3807.28,3807.28
6045,2065,17,2,119.37,238.74
6046,2066,27,2,514.43,1028.86
6047,2066,29,1,1259.43,1259.43
6048,2066,24,2,753.86,1507.72
6049,2066,5,2,1193.52,2387.04
6050,2066,22,2,772.56,1545.12
6051,2067,33,1,1384.64,1384.64
6052,2068,2,1,1955.12,1955.12
6053,2068,3,2,3893.18,7786.36
6054,2069,31,1,1422.93,1422.93
6055,2069,16,3,42.47,127.41
6056,2069,2,1,1955.12,1955.12
6057,2069,13,1,945.88,945.88
6058,2070,10,3,3176.88,9530.64
6059,2070,1,2,3485.59,6971.18
6060,2070,7,1,3807.28,3807.28
6061,2070,17,2,119.37,238.74
6062,2071,14,3,884.72,2654.16
6063,2071,32,1,1034.84,1034.84
6064,2071,26,1,480.49,480.49
6065,2071,30,1,511.45,511.45
6066,2071,16,2,42.47,84.94
6067,2072,6,3,3328.48,9985.44
6068,2072,19,1,146.82,146.82
6069,2072,15,2,373.87,747.74
6070,2072,21,3,1754.04,5262.12
6071,2072,11,2,772.38,1544.76
6072,2073,27,3,514.43,1543.29
6073,2073,25,3,1282.96,3848.88
6074,2073,10,3,4184.44,12553.32
6075,2074,21,1,1653.23,1653.23
6076,2074,26,1,480.49,480.49
6077,2074,4,2,2865.31,5730.62
6078,2074,1,2,3485.59,6971.18
6079,2075,24,3,753.86,2261.58
6080,2076,11,2,772.38,1544.76
6081,2076,33,1,1384.64,1384.64
6082,2076,1,1,3485.59,3485.59
6083,2076,22,1,772.56,772.56
6084,2076,5,2,1193.52,2387.04
6085,2077,3,2,3394.15,6788.29
6086,2077,25,2,1379.46,2758.92
6087,2077,13,2,945.88,1891.76
6088,2077,27,1,472.24,472.24
6089,2077,6,2,3328.48,6656.96
6090,2078,13,1,945.88,945.88
6091,2078,5,2,1193.52,2387.04
6092,2078,16,1,42.47,42.47
6093,2078,30,1,511.45,511.45
6094,2079,8,1,1725.85,1725.85
6095,2079,17,1,119.37,119.37
6096,2079,16,1,42.47,42.47
6097,2079,27,3,514.43,1543.29
6098,2080,9,3,4199.61,12598.83
6099,2080,21,3,1754.04,5262.12
6100,2080,25,1,1379.46,1379.46
6101,2080,10,1,4184.44,4184.44
6102,2080,20,1,61.02,61.02
6103,2081,7,2,2868.2,5736.39
6104,2082,11,3,598.77,1796.31
6105,2082,21,3,1556.95,4670.85
6106,2083,18,2,175.11,350.22
6107,2083,4,3,3280.07,9840.21
6108,2083,25,1,1255.88,1255.88
6109,2083,30,2,511.45,1022.9
6110,2083,7,2,3807.28,7614.56
6111,2084,10,2,4184.44,8368.88
6112,2084,30,2,511.45,1022.9
6113,2085,2,2,1955.12,3910.24
6114,2085,15,3,373.87,1121.61
6115,2085,14,3,884.72,2654.16
6116,2086,16,3,42.47,127.41
6117,2086,7,3,3807.28,11421.84
6118,2087,20,1,61.02,61.02
6119,2087,5,2,1193.52,2387.04
6120,2087,1,2,3485.59,6971.18
6121,2087,25,1,1379.46,1379.46
6122,2088,16,3,42.47,127.41
6123,2088,6,3,3328.48,9985.44
6124,2088,3,2,3893.18,7786.36
6125,2088,2,1,1955.12,1955.12
6126,2089,2,2,1955.12,3910.24
6127,2089,4,3,3280.07,9840.21
6128,2089,18,3,175.11,525.33
6129,2090,34,2,416.26,832.52
6130,2090,18,2,175.11,350.22
6131,2090,33,1,1384.64,1384.64
6132,2090,17,2,119.37,238.74
6133,2090,5,1,1193.52,1193.52
6134,2091,31,3,1422.93,4268.79
6135,2091,21,3,1595.48,4786.44
6136,2092,8,1,1725.85,1725.85
6137,2093,18,3,134.07,402.2
6138,2094,22,2,772.56,1545.12
6139,2094,28,1,1074.23,1074.23
6140,2094,29,3,1259.43,3778.29
6141,2095,24,3,753.86,2261.58
6142,2095,11,2,772.38,1544.76
6143,2095,15,1,373.87,373.87
6144,2096,4,2,3280.07,6560.14
6145,2097,23,3,929.31,2787.93
6146,2097,14,3,884.72,2654.16
6147,2097,25,1,1185.11,1185.11
6148,2097,8,3,1725.85,5177.55
6149,2098,18,2,175.11,350.22
6150,2098,33,1,1384.64,1384.64
6151,2099,22,3,772.56,2317.68
6152,2099,16,3,42.47,127.41
6153,2099,10,1,4184.44,4184.44
6154,2099,31,1,1422.93,1422.93
6155,2100,8,3,1725.85,5177.55
6156,2100,31,1,1422.93,1422.93
6157,2101,31,1,1422.93,1422.93
6158,2102,25,1,1379.46,1379.46
6159,2103,17,2,119.37,238.74
6160,2103,26,3,480.49,1441.47
6161,2103,20,3,61.02,183.06
6162,2104,24,1,753.86,753.86
6163,2104,32,1,1034.84,1034.84
6164,2104,1,1,3485.59,3485.59
6165,2105,26,1,480.49,480.49
6166,2105,10,3,3955.26,11865.77
6167,2105,24,1,753.86,753.86
6168,2105,21,1,1432.42,1432.42
6169,2106,6,2,3328.48,6656.96
6170,2107,13,1,945.88,945.88
6171,2107,17,1,97.34,97.34
6172,2107,33,3,1384.64,4153.92
6173,2107,6,3,3328.48,9985.44
6174,2108,4,1,3280.07,3280.07
6175,2108,26,1,431.12,431.12
6176,2108,31,2,1422.93,2845.86
6177,2108,9,2,4199.61,8399.22
6178,2109,27,2,514.43,1028.86
6179,2109,24,1,753.86,753.86
6180,2110,9,3,4199.61,12598.83
6181,2110,2,2,1955.12,3910.24
6182,2110,27,1,514.43,514.43
6183,2110,14,1,884.72,884.72
6184,2110,6,3,3328.48,9985.44
6185,2111,17,2,119.37,238.74
6186,2111,8,2,1725.85,3451.7
6187,2111,28,3,1074.23,3222.69
6188,2111,16,2,42.47,84.94
6189,2112,10,3,4184.44,12553.32
6190,2112,15,3,373.87,1121.61
6191,2113,35,3,907.85,2723.55
6192,2113,10,2,4184.44,8368.88
6193,2114,30,3,511.45,1534.35
6194,2114,17,3,119.37,358.11
6195,2115,12,2,1597.94,3195.88
6196,2115,27,3,514.43,1543.29
6197,2115,17,1,119.37,119.37
6198,2116,28,1,1074.23,1074.23
6199,2116,33,2,1384.64,2769.28
6200,2116,8,3,1725.85,5177.55
6201,2116,5,1,1193.52,1193.52
6202,2116,20,2,61.02,122.04
6203,2117,4,2,3280.07,6560.14
6204,2117,25,3,1056.03,3168.1
6205,2117,11,3,710.29,2130.87
6206,2118,30,1,511.45,511.45
6207,2118,11,3,772.38,2317.14
6208,2119,21,2,1386.99,2773.98
6209,2119,33,1,1384.64,1384.64
6210,2120,30,3,511.45,1534.35
6211,2120,13,2,945.88,1891.76
6212,2121,17,2,119.37,238.74
6213,2121,29,1,1026.33,1026.33
6214,2122,28,2,986.08,1972.15
6215,2122,10,3,4184.44,12553.32
6216,2122,23,1,929.31,929.31
6217,2122,26,1,480.49,480.49
6218,2122,30,3,445.17,1335.52
6219,2123,10,2,4184.44,8368.88
6220,2123,11,1,772.38,772.38
6221,2123,17,1,119.37,119.37
6222,2123,9,3,4199.61,12598.83
6223,2123,33,3,1384.64,4153.92
6224,2124,23,1,857.99,857.99
6225,2124,19,1,146.82,146.82
6226,2124,35,1,907.85,907.85
6227,2124,10,1,4184.44,4184.44
6228,2125,32,1,1034.84,1034.84
6229,2125,28,2,886.3,1772.61
6230,2126,2,1,1955.12,1955.12
6231,2127,20,3,61.02,183.06
6232,2128,14,1,884.72,884.72
6233,2128,4,1,3280.07,3280.07
6234,2129,10,3,4184.44,12553.32
6235,2130,18,3,175.11,525.33
6236,2130,10,2,4184.44,8368.88
6237,2131,10,1,3272.04,3272.04
6238,2131,2,2,1955.12,3910.24
6239,2131,8,3,1725.85,5177.55
6240,2131,27,3,514.43,1543.29
6241,2131,26,1,480.49,480.49
6242,2132,5,1,1193.52,1193.52
6243,2132,2,2,1955.12,3910.24
6244,2132,25,1,1159.69,1159.69
6245,2133,22,3,772.56,2317.68
6246,2134,27,2,451.81,903.61
6247,2134,11,2,772.38,1544.76
6248,2134,34,3,507.59,1522.77
6249,2134,1,2,3485.59,6971.18
6250,2134,9,3,4199.61,12598.83
6251,2135,22,1,772.56,772.56
6252,2135,24,3,616.56,1849.67
6253,2136,13,2,945.88,1891.76
6254,2136,30,3,414.33,1243.0
6255,2136,29,3,1259.43,3778.29
6256,2136,20,2,53.82,107.64
6257,2136,16,3,37.25,111.76
6258,2137,11,3,772.38,2317.14
6259,2137,21,1,1754.04,1754.04
6260,2137,33,3,1384.64,4153.92
6261,2138,6,2,3328.48,6656.96
6262,2138,29,1,1259.43,1259.43
6263,2139,35,3,907.85,2723.55
6264,2139,33,2,1164.88,2329.76
6265,2139,1,1,3485.59,3485.59
6266,2140,12,2,1597.94,3195.88
6267,2140,15,2,373.87,747.74
6268,2141,12,3,1597.94,4793.82
6269,2141,3,3,3893.18,11679.54
6270,2141,21,2,1754.04,3508.08
6271,2142,29,1,1259.43,1259.43
6272,2142,15,2,373.87,747.74
6273,2143,21,2,1466.38,2932.76
6274,2143,7,2,3807.28,7614.56
6275,2143,6,3,3328.48,9985.44
6276,2144,23,3,929.31,2787.93
6277,2145,13,3,945.88,2837.64
6278,2145,25,2,1057.93,2115.86
6279,2146,9,3,4199.61,12598.83
6280,2147,18,3,175.11,525.33
6281,2147,25,3,1379.46,4138.38
6282,2147,7,3,3807.28,11421.84
6283,2147,8,3,1603.27,4809.81
6284,2148,15,1,373.87,373.87
6285,2149,33,3,1384.64,4153.92
6286,2149,24,3,753.86,2261.58
6287,2150,35,2,907.85,1815.7
6288,2151,4,3,2960.45,8881.36
6289,2151,1,3,3485.59,10456.77
6290,2152,30,2,387.37,774.74
6291,2152,17,2,119.37,238.74
6292,2152,20,1,61.02,61.02
6293,2153,19,2,146.82,293.64
6294,2153,15,3,325.94,977.82
6295,2153,20,3,61.02,183.06
6296,2154,22,3,772.56,2317.68
6297,2154,4,2,3280.07,6560.14
6298,2154,30,1,511.45,511.45
6299,2154,28,2,1074.23,2148.46
6300,2154,24,3,753.86,2261.58
6301,2155,20,2,61.02,122.04
6302,2155,14,1,884.72,884.72
6303,2155,3,2,3893.18,7786.36
6304,2155,32,2,792.44,1584.88
6305,2155,4,3,3280.07,9840.21
6306,2156,32,3,1034.84,3104.52
6307,2157,33,2,1065.01,2130.02
6308,2157,21,2,1754.04,3508.08
6309,2158,3,1,3893.18,3893.18
6310,2158,12,1,1597.94,1597.94
6311,2158,15,3,373.87,1121.61
6312,2159,21,1,1754.04,1754.04
6313,2159,22,2,642.12,1284.23
6314,2160,16,2,42.47,84.94
6315,2160,18,2,175.11,350.22
6316,2161,16,1,42.47,42.47
6317,2161,23,1,806.44,806.44
6318,2161,21,2,1754.04,3508.08
6319,2161,24,1,753.86,753.86
6320,2161,29,2,1259.43,2518.86
6321,2162,26,3,480.49,1441.47
6322,2162,8,3,1725.85,5177.55
6323,2162,11,3,629.18,1887.54
6324,2162,7,1,3807.28,3807.28
6325,2163,7,3,3807.28,11421.84
6326,2163,10,3,4184.44,12553.32
6327,2163,11,2,772.38,1544.76
6328,2163,35,2,907.85,1815.7
6329,2164,17,2,119.37,238.74
6330,2165,9,2,4199.61,8399.22
6331,2166,32,1,1034.84,1034.84
6332,2166,35,2,907.85,1815.7
6333,2166,20,1,61.02,61.02
6334,2166,14,3,720.45,2161.35
6335,2167,16,3,42.47,127.41
6336,2167,26,3,480.49,1441.47
6337,2168,2,3,1955.12,5865.36
6338,2168,12,2,1597.94,3195.88
6339,2168,10,2,3328.09,6656.17
6340,2168,4,1,3280.07,3280.07
6341,2169,22,3,727.96,2183.87
6342,2170,3,1,3893.18,3893.18
6343,2170,30,3,419.49,1258.46
6344,2170,28,3,1074.23,3222.69
6345,2170,31,3,1422.93,4268.79
6346,2170,11,3,772.38,2317.14
6347,2171,25,1,1217.46,1217.46
6348,2171,10,1,4184.44,4184.44
6349,2172,4,3,3020.74,9062.21
6350,2173,12,2,1597.94,3195.88
6351,2173,30,3,511.45,1534.35
6352,2173,4,3,3280.07,9840.21
6353,2174,10,3,4184.44,12553.32
6354,2174,4,3,3280.07,9840.21
6355,2174,26,1,480.49,480.49
6356,2174,13,1,945.88,945.88
6357,2174,11,3,772.38,2317.14
6358,2175,24,3,753.86,2261.58
6359,2175,33,2,1384.64,2769.28
6360,2175,21,3,1754.04,5262.12
6361,2175,9,3,4199.61,12598.83
6362,2176,29,2,1080.33,2160.66
6363,2176,10,2,4184.44,8368.88
6364,2176,17,3,119.37,358.11
6365,2177,18,2,175.11,350.22
6366,2178,28,1,888.43,888.43
6367,2179,35,1,907.85,907.85
6368,2179,20,1,61.02,61.02
6369,2180,25,2,1303.08,2606.16
6370,2181,34,2,442.9,885.81
6371,2182,13,1,945.88,945.88
6372,2183,24,3,753.86,2261.58
6373,2183,5,1,1193.52,1193.52
6374,2183,10,2,3402.19,6804.38
6375,2183,30,1,511.45,511.45
6376,2184,2,2,1582.69,3165.38
6377,2184,6,2,2819.6,5639.2
6378,2184,17,3,119.37,358.11
6379,2184,34,2,507.59,1015.18
6380,2185,30,2,462.75,925.5
6381,2185,7,2,3807.28,7614.56
6382,2185,4,3,3280.07,9840.21
6383,2185,31,2,1422.93,2845.86
6384,2186,27,2,514.43,1028.86
6385,2186,6,1,2610.41,2610.41
6386,2186,4,1,2808.41,2808.41
6387,2187,2,2,1721.28,3442.56
6388,2187,12,2,1597.94,3195.88
6389,2187,1,1,3485.59,3485.59
6390,2188,12,2,1597.94,3195.88
6391,2188,3,3,3893.18,11679.54
6392,2188,6,3,3328.48,9985.44
6393,2188,1,3,3485.59,10456.77
6394,2188,31,2,1422.93,2845.86
6395,2189,20,1,61.02,61.02
6396,2189,17,3,119.37,358.11
6397,2189,11,3,772.38,2317.14
6398,2189,23,3,830.57,2491.7
6399,2190,29,1,1259.43,1259.43
6400,2190,19,3,146.82,440.46
6401,2191,15,3,304.62,913.87
6402,2191,29,2,1259.43,2518.86
6403,2191,28,1,1074.23,1074.23
6404,2191,26,2,480.49,960.98
6405,2191,25,1,1379.46,1379.46
6406,2192,24,3,753.86,2261.58
6407,2193,18,2,175.11,350.22
6408,2194,33,2,1384.64,2769.28
6409,2194,26,3,480.49,1441.47
6410,2194,11,2,772.38,1544.76
6411,2195,24,1,753.86,753.86
6412,2195,16,3,42.47,127.41
6413,2195,21,1,1754.04,1754.04
6414,2196,24,3,753.86,2261.58
6415,2196,5,3,1193.52,3580.56
6416,2196,35,3,907.85,2723.55
6417,2196,17,2,119.37,238.74
6418,2196,27,1,451.98,451.98
6419,2197,4,3,3280.07,9840.21
6420,2197,30,3,511.45,1534.35
6421,2198,10,1,4184.44,4184.44
6422,2199,32,3,1034.84,3104.52
6423,2199,9,3,4199.61,12598.83
6424,2199,1,2,3485.59,6971.18
6425,2199,22,3,772.56,2317.68
6426,2199,19,3,146.82,440.46
6427,2200,31,2,1422.93,2845.86
6428,2200,17,2,109.24,218.47
6429,2200,35,1,907.85,907.85
6430,2201,17,1,119.37,119.37
6431,2201,31,2,1422.93,2845.86
6432,2201,12,1,1597.94,1597.94
6433,2201,6,2,3328.48,6656.96
6434,2201,28,3,1074.23,3222.69
6435,2202,33,3,1384.64,4153.92
6436,2202,34,2,507.59,1015.18
6437,2202,30,2,511.45,1022.9
6438,2202,35,2,907.85,1815.7
6439,2203,18,1,175.11,175.11
6440,2203,1,1,3485.59,3485.59
6441,2204,22,3,772.56,2317.68
6442,2205,14,2,884.72,1769.44
6443,2206,34,3,507.59,1522.77
6444,2206,19,3,146.82,440.46
6445,2206,31,2,1422.93,2845.86
6446,2207,26,2,416.21,832.42
6447,2207,9,3,4199.61,12598.83
6448,2207,16,1,42.47,42.47
6449,2207,4,1,3093.03,3093.03
6450,2208,16,2,42.47,84.94
6451,2208,4,1,3280.07,3280.07
6452,2208,14,3,884.72,2654.16
6453,2209,11,2,772.38,1544.76
6454,2209,19,1,146.82,146.82
6455,2209,20,1,57.04,57.04
6456,2209,30,3,511.45,1534.35
6457,2210,35,1,907.85,907.85
6458,2210,4,2,3280.07,6560.14
6459,2210,26,3,480.49,1441.47
6460,2210,27,2,514.43,1028.86
6461,2211,6,1,3328.48,3328.48
6462,2211,34,3,507.59,1522.77
6463,2211,2,1,1955.12,1955.12
6464,2212,35,3,907.85,2723.55
6465,2212,25,3,1379.46,4138.38
6466,2212,28,3,1074.23,3222.69
6467,2212,3,2,3308.03,6616.07
6468,2212,21,1,1754.04,1754.04
6469,2213,22,1,721.69,721.69
6470,2214,30,1,511.45,511.45
6471,2214,6,2,3328.48,6656.96
6472,2214,11,2,665.4,1330.81
6473,2214,14,3,884.72,2654.16
6474,2214,2,2,1487.95,2975.9
6475,2215,34,3,507.59,1522.77
6476,2215,30,1,511.45,511.45
6477,2216,29,3,1150.62,3451.85
6478,2216,15,3,373.87,1121.61
6479,2216,18,1,175.11,175.11
6480,2216,6,3,3328.48,9985.44
6481,2217,28,3,847.74,2543.21
6482,2217,12,2,1597.94,3195.88
6483,2217,13,3,945.88,2837.64
6484,2218,34,1,469.44,469.44
6485,2218,23,2,929.31,1858.62
6486,2218,31,3,1422.93,4268.79
6487,2219,2,1,1955.12,1955.12
6488,2219,20,1,61.02,61.02
6489,2219,11,2,772.38,1544.76
6490,2219,17,2,119.37,238.74
6491,2220,30,1,511.45,511.45
6492,2220,3,3,3893.18,11679.54
6493,2220,19,1,146.82,146.82
6494,2220,7,3,3807.28,11421.84
6495,2221,15,2,373.87,747.74
6496,2221,34,2,507.59,1015.18
6497,2221,26,2,480.49,960.98
6498,2221,22,2,772.56,1545.12
6499,2222,12,3,1344.07,4032.21
6500,2222,5,2,1193.52,2387.04
6501,2223,11,3,772.38,2317.14
6502,2223,16,3,42.47,127.41
6503,2223,17,1,119.37,119.37
6504,2223,21,1,1754.04,1754.04
6505,2224,9,3,3267.75,9803.26
6506,2225,33,1,1384.64,1384.64
6507,2225,32,2,936.77,1873.54
6508,2226,21,3,1754.04,5262.12
6509,2227,8,2,1725.85,3451.7
6510,2228,21,2,1443.26,2886.53
6511,2228,26,2,480.49,960.98
6512,2229,25,3,1379.46,4138.38
6513,2229,24,2,753.86,1507.72
6514,2229,28,3,1074.23,3222.69
6515,2230,22,2,772.56,1545.12
6516,2230,24,3,753.86,2261.58
6517,2230,2,3,1955.12,5865.36
6518,2231,33,1,1384.64,1384.64
6519,2231,24,3,753.86,2261.58
6520,2231,19,1,146.82,146.82
6521,2232,30,3,511.45,1534.35
6522,2233,26,3,480.49,1441.47
6523,2234,6,2,3328.48,6656.96
6524,2234,20,3,61.02,183.06
6525,2235,9,2,4199.61,8399.22
6526,2236,33,3,1384.64,4153.92
6527,2237,24,1,753.86,753.86
6528,2237,16,1,42.47,42.47
6529,2238,1,2,3485.59,6971.18
6530,2238,12,3,1597.94,4793.82
6531,2238,13,1,945.88,945.88
6532,2239,3,2,3893.18,7786.36
6533,2240,21,3,1754.04,5262.12
6534,2240,4,1,2518.51,2518.51
6535,2240,2,1,1955.12,1955.12
6536,2240,19,2,146.82,293.64
6537,2240,31,1,1095.64,1095.64
6538,2241,15,3,373.87,1121.61
6539,2241,17,1,119.37,119.37
6540,2241,33,3,1384.64,4153.92
6541,2242,28,1,1074.23,1074.23
6542,2242,35,2,907.85,1815.7
6543,2242,27,1,514.43,514.43
6544,2242,6,1,3051.93,3051.93
6545,2243,3,2,3893.18,7786.36
6546,2243,6,2,3328.48,6656.96
6547,2244,5,1,937.03,937.03
6548,2244,25,1,1379.46,1379.46
6549,2244,27,3,472.86,1418.57
6550,2244,20,3,61.02,183.06
6551,2244,24,2,753.86,1507.72
6552,2245,15,3,373.87,1121.61
6553,2245,28,1,1074.23,1074.23
6554,2246,1,3,3485.59,10456.77
6555,2247,19,1,146.82,146.82
6556,2247,3,1,3893.18,3893.18
6557,2247,21,1,1754.04,1754.04
6558,2247,2,1,1955.12,1955.12
6559,2248,5,2,1193.52,2387.04
6560,2248,17,3,119.37,358.11
6561,2248,34,2,507.59,1015.18
6562,2248,31,1,1422.93,1422.93
6563,2249,25,3,1379.46,4138.38
6564,2250,33,2,1384.64,2769.28
6565,2250,5,3,1193.52,3580.56
6566,2250,6,1,3328.48,3328.48
6567,2250,4,3,3280.07,9840.21
6568,2251,30,3,511.45,1534.35
6569,2251,2,2,1955.12,3910.24
6570,2251,1,2,3485.59,6971.18
6571,2251,23,3,929.31,2787.93
6572,2252,14,1,821.36,821.36
6573,2252,30,3,511.45,1534.35
6574,2253,32,1,1034.84,1034.84
6575,2253,5,1,1193.52,1193.52
6576,2253,18,1,175.11,175.11
6577,2253,4,2,3280.07,6560.14
6578,2253,27,3,514.43,1543.29
6579,2254,34,2,507.59,1015.18
6580,2254,13,1,945.88,945.88
6581,2254,11,2,652.72,1305.45
6582,2254,16,2,42.47,84.94
6583,2254,30,3,447.64,1342.91
6584,2255,21,3,1754.04,5262.12
6585,2255,8,3,1725.85,5177.55
6586,2255,14,1,884.72,884.72
6587,2256,16,2,42.47,84.94
6588,2256,28,1,1074.23,1074.23
6589,2257,13,1,945.88,945.88
6590,2257,10,1,4184.44,4184.44
6591,2257,16,2,42.47,84.94
6592,2257,35,2,907.85,1815.7
6593,2257,2,2,1955.12,3910.24
6594,2258,7,2,3807.28,7614.56
6595,2258,26,1,434.56,434.56
6596,2258,15,2,373.87,747.74
6597,2259,26,2,480.49,960.98
6598,2259,3,1,3893.18,3893.18
6599,2259,8,1,1725.85,1725.85
6600,2259,17,2,119.37,238.74
6601,2260,8,1,1725.85,1725.85
6602,2260,20,2,54.22,108.45
6603,2260,14,1,884.72,884.72
6604,2260,25,2,1168.02,2336.03
6605,2260,5,1,1193.52,1193.52
6606,2261,22,2,772.56,1545.12
6607,2261,18,1,175.11,175.11
6608,2261,25,3,1379.46,4138.38
6609,2262,32,1,1034.84,1034.84
6610,2262,29,1,975.48,975.48
6611,2263,18,3,175.11,525.33
6612,2263,22,2,698.26,1396.52
6613,2263,23,1,929.31,929.31
6614,2264,10,1,4184.44,4184.44
6615,2264,32,3,1034.84,3104.52
6616,2265,7,3,3807.28,11421.84
6617,2265,29,1,1259.43,1259.43
6618,2266,21,3,1754.04,5262.12
6619,2267,6,1,2887.88,2887.88
6620,2267,27,3,514.43,1543.29
6621,2267,24,1,753.86,753.86
6622,2267,3,3,3893.18,11679.54
6623,2267,35,3,907.85,2723.55
6624,2268,1,3,3485.59,10456.77
6625,2269,22,1,772.56,772.56
6626,2269,8,2,1725.85,3451.7
6627,2269,20,3,61.02,183.06
6628,2270,31,3,1422.93,4268.79
6629,2271,11,1,584.41,584.41
6630,2271,33,3,1384.64,4153.92
6631,2271,1,3,3485.59,10456.77
6632,2272,30,3,453.86,1361.57
6633,2272,19,1,146.82,146.82
6634,2272,21,3,1754.04,5262.12
6635,2273,32,1,1034.84,1034.84
6636,2273,6,1,2688.01,2688.01
6637,2273,3,2,3893.18,7786.36
6638,2273,4,2,3280.07,6560.14
6639,2273,29,1,1259.43,1259.43
6640,2274,20,2,61.02,122.04
6641,2274,19,1,146.82,146.82
6642,2274,6,3,3328.48,9985.44
6643,2274,12,1,1597.94,1597.94
6644,2274,16,3,42.47,127.41
6645,2275,8,2,1725.85,3451.7
6646,2275,14,2,884.72,1769.44
6647,2275,4,2,3280.07,6560.14
6648,2275,9,2,3920.09,7840.19
6649,2276,34,2,507.59,1015.18
6650,2277,32,3,1034.84,3104.52
6651,2278,26,3,480.49,1441.47
6652,2278,17,1,119.37,119.37
6653,2278,25,3,1379.46,4138.38
6654,2279,12,1,1597.94,1597.94
6655,2279,20,3,61.02,183.06
6656,2279,32,3,1034.84,3104.52
6657,2280,16,3,42.47,127.41
6658,2280,32,2,1034.84,2069.68
6659,2281,31,3,1422.93,4268.79
6660,2282,22,1,633.53,633.53
6661,2282,7,3,3807.28,11421.84
6662,2283,31,2,1422.93,2845.86
6663,2283,4,1,3280.07,3280.07
6664,2283,27,2,514.43,1028.86
6665,2283,26,1,480.49,480.49
6666,2284,20,1,61.02,61.02
6667,2284,26,1,480.49,480.49
6668,2284,34,1,507.59,507.59
6669,2284,9,3,4199.61,12598.83
6670,2285,32,1,1034.84,1034.84
6671,2285,34,3,507.59,1522.77
6672,2286,15,1,373.87,373.87
6673,2286,11,2,772.38,1544.76
6674,2286,3,3,3893.18,11679.54
6675,2286,32,2,1034.84,2069.68
6676,2286,33,2,1384.64,2769.28
6677,2287,27,1,514.43,514.43
6678,2287,23,2,929.31,1858.62
6679,2288,9,2,4199.61,8399.22
6680,2288,28,1,1074.23,1074.23
6681,2288,31,3,1322.48,3967.45
6682,2288,26,3,480.49,1441.47
6683,2289,13,2,945.88,1891.76
6684,2290,12,1,1280.53,1280.53
6685,2290,26,3,480.49,1441.47
6686,2290,15,2,373.87,747.74
6687,2290,4,2,3280.07,6560.14
6688,2291,30,2,511.45,1022.9
6689,2292,28,3,1074.23,3222.69
6690,2293,31,2,1422.93,2845.86
6691,2293,24,1,753.86,753.86
6692,2293,8,3,1725.85,5177.55
6693,2293,9,1,3318.91,3318.91
6694,2294,14,2,884.72,1769.44
6695,2294,13,2,797.79,1595.59
6696,2294,9,2,4199.61,8399.22
6697,2294,32,1,1034.84,1034.84
6698,2295,32,1,1034.84,1034.84
6699,2295,12,3,1597.94,4793.82
6700,2296,4,1,3280.07,3280.07
6701,2296,1,2,3485.59,6971.18
6702,2296,35,1,907.85,907.85
6703,2296,20,2,55.56,111.12
6704,2297,33,2,1384.64,2769.28
6705,2297,14,1,726.24,726.24
6706,2297,35,3,907.85,2723.55
6707,2297,18,1,175.11,175.11
6708,2297,24,1,753.86,753.86
6709,2298,31,2,1422.93,2845.86
6710,2299,19,2,146.82,293.64
6711,2299,24,3,660.74,1982.21
6712,2299,23,3,929.31,2787.93
6713,2299,20,1,61.02,61.02
6714,2300,21,1,1754.04,1754.04
6715,2301,28,3,1074.23,3222.69
6716,2301,34,3,507.59,1522.77
6717,2301,24,1,753.86,753.86
6718,2301,14,3,733.75,2201.24
6719,2301,17,3,119.37,358.11
6720,2302,24,1,753.86,753.86
6721,2303,23,1,929.31,929.31
6722,2303,24,2,753.86,1507.72
6723,2303,6,3,3328.48,9985.44
6724,2303,2,2,1955.12,3910.24
6725,2304,15,2,332.91,665.81
6726,2304,20,3,61.02,183.06
6727,2304,32,3,1034.84,3104.52
6728,2304,27,1,514.43,514.43
6729,2305,15,3,373.87,1121.61
6730,2306,11,2,772.38,1544.76
6731,2306,10,2,4184.44,8368.88
6732,2306,7,3,3807.28,11421.84
6733,2306,21,1,1754.04,1754.04
6734,2307,19,3,146.82,440.46
6735,2307,1,2,3485.59,6971.18
6736,2307,13,3,945.88,2837.64
6737,2307,23,1,872.03,872.03
6738,2307,21,2,1754.04,3508.08
6739,2308,2,3,1541.94,4625.82
6740,2309,15,3,373.87,1121.61
6741,2309,11,1,772.38,772.38
6742,2309,23,1,747.22,747.22
6743,2309,25,2,1379.46,2758.92
6744,2310,5,3,989.86,2969.57
6745,2310,28,2,1074.23,2148.46
6746,2310,26,2,480.49,960.98
6747,2310,1,3,3002.93,9008.79
6748,2310,7,3,3381.21,10143.64
6749,2311,13,3,945.88,2837.64
6750,2311,31,1,1422.93,1422.93
6751,2311,33,2,1384.64,2769.28
6752,2311,23,3,929.31,2787.93
6753,2311,24,3,701.58,2104.75
6754,2312,7,2,3807.28,7614.56
6755,2312,1,1,3485.59,3485.59
6756,2312,19,2,146.82,293.64
6757,2313,14,3,884.72,2654.16
6758,2313,15,3,373.87,1121.61
6759,2313,35,3,907.85,2723.55
6760,2313,29,3,1259.43,3778.29
6761,2314,6,3,3328.48,9985.44
6762,2314,13,2,945.88,1891.76
6763,2314,29,2,1063.3,2126.59
6764,2315,16,1,42.47,42.47
6765,2315,17,2,119.37,238.74
6766,2315,23,3,929.31,2787.93
6767,2316,4,1,3280.07,3280.07
6768,2316,10,3,4184.44,12553.32
6769,2316,16,3,42.47,127.41
6770,2317,20,2,61.02,122.04
6771,2317,15,2,373.87,747.74
6772,2318,23,2,839.14,1678.28
6773,2319,3,3,3893.18,11679.54
6774,2319,14,2,787.46,1574.92
6775,2319,22,1,772.56,772.56
6776,2319,20,2,61.02,122.04
6777,2319,27,2,514.43,1028.86
6778,2320,28,1,995.64,995.64
6779,2321,26,2,480.49,960.98
6780,2321,21,2,1754.04,3508.08
6781,2322,3,2,3292.75,6585.49
6782,2323,35,3,907.85,2723.55
6783,2323,27,2,404.86,809.73
6784,2324,2,1,1955.12,1955.12
6785,2325,1,2,3485.59,6971.18
6786,2325,7,2,3204.22,6408.45
6787,2325,2,2,1955.12,3910.24
6788,2325,5,2,1193.52,2387.04
6789,2325,12,3,1597.94,4793.82
6790,2326,8,2,1725.85,3451.7
6791,2326,13,3,744.79,2234.37
6792,2326,26,3,480.49,1441.47
6793,2326,24,3,753.86,2261.58
6794,2326,3,2,3361.29,6722.59
6795,2327,35,1,907.85,907.85
6796,2328,11,1,772.38,772.38
6797,2328,24,3,652.46,1957.37
6798,2329,5,2,1193.52,2387.04
6799,2329,13,1,945.88,945.88
6800,2330,14,2,884.72,1769.44
6801,2331,23,3,808.61,2425.82
6802,2331,25,1,1379.46,1379.46
6803,2331,10,1,4184.44,4184.44
6804,2331,29,3,1188.19,3564.57
6805,2331,17,1,119.37,119.37
6806,2332,21,1,1514.92,1514.92
6807,2332,32,3,966.15,2898.46
6808,2332,6,1,3328.48,3328.48
6809,2332,11,1,772.38,772.38
6810,2333,21,3,1754.04,5262.12
6811,2333,23,3,929.31,2787.93
6812,2334,15,2,373.87,747.74
6813,2334,8,2,1725.85,3451.7
6814,2335,25,2,1265.44,2530.88
6815,2335,7,1,3579.64,3579.64
6816,2335,26,1,480.49,480.49
6817,2335,4,1,3280.07,3280.07
6818,2335,19,2,146.82,293.64
6819,2336,1,3,2885.24,8655.73
6820,2336,17,1,119.37,119.37
6821,2336,27,3,514.43,1543.29
6822,2336,3,2,3893.18,7786.36
6823,2336,35,2,907.85,1815.7
6824,2337,1,2,3485.59,6971.18
6825,2337,22,3,772.56,2317.68
6826,2337,33,2,1384.64,2769.28
6827,2337,3,2,3893.18,7786.36
6828,2338,32,2,779.69,1559.38
6829,2339,2,2,1525.79,3051.57
6830,2339,19,3,146.82,440.46
6831,2339,23,3,929.31,2787.93
6832,2339,30,2,511.45,1022.9
6833,2339,29,3,1045.18,3135.55
6834,2340,19,3,146.82,440.46
6835,2340,32,2,1034.84,2069.68
6836,2340,9,3,4199.61,12598.83
6837,2340,34,3,507.59,1522.77
6838,2341,9,1,4199.61,4199.61
6839,2341,29,2,1015.31,2030.62
6840,2341,25,2,1379.46,2758.92
6841,2341,6,1,3328.48,3328.48
6842,2342,27,2,514.43,1028.86
6843,2342,31,1,1422.93,1422.93
6844,2342,3,3,3893.18,11679.54
6845,2342,8,3,1725.85,5177.55
6846,2343,9,2,3839.02,7678.04
6847,2343,14,1,884.72,884.72
6848,2343,6,2,3328.48,6656.96
6849,2343,10,2,4184.44,8368.88
6850,2344,20,1,61.02,61.02
6851,2344,25,1,1379.46,1379.46
6852,2344,5,1,1047.92,1047.92
6853,2344,29,3,1259.43,3778.29
6854,2344,12,2,1490.03,2980.06
6855,2345,27,3,514.43,1543.29
6856,2345,2,3,1955.12,5865.36
6857,2345,22,3,710.84,2132.53
6858,2346,10,3,4184.44,12553.32
6859,2347,5,3,1193.52,3580.56
6860,2347,18,2,175.11,350.22
6861,2347,2,2,1955.12,3910.24
6862,2348,31,1,1422.93,1422.93
6863,2348,35,1,907.85,907.85
6864,2348,10,2,4184.44,8368.88
6865,2348,20,1,61.02,61.02
6866,2349,34,1,507.59,507.59
6867,2349,6,3,3328.48,9985.44
6868,2349,33,2,1202.31,2404.62
6869,2349,7,2,3807.28,7614.56
6870,2349,1,3,3485.59,10456.77
6871,2350,33,2,1384.64,2769.28
6872,2350,31,2,1422.93,2845.86
6873,2350,29,2,1259.43,2518.86
6874,2351,10,2,4184.44,8368.88
6875,2351,13,1,945.88,945.88
6876,2351,32,1,1034.84,1034.84
6877,2351,21,1,1754.04,1754.04
6878,2351,20,3,61.02,183.06
6879,2352,3,2,3893.18,7786.36
6880,2352,16,3,42.47,127.41
6881,2352,17,1,119.37,119.37
6882,2353,29,2,1259.43,2518.86
6883,2353,26,2,480.49,960.98
6884,2353,31,3,1196.4,3589.21
6885,2354,29,2,1259.43,2518.86
6886,2354,6,3,3328.48,9985.44
6887,2354,9,1,4199.61,4199.61
6888,2354,4,2,3280.07,6560.14
6889,2354,31,3,1246.08,3738.25
6890,2355,3,2,3893.18,7786.36
6891,2356,15,1,373.87,373.87
6892,2356,1,1,3485.59,3485.59
6893,2356,8,2,1725.85,3451.7
6894,2357,30,1,511.45,511.45
6895,2357,20,3,61.02,183.06
6896,2357,18,2,162.06,324.13
6897,2358,18,1,175.11,175.11
6898,2358,29,3,1259.43,3778.29
6899,2359,20,2,61.02,122.04
6900,2359,15,3,373.87,1121.61
6901,2360,5,2,1193.52,2387.04
6902,2360,34,1,507.59,507.59
6903,2360,33,1,1156.81,1156.81
6904,2360,6,1,3328.48,3328.48
6905,2361,33,2,1384.64,2769.28
6906,2361,9,3,4199.61,12598.83
6907,2362,11,1,772.38,772.38
6908,2362,12,2,1597.94,3195.88
6909,2363,14,1,884.72,884.72
6910,2363,8,3,1725.85,5177.55
6911,2363,20,2,61.02,122.04
6912,2363,34,2,507.59,1015.18
6913,2364,27,1,514.43,514.43
6914,2364,23,2,929.31,1858.62
6915,2364,26,3,374.32,1122.96
6916,2364,1,3,3485.59,10456.77
6917,2365,9,3,3522.97,10568.91
6918,2365,8,2,1725.85,3451.7
6919,2365,14,1,884.72,884.72
6920,2365,33,3,1384.64,4153.92
6921,2365,27,3,514.43,1543.29
6922,2366,28,2,1074.23,2148.46
6923,2366,11,2,691.56,1383.13
6924,2366,3,2,3893.18,7786.36
6925,2367,14,3,884.72,2654.16
6926,2367,22,3,584.58,1753.75
6927,2367,34,3,507.59,1522.77
6928,2368,17,1,104.12,104.12
6929,2368,12,1,1597.94,1597.94
6930,2369,20,3,61.02,183.06
6931,2370,34,3,507.59,1522.77
6932,2370,7,2,3807.28,7614.56
6933,2370,6,2,3328.48,6656.96
6934,2371,11,2,772.38,1544.76
6935,2371,5,1,1193.52,1193.52
6936,2371,16,1,42.47,42.47
6937,2372,22,2,772.56,1545.12
6938,2372,32,2,1034.84,2069.68
6939,2372,12,2,1597.94,3195.88
6940,2372,26,2,480.49,960.98
6941,2373,6,3,2931.69,8795.08
6942,2373,32,3,869.74,2609.21
6943,2373,17,3,119.37,358.11
6944,2374,13,3,945.88,2837.64
6945,2374,1,2,2707.69,5415.37
6946,2375,7,2,3807.28,7614.56
6947,2375,22,1,772.56,772.56
6948,2376,32,2,1034.84,2069.68
6949,2376,11,3,733.37,2200.11
6950,2376,5,3,1193.52,3580.56
6951,2377,17,3,119.37,358.11
6952,2377,30,3,511.45,1534.35
6953,2377,2,1,1955.12,1955.12
6954,2377,20,2,61.02,122.04
6955,2378,25,1,1379.46,1379.46
6956,2378,30,2,403.95,807.89
6957,2378,15,1,373.87,373.87
6958,2378,29,2,1259.43,2518.86
6959,2378,12,3,1401.77,4205.3
6960,2379,11,1,772.38,772.38
6961,2379,18,3,175.11,525.33
6962,2379,24,3,753.86,2261.58
6963,2379,31,1,1102.36,1102.36
6964,2380,20,3,61.02,183.06
6965,2380,7,3,3807.28,11421.84
6966,2380,30,3,511.45,1534.35
6967,2381,28,3,1074.23,3222.69
6968,2381,33,2,1384.64,2769.28
6969,2381,22,1,772.56,772.56
6970,2381,27,3,514.43,1543.29
6971,2381,35,3,907.85,2723.55
6972,2382,19,2,146.82,293.64
6973,2382,14,2,772.77,1545.54
6974,2382,13,1,945.88,945.88
6975,2382,27,2,514.43,1028.86
6976,2383,22,3,772.56,2317.68
6977,2383,34,2,507.59,1015.18
6978,2383,29,3,1259.43,3778.29
6979,2384,23,2,929.31,1858.62
6980,2384,16,2,42.47,84.94
6981,2384,18,3,175.11,525.33
6982,2385,29,1,1259.43,1259.43
6983,2385,32,1,1034.84,1034.84
6984,2386,17,1,119.37,119.37
6985,2386,22,2,772.56,1545.12
6986,2387,34,3,507.59,1522.77
6987,2387,1,3,3485.59,10456.77
6988,2387,24,2,753.86,1507.72
6989,2387,15,1,373.87,373.87
6990,2388,20,1,61.02,61.02
6991,2388,34,2,507.59,1015.18
6992,2388,3,2,3697.5,7395.01
6993,2388,18,2,175.11,350.22
6994,2389,7,2,3807.28,7614.56
6995,2389,3,1,3893.18,3893.18
6996,2389,10,2,4184.44,8368.88
6997,2390,26,3,480.49,1441.47
6998,2390,30,3,511.45,1534.35
6999,2390,18,2,175.11,350.22
7000,2391,32,3,1034.84,3104.52
7001,2391,13,2,786.1,1572.19
7002,2392,19,1,146.82,146.82
7003,2392,5,2,941.88,1883.76
7004,2392,4,1,3280.07,3280.07
7005,2392,6,3,3328.48,9985.44
7006,2392,2,2,1955.12,3910.24
7007,2393,31,1,1422.93,1422.93
7008,2393,13,2,945.88,1891.76
7009,2393,34,2,507.59,1015.18
7010,2393,16,3,42.47,127.41
7011,2394,22,2,772.56,1545.12
7012,2394,2,3,1955.12,5865.36
7013,2395,2,2,1955.12,3910.24
7014,2395,26,2,448.28,896.56
7015,2395,34,3,507.59,1522.77
7016,2395,31,1,1422.93,1422.93
7017,2396,7,1,3807.28,3807.28
7018,2396,14,2,884.72,1769.44
7019,2396,8,3,1725.85,5177.55
7020,2396,9,2,4199.61,8399.22
7021,2397,32,3,1034.84,3104.52
7022,2397,27,2,514.43,1028.86
7023,2398,3,3,3893.18,11679.54
7024,2399,28,2,1012.82,2025.65
7025,2400,29,3,1259.43,3778.29
7026,2400,34,1,507.59,507.59
7027,2400,18,3,175.11,525.33
7028,2401,19,3,134.06,402.17
7029,2401,1,1,3485.59,3485.59
7030,2401,17,1,102.62,102.62
7031,2402,17,2,119.37,238.74
7032,2402,16,2,42.47,84.94
7033,2402,6,3,3328.48,9985.44
7034,2402,28,2,1074.23,2148.46
7035,2403,21,3,1446.62,4339.85
7036,2403,14,2,884.72,1769.44
7037,2403,2,3,1955.12,5865.36
7038,2403,13,1,945.88,945.88
7039,2403,12,3,1597.94,4793.82
7040,2404,9,3,4199.61,12598.83
7041,2405,2,1,1955.12,1955.12
7042,2405,11,2,772.38,1544.76
7043,2406,29,3,1259.43,3778.29
7044,2407,12,3,1597.94,4793.82
7045,2408,23,1,929.31,929.31
7046,2408,14,2,788.78,1577.56
7047,2409,9,2,4199.61,8399.22
7048,2409,3,1,3893.18,3893.18
7049,2409,25,1,1379.46,1379.46
7050,2409,34,1,507.59,507.59
7051,2409,4,2,3280.07,6560.14
7052,2410,23,3,728.39,2185.16
7053,2410,29,2,1259.43,2518.86
7054,2410,32,2,1034.84,2069.68
7055,2410,14,1,884.72,884.72
7056,2410,34,1,507.59,507.59
7057,2411,33,2,1384.64,2769.28
7058,2411,9,1,4199.61,4199.61
7059,2412,24,3,753.86,2261.58
7060,2412,30,3,511.45,1534.35
7061,2413,3,3,3368.99,10106.96
7062,2413,16,3,42.47,127.41
7063,2413,4,3,3280.07,9840.21
7064,2414,25,3,1379.46,4138.38
7065,2414,7,3,3807.28,11421.84
7066,2414,22,3,772.56,2317.68
7067,2414,1,3,3485.59,10456.77
7068,2415,17,2,119.37,238.74
7069,2415,19,1,146.82,146.82
7070,2416,24,3,753.86,2261.58
7071,2416,23,1,929.31,929.31
7072,2416,14,3,813.49,2440.48
7073,2416,22,2,772.56,1545.12
7074,2417,32,2,1034.84,2069.68
7075,2417,18,3,158.76,476.28
7076,2417,24,2,672.68,1345.35
7077,2417,12,3,1597.94,4793.82
7078,2418,3,2,3893.18,7786.36
7079,2418,2,3,1955.12,5865.36
7080,2418,32,3,1034.84,3104.52
7081,2418,4,3,3280.07,9840.21
7082,2418,19,2,146.82,293.64
7083,2419,13,2,945.88,1891.76
7084,2419,22,2,682.96,1365.92
7085,2420,11,2,772.38,1544.76
7086,2421,10,1,4184.44,4184.44
7087,2422,5,2,1193.52,2387.04
7088,2422,19,3,146.82,440.46
7089,2423,4,2,3280.07,6560.14
7090,2424,23,2,929.31,1858.62
7091,2424,22,1,772.56,772.56
7092,2424,24,3,753.86,2261.58
7093,2425,27,1,514.43,514.43
7094,2425,33,3,1384.64,4153.92
7095,2425,4,1,3280.07,3280.07
7096,2425,23,3,845.5,2536.5
7097,2426,31,1,1422.93,1422.93
7098,2426,21,3,1754.04,5262.12
7099,2426,11,1,772.38,772.38
7100,2427,16,3,42.47,127.41
7101,2427,5,3,1193.52,3580.56
7102,2427,27,3,514.43,1543.29
7103,2427,3,3,3630.0,10890.01
7104,2427,34,2,507.59,1015.18
7105,2428,7,2,3807.28,7614.56
7106,2429,4,3,3280.07,9840.21
7107,2429,3,1,3893.18,3893.18
7108,2429,13,3,945.88,2837.64
7109,2430,16,3,42.47,127.41
7110,2431,35,3,907.85,2723.55
7111,2432,34,2,507.59,1015.18
7112,2432,7,3,3807.28,11421.84
7113,2432,27,1,514.43,514.43
7114,2432,29,3,1259.43,3778.29
7115,2433,26,2,480.49,960.98
7116,2433,28,1,1074.23,1074.23
7117,2434,17,2,119.37,238.74
7118,2435,28,3,871.62,2614.85
7119,2435,27,2,514.43,1028.86
7120,2435,16,2,42.47,84.94
7121,2435,29,3,1098.68,3296.05
7122,2435,21,2,1754.04,3508.08
7123,2436,14,2,884.72,1769.44
7124,2436,22,2,772.56,1545.12
7125,2436,16,1,37.98,37.98
7126,2436,6,1,3328.48,3328.48
7127,2436,21,3,1754.04,5262.12
7128,2437,25,3,1379.46,4138.38
7129,2437,27,1,514.43,514.43
7130,2437,34,3,507.59,1522.77
7131,2437,5,1,1193.52,1193.52
7132,2437,8,3,1725.85,5177.55
7133,2438,32,2,1034.84,2069.68
7134,2438,9,2,4199.61,8399.22
7135,2438,12,2,1394.42,2788.85
7136,2438,4,3,2778.43,8335.29
7137,2438,15,2,373.87,747.74
7138,2439,4,2,3280.07,6560.14
7139,2439,17,2,119.37,238.74
7140,2440,26,2,480.49,960.98
7141,2440,24,1,663.01,663.01
7142,2440,30,1,511.45,511.45
7143,2440,33,1,1384.64,1384.64
7144,2441,17,1,112.53,112.53
7145,2441,14,2,670.24,1340.48
7146,2441,27,2,462.85,925.7
7147,2442,10,2,4184.44,8368.88
7148,2442,6,2,3328.48,6656.96
7149,2442,33,2,1246.3,2492.6
7150,2443,23,3,841.25,2523.75
7151,2443,2,3,1955.12,5865.36
7152,2443,22,3,693.28,2079.83
7153,2443,27,1,514.43,514.43
7154,2443,24,1,753.86,753.86
7155,2444,14,2,804.31,1608.61
7156,2444,12,1,1505.08,1505.08
7157,2444,32,3,1034.84,3104.52
7158,2444,4,3,3280.07,9840.21
7159,2445,10,3,4184.44,12553.32
7160,2445,9,2,4199.61,8399.22
7161,2445,6,3,3328.48,9985.44
7162,2446,2,2,1955.12,3910.24
7163,2446,22,2,716.46,1432.92
7164,2446,9,2,4199.61,8399.22
7165,2446,31,3,1422.93,4268.79
7166,2446,12,1,1597.94,1597.94
7167,2447,8,2,1434.06,2868.13
7168,2447,15,1,373.87,373.87
7169,2447,3,1,3270.46,3270.46
7170,2448,30,2,511.45,1022.9
7171,2448,8,1,1725.85,1725.85
7172,2449,9,2,4199.61,8399.22
7173,2450,27,1,514.43,514.43
7174,2450,23,2,805.93,1611.86
7175,2450,26,2,480.49,960.98
7176,2450,3,1,3893.18,3893.18
7177,2451,22,2,772.56,1545.12
7178,2451,10,1,4184.44,4184.44
7179,2451,27,2,514.43,1028.86
7180,2452,8,3,1725.85,5177.55
7181,2452,1,3,3485.59,10456.77
7182,2452,23,3,929.31,2787.93
7183,2453,5,1,1009.11,1009.11
7184,2454,13,3,945.88,2837.64
7185,2454,12,1,1597.94,1597.94
7186,2454,16,2,42.47,84.94
7187,2454,24,2,753.86,1507.72
7188,2454,15,3,373.87,1121.61
7189,2455,29,3,1259.43,3778.29
7190,2456,3,2,3166.4,6332.8
7191,2456,10,2,4184.44,8368.88
7192,2457,8,3,1615.8,4847.4
7193,2457,2,3,1955.12,5865.36
7194,2457,10,2,4184.44,8368.88
7195,2458,4,3,3280.07,9840.21
7196,2459,15,1,373.87,373.87
7197,2459,27,1,514.43,514.43
7198,2460,30,1,511.45,511.45
7199,2460,4,3,3280.07,9840.21
7200,2461,15,3,373.87,1121.61
7201,2461,29,1,1259.43,1259.43
7202,2461,3,1,3893.18,3893.18
7203,2462,12,2,1597.94,3195.88
7204,2463,14,1,884.72,884.72
7205,2463,31,3,1422.93,4268.79
7206,2464,29,2,1259.43,2518.86
7207,2464,24,1,753.86,753.86
7208,2464,3,3,3893.18,11679.54
7209,2464,23,3,872.21,2616.64
7210,2464,7,2,3807.28,7614.56
7211,2465,13,2,945.88,1891.76
7212,2465,16,2,35.23,70.46
7213,2465,5,2,1193.52,2387.04
7214,2465,32,1,1034.84,1034.84
7215,2465,14,3,884.72,2654.16
7216,2466,10,2,4184.44,8368.88
7217,2466,22,3,772.56,2317.68
7218,2466,13,2,945.88,1891.76
7219,2467,31,3,1422.93,4268.79
7220,2468,29,3,1259.43,3778.29
7221,2468,8,1,1725.85,1725.85
7222,2469,8,3,1725.85,5177.55
7223,2470,15,2,373.87,747.74
7224,2471,1,1,3485.59,3485.59
7225,2471,5,2,1193.52,2387.04
7226,2471,30,3,390.84,1172.53
7227,2471,4,3,3280.07,9840.21
7228,2471,13,3,945.88,2837.64
7229,2472,6,2,3328.48,6656.96
7230,2473,9,2,4199.61,8399.22
7231,2473,7,2,3807.28,7614.56
7232,2473,22,3,772.56,2317.68
7233,2473,28,3,1074.23,3222.69
7234,2473,26,3,480.49,1441.47
7235,2474,10,2,4184.44,8368.88
7236,2474,3,1,3893.18,3893.18
7237,2475,30,1,449.37,449.37
7238,2475,19,2,146.82,293.64
7239,2475,34,2,507.59,1015.18
7240,2475,12,3,1597.94,4793.82
7241,2475,23,3,929.31,2787.93
7242,2476,32,3,1034.84,3104.52
7243,2477,32,2,1034.84,2069.68
7244,2477,29,3,1259.43,3778.29
7245,2477,16,3,42.47,127.41
7246,2478,24,3,753.86,2261.58
7247,2478,25,2,1379.46,2758.92
7248,2479,6,3,3328.48,9985.44
7249,2480,8,1,1725.85,1725.85
7250,2480,10,3,4184.44,12553.32
7251,2480,25,3,1379.46,4138.38
7252,2480,32,1,1034.84,1034.84
7253,2481,16,3,42.47,127.41
7254,2482,34,2,507.59,1015.18
7255,2482,9,2,4199.61,8399.22
7256,2482,33,1,1384.64,1384.64
7257,2482,31,1,1181.54,1181.54
7258,2483,8,2,1725.85,3451.7
7259,2483,12,1,1597.94,1597.94
7260,2483,11,3,772.38,2317.14
7261,2483,26,1,435.23,435.23
7262,2483,13,2,945.88,1891.76
7263,2484,16,3,42.47,127.41
7264,2485,21,2,1754.04,3508.08
7265,2486,6,1,3328.48,3328.48
7266,2486,30,1,511.45,511.45
7267,2486,20,2,61.02,122.04
7268,2486,14,1,884.72,884.72
7269,2486,5,3,969.15,2907.46
7270,2487,10,3,3316.4,9949.21
7271,2487,30,2,511.45,1022.9
7272,2487,11,2,772.38,1544.76
7273,2487,4,2,3280.07,6560.14
7274,2487,18,1,175.11,175.11
7275,2488,27,3,514.43,1543.29
7276,2489,35,1,907.85,907.85
7277,2489,21,3,1754.04,5262.12
7278,2489,2,2,1955.12,3910.24
7279,2489,26,1,387.58,387.58
7280,2489,18,1,175.11,175.11
7281,2490,31,3,1089.73,3269.19
7282,2490,17,1,100.88,100.88
7283,2490,13,1,945.88,945.88
7284,2490,23,3,929.31,2787.93
7285,2490,18,3,175.11,525.33
7286,2491,16,2,42.47,84.94
7287,2491,24,2,753.86,1507.72
7288,2492,32,2,1034.84,2069.68
7289,2492,3,2,3626.49,7252.98
7290,2492,13,2,945.88,1891.76
7291,2493,22,2,772.56,1545.12
7292,2493,21,1,1754.04,1754.04
7293,2493,19,1,146.82,146.82
7294,2494,11,2,772.38,1544.76
7295,2494,10,1,4184.44,4184.44
7296,2494,16,1,42.47,42.47
7297,2494,19,1,146.82,146.82
7298,2494,1,2,3485.59,6971.18
7299,2495,31,1,1422.93,1422.93
7300,2495,4,1,3280.07,3280.07
7301,2495,27,3,514.43,1543.29
7302,2496,7,2,3419.12,6838.24
7303,2496,26,3,439.43,1318.28
7304,2496,13,1,778.82,778.82
7305,2497,33,2,1384.64,2769.28
7306,2497,3,1,3893.18,3893.18
7307,2497,22,2,772.56,1545.12
7308,2497,28,1,1074.23,1074.23
7309,2498,9,3,4199.61,12598.83
7310,2499,21,3,1754.04,5262.12
7311,2499,8,2,1725.85,3451.7
7312,2499,29,3,1113.54,3340.62
7313,2499,7,3,3807.28,11421.84
7314,2500,8,3,1601.53,4804.6
7315,2500,7,1,3807.28,3807.28
7316,2500,19,1,146.82,146.82
7317,2500,11,2,772.38,1544.76
7318,2500,18,2,175.11,350.22
7319,2501,11,1,715.11,715.11
7320,2501,27,1,514.43,514.43
7321,2501,21,1,1560.4,1560.4
7322,2502,20,2,61.02,122.04
7323,2502,28,2,1074.23,2148.46
7324,2502,33,3,1384.64,4153.92
7325,2502,34,2,401.07,802.14
7326,2502,26,1,480.49,480.49
7327,2503,7,2,3807.28,7614.56
7328,2503,27,3,395.2,1185.6
7329,2503,20,2,56.14,112.29
7330,2504,13,1,945.88,945.88
7331,2505,26,1,480.49,480.49
7332,2505,35,3,907.85,2723.55
7333,2505,11,3,772.38,2317.14
7334,2506,26,1,480.49,480.49
7335,2506,12,1,1473.48,1473.48
7336,2506,31,1,1422.93,1422.93
7337,2507,29,1,1259.43,1259.43
7338,2507,3,1,3893.18,3893.18
7339,2507,31,3,1069.23,3207.69
7340,2507,25,3,1379.46,4138.38
7341,2508,26,3,480.49,1441.47
7342,2508,31,2,1422.93,2845.86
7343,2508,20,1,52.49,52.49
7344,2508,4,2,2924.44,5848.87
7345,2509,3,1,3174.33,3174.33
7346,2509,24,3,753.86,2261.58
7347,2510,9,2,4199.61,8399.22
7348,2510,23,1,929.31,929.31
7349,2510,18,3,175.11,525.33
7350,2510,12,3,1597.94,4793.82
7351,2511,15,3,285.79,857.38
7352,2511,21,3,1532.57,4597.7
7353,2511,12,1,1597.94,1597.94
7354,2511,7,3,2981.71,8945.13
7355,2512,18,1,175.11,175.11
7356,2513,15,3,373.87,1121.61
7357,2513,6,1,3328.48,3328.48
7358,2513,34,3,507.59,1522.77
7359,2513,24,1,753.86,753.86
7360,2514,30,1,511.45,511.45
7361,2514,4,3,2801.52,8404.55
7362,2514,23,1,929.31,929.31
7363,2515,26,3,480.49,1441.47
7364,2515,13,2,885.21,1770.43
7365,2515,23,3,929.31,2787.93
7366,2515,30,2,511.45,1022.9
7367,2515,25,2,1094.98,2189.95
7368,2516,11,2,607.53,1215.07
7369,2516,24,1,753.86,753.86
7370,2516,22,3,772.56,2317.68
7371,2517,27,1,514.43,514.43
7372,2517,14,2,884.72,1769.44
7373,2517,23,1,929.31,929.31
7374,2517,8,2,1725.85,3451.7
7375,2517,7,2,3807.28,7614.56
7376,2518,5,2,1193.52,2387.04
7377,2518,32,1,929.12,929.12
7378,2518,16,2,42.47,84.94
7379,2519,13,3,778.78,2336.34
7380,2520,29,1,1259.43,1259.43
7381,2521,29,1,1155.85,1155.85
7382,2521,21,3,1754.04,5262.12
7383,2521,9,3,4199.61,12598.83
7384,2522,5,2,1193.52,2387.04
7385,2522,6,1,3328.48,3328.48
7386,2523,26,3,480.49,1441.47
7387,2523,11,3,772.38,2317.14
7388,2523,16,3,42.47,127.41
7389,2523,4,1,3280.07,3280.07
7390,2523,28,3,848.39,2545.17
7391,2524,6,1,3328.48,3328.48
7392,2524,3,2,3501.66,7003.32
7393,2524,9,3,3951.38,11854.14
7394,2525,28,3,1074.23,3222.69
7395,2526,12,2,1597.94,3195.88
7396,2526,5,3,1193.52,3580.56
7397,2527,2,1,1955.12,1955.12
7398,2527,18,3,175.11,525.33
7399,2528,7,2,3807.28,7614.56
7400,2528,3,1,3893.18,3893.18
7401,2529,19,1,132.6,132.6
7402,2530,20,1,61.02,61.02
7403,2530,9,1,4199.61,4199.61
7404,2530,4,3,3280.07,9840.21
7405,2530,31,2,1422.93,2845.86
7406,2531,32,2,1034.84,2069.68
7407,2532,32,2,1034.84,2069.68
7408,2532,28,1,1074.23,1074.23
7409,2532,31,2,1422.93,2845.86
7410,2532,29,1,1259.43,1259.43
7411,2533,15,3,373.87,1121.61
7412,2533,30,1,511.45,511.45
7413,2533,11,1,772.38,772.38
7414,2533,3,2,3893.18,7786.36
7415,2533,18,3,175.11,525.33
7416,2534,15,3,373.87,1121.61
7417,2534,18,1,175.11,175.11
7418,2534,8,3,1725.85,5177.55
7419,2534,35,2,907.85,1815.7
7420,2535,23,2,929.31,1858.62
7421,2536,7,3,3341.5,10024.5
7422,2536,35,2,907.85,1815.7
7423,2536,21,3,1583.71,4751.13
7424,2536,16,1,42.47,42.47
7425,2536,26,3,480.49,1441.47
7426,2537,34,2,507.59,1015.18
7427,2537,21,1,1647.2,1647.2
7428,2538,30,1,394.29,394.29
7429,2538,18,2,175.11,350.22
7430,2539,18,2,175.11,350.22
7431,2539,19,3,146.82,440.46
7432,2539,3,3,3893.18,11679.54
7433,2540,7,3,3023.27,9069.8
7434,2540,3,3,3893.18,11679.54
7435,2541,20,2,61.02,122.04
7436,2541,32,3,1034.84,3104.52
7437,2541,5,3,1193.52,3580.56
7438,2541,8,3,1313.86,3941.58
7439,2541,12,1,1597.94,1597.94
7440,2542,31,2,1422.93,2845.86
7441,2542,6,1,3328.48,3328.48
7442,2542,34,1,507.59,507.59
7443,2542,27,2,514.43,1028.86
7444,2543,27,1,514.43,514.43
7445,2543,31,1,1422.93,1422.93
7446,2543,6,2,3328.48,6656.96
7447,2544,4,2,3280.07,6560.14
7448,2544,19,2,146.82,293.64
7449,2544,15,3,373.87,1121.61
7450,2544,2,3,1955.12,5865.36
7451,2545,4,1,3280.07,3280.07
7452,2545,14,1,884.72,884.72
7453,2545,17,2,119.37,238.74
7454,2546,11,1,589.34,589.34
7455,2546,19,1,124.45,124.45
7456,2546,30,2,511.45,1022.9
7457,2546,2,1,1754.02,1754.02
7458,2546,34,2,507.59,1015.18
7459,2547,11,2,772.38,1544.76
7460,2548,18,2,175.11,350.22
7461,2548,16,3,42.47,127.41
7462,2549,19,2,136.79,273.59
7463,2549,2,3,1955.12,5865.36
7464,2549,22,1,606.98,606.98
7465,2549,14,2,828.72,1657.45
7466,2550,25,1,1379.46,1379.46
7467,2551,4,2,3280.07,6560.14
7468,2551,3,1,3173.02,3173.02
7469,2552,29,3,1259.43,3778.29
7470,2552,16,1,42.47,42.47
7471,2552,24,2,590.65,1181.29
7472,2552,13,1,945.88,945.88
7473,2553,27,3,514.43,1543.29
7474,2553,6,2,3328.48,6656.96
7475,2554,26,1,480.49,480.49
7476,2554,34,3,507.59,1522.77
7477,2555,20,1,61.02,61.02
7478,2555,3,2,3893.18,7786.36
7479,2555,12,2,1597.94,3195.88
7480,2555,13,3,945.88,2837.64
7481,2555,9,3,4199.61,12598.83
7482,2556,33,1,1384.64,1384.64
7483,2556,34,2,507.59,1015.18
7484,2557,6,2,3328.48,6656.96
7485,2557,29,2,1019.2,2038.39
7486,2557,14,2,884.72,1769.44
7487,2557,24,2,753.86,1507.72
7488,2557,17,2,119.37,238.74
7489,2558,19,2,146.82,293.64
7490,2558,4,3,3280.07,9840.21
7491,2558,28,2,1074.23,2148.46
7492,2558,1,2,2794.25,5588.49
7493,2559,32,3,1034.84,3104.52
7494,2559,30,3,511.45,1534.35
7495,2560,2,1,1955.12,1955.12
7496,2560,7,2,3497.25,6994.49
7497,2560,9,2,4199.61,8399.22
7498,2560,8,2,1725.85,3451.7
7499,2561,4,2,2746.29,5492.59
7500,2561,15,2,373.87,747.74
7501,2561,10,2,4184.44,8368.88
7502,2561,17,1,119.37,119.37
7503,2562,4,1,3280.07,3280.07
7504,2562,14,1,884.72,884.72
7505,2562,9,3,4199.61,12598.83
7506,2562,24,2,753.86,1507.72
7507,2563,30,1,511.45,511.45
7508,2563,23,1,929.31,929.31
7509,2564,27,2,514.43,1028.86
7510,2564,17,3,119.37,358.11
7511,2564,22,3,772.56,2317.68
7512,2565,12,2,1597.94,3195.88
7513,2566,10,3,4184.44,12553.32
7514,2566,29,1,1259.43,1259.43
7515,2566,7,2,3807.28,7614.56
7516,2567,26,2,480.49,960.98
7517,2567,9,2,4199.61,8399.22
7518,2568,3,2,3893.18,7786.36
7519,2568,18,1,147.01,147.01
7520,2568,25,1,1379.46,1379.46
7521,2569,1,3,3485.59,10456.77
7522,2569,9,1,4199.61,4199.61
7523,2569,35,3,907.85,2723.55
7524,2570,34,2,507.59,1015.18
7525,2570,9,2,4199.61,8399.22
7526,2571,14,1,884.72,884.72
7527,2571,21,1,1754.04,1754.04
7528,2571,17,3,119.37,358.11
7529,2571,15,3,373.87,1121.61
7530,2571,30,3,511.45,1534.35
7531,2572,9,2,3619.2,7238.41
7532,2573,34,1,507.59,507.59
7533,2573,25,1,1379.46,1379.46
7534,2573,22,2,772.56,1545.12
7535,2574,13,1,945.88,945.88
7536,2575,24,2,753.86,1507.72
7537,2575,4,1,3030.67,3030.67
7538,2575,31,2,1422.93,2845.86
7539,2575,14,2,884.72,1769.44
7540,2575,15,3,373.87,1121.61
7541,2576,30,3,511.45,1534.35
7542,2576,24,3,693.65,2080.94
7543,2577,31,1,1192.19,1192.19
7544,2578,8,3,1725.85,5177.55
7545,2578,34,2,507.59,1015.18
7546,2579,9,1,4199.61,4199.61
7547,2580,34,2,507.59,1015.18
7548,2580,30,1,465.77,465.77
7549,2580,23,3,929.31,2787.93
7550,2580,8,1,1725.85,1725.85
7551,2580,24,1,753.86,753.86
7552,2581,11,3,772.38,2317.14
7553,2582,29,3,1259.43,3778.29
7554,2583,32,3,1034.84,3104.52
7555,2583,21,1,1754.04,1754.04
7556,2583,22,1,772.56,772.56
7557,2583,35,2,817.41,1634.82
7558,2583,1,2,3485.59,6971.18
7559,2584,33,2,1063.05,2126.1
7560,2584,28,2,1074.23,2148.46
7561,2585,18,1,175.11,175.11
7562,2585,21,3,1754.04,5262.12
7563,2586,17,2,119.37,238.74
7564,2586,13,3,945.88,2837.64
7565,2586,19,2,146.82,293.64
7566,2586,7,1,3807.28,3807.28
7567,2587,35,2,907.85,1815.7
7568,2587,21,1,1439.85,1439.85
7569,2587,29,2,1259.43,2518.86
7570,2588,33,2,1384.64,2769.28
7571,2589,14,1,812.15,812.15
7572,2589,30,3,511.45,1534.35
7573,2589,31,1,1422.93,1422.93
7574,2590,34,3,437.5,1312.51
7575,2590,10,2,3449.43,6898.86
7576,2590,17,1,119.37,119.37
7577,2590,16,1,42.47,42.47
7578,2590,29,2,1259.43,2518.86
7579,2591,9,1,4199.61,4199.61
7580,2591,4,2,2877.14,5754.28
7581,2591,15,2,373.87,747.74
7582,2591,11,1,695.27,695.27
7583,2591,31,1,1422.93,1422.93
7584,2592,23,3,929.31,2787.93
7585,2592,8,2,1725.85,3451.7
7586,2592,24,2,628.67,1257.34
7587,2592,15,3,373.87,1121.61
7588,2592,10,2,4184.44,8368.88
7589,2593,3,1,3893.18,3893.18
7590,2593,14,1,884.72,884.72
7591,2593,2,2,1955.12,3910.24
7592,2593,13,1,801.05,801.05
7593,2593,18,2,175.11,350.22
7594,2594,29,1,1127.86,1127.86
7595,2594,2,2,1748.66,3497.32
7596,2594,32,1,1034.84,1034.84
7597,2594,3,2,3658.9,7317.81
7598,2594,28,2,1074.23,2148.46
7599,2595,13,1,945.88,945.88
7600,2595,25,3,1379.46,4138.38
7601,2595,29,2,1259.43,2518.86
7602,2596,23,2,929.31,1858.62
7603,2597,17,2,119.37,238.74
7604,2597,24,3,601.53,1804.6
7605,2597,33,3,1384.64,4153.92
7606,2598,24,3,753.86,2261.58
7607,2598,15,3,373.87,1121.61
7608,2598,5,1,1193.52,1193.52
7609,2598,17,3,119.37,358.11
7610,2598,7,3,3134.92,9404.76
7611,2599,34,1,507.59,507.59
7612,2599,11,1,772.38,772.38
7613,2599,8,1,1725.85,1725.85
7614,2599,21,1,1754.04,1754.04
7615,2599,2,2,1955.12,3910.24
7616,2600,5,3,1193.52,3580.56
7617,2600,24,3,753.86,2261.58
7618,2600,18,2,155.3,310.6
7619,2600,8,3,1725.85,5177.55
7620,2601,20,2,61.02,122.04
7621,2601,24,3,753.86,2261.58
7622,2601,29,2,1259.43,2518.86
7623,2601,26,2,480.49,960.98
7624,2602,26,1,480.49,480.49
7625,2602,3,3,3893.18,11679.54
7626,2602,23,3,801.85,2405.54
7627,2602,9,2,4199.61,8399.22
7628,2603,4,3,3280.07,9840.21
7629,2603,19,1,146.82,146.82
7630,2603,35,3,907.85,2723.55
7631,2604,10,2,3389.54,6779.07
7632,2604,11,2,772.38,1544.76
7633,2604,1,2,3485.59,6971.18
7634,2605,34,3,507.59,1522.77
7635,2605,28,1,1074.23,1074.23
7636,2606,13,1,945.88,945.88
7637,2606,3,1,3274.95,3274.95
7638,2606,16,1,42.47,42.47
7639,2606,11,1,772.38,772.38
7640,2607,33,2,1384.64,2769.28
7641,2608,21,1,1754.04,1754.04
7642,2608,22,2,673.26,1346.51
7643,2608,34,2,462.63,925.26
7644,2608,32,3,1034.84,3104.52
7645,2608,24,2,753.86,1507.72
7646,2609,35,3,907.85,2723.55
7647,2609,13,3,945.88,2837.64
7648,2609,33,2,1384.64,2769.28
7649,2609,30,2,511.45,1022.9
7650,2610,35,3,907.85,2723.55
7651,2610,23,3,929.31,2787.93
7652,2611,10,3,4184.44,12553.32
7653,2611,21,3,1754.04,5262.12
7654,2611,25,3,1379.46,4138.38
7655,2611,3,2,3893.18,7786.36
7656,2611,8,3,1725.85,5177.55
7657,2612,13,3,945.88,2837.64
7658,2612,26,2,405.99,811.99
7659,2613,30,1,511.45,511.45
7660,2613,13,1,711.67,711.67
7661,2613,28,2,1074.23,2148.46
7662,2613,31,3,1422.93,4268.79
7663,2613,4,3,3280.07,9840.21
7664,2614,1,3,3485.59,10456.77
7665,2614,13,2,725.47,1450.94
7666,2615,3,2,3893.18,7786.36
7667,2615,18,3,175.11,525.33
7668,2615,23,3,876.22,2628.65
7669,2615,25,2,1379.46,2758.92
7670,2615,11,2,772.38,1544.76
7671,2616,3,2,3596.15,7192.3
7672,2616,34,1,507.59,507.59
7673,2616,10,3,4184.44,12553.32
7674,2617,32,2,1034.84,2069.68
7675,2618,11,2,772.38,1544.76
7676,2618,4,1,3280.07,3280.07
7677,2618,10,2,3740.87,7481.75
7678,2619,12,1,1597.94,1597.94
7679,2619,33,3,1384.64,4153.92
7680,2620,18,1,134.58,134.58
7681,2620,1,1,3485.59,3485.59
7682,2620,20,1,61.02,61.02
7683,2621,9,2,4199.61,8399.22
7684,2621,32,1,1034.84,1034.84
7685,2622,5,2,1193.52,2387.04
7686,2622,29,2,1259.43,2518.86
7687,2622,9,3,4199.61,12598.83
7688,2622,23,2,929.31,1858.62
7689,2623,28,3,1074.23,3222.69
7690,2623,7,3,3807.28,11421.84
7691,2623,22,1,772.56,772.56
7692,2623,16,1,42.47,42.47
7693,2624,4,2,3280.07,6560.14
7694,2624,7,1,3807.28,3807.28
7695,2624,14,3,812.6,2437.79
7696,2625,29,1,1259.43,1259.43
7697,2625,31,3,1314.33,3943.0
7698,2625,13,3,945.88,2837.64
7699,2626,8,3,1725.85,5177.55
7700,2626,10,2,4184.44,8368.88
7701,2626,29,3,1259.43,3778.29
7702,2626,23,2,929.31,1858.62
7703,2626,16,1,42.47,42.47
7704,2627,12,3,1597.94,4793.82
7705,2627,3,3,3893.18,11679.54
7706,2628,17,2,119.37,238.74
7707,2628,13,2,945.88,1891.76
7708,2628,26,2,480.49,960.98
7709,2629,10,3,3448.61,10345.82
7710,2629,11,1,772.38,772.38
7711,2629,1,2,3485.59,6971.18
7712,2630,4,3,3280.07,9840.21
7713,2630,33,1,1384.64,1384.64
7714,2630,29,1,1007.39,1007.39
7715,2630,35,1,854.54,854.54
7716,2630,21,1,1754.04,1754.04
7717,2631,22,3,772.56,2317.68
7718,2631,33,3,1384.64,4153.92
7719,2632,26,1,480.49,480.49
7720,2632,24,3,753.86,2261.58
7721,2632,27,2,514.43,1028.86
7722,2633,14,2,884.72,1769.44
7723,2633,15,3,373.87,1121.61
7724,2633,12,3,1597.94,4793.82
7725,2633,19,1,146.82,146.82
7726,2634,8,2,1725.85,3451.7
7727,2634,30,1,511.45,511.45
7728,2634,21,3,1754.04,5262.12
7729,2635,23,2,736.82,1473.65
7730,2635,24,3,753.86,2261.58
7731,2635,27,1,514.43,514.43
7732,2635,21,2,1754.04,3508.08
7733,2636,18,1,160.76,160.76
7734,2636,34,1,507.59,507.59
7735,2636,17,3,119.37,358.11
7736,2636,9,2,4199.61,8399.22
7737,2637,30,1,511.45,511.45
7738,2637,9,2,3930.76,7861.52
7739,2638,12,3,1597.94,4793.82
7740,2639,10,3,4184.44,12553.32
7741,2639,12,2,1597.94,3195.88
7742,2639,8,1,1725.85,1725.85
7743,2639,2,3,1797.6,5392.81
7744,2640,26,1,480.49,480.49
7745,2640,9,2,4199.61,8399.22
7746,2640,17,3,119.37,358.11
7747,2641,30,2,511.45,1022.9
7748,2641,35,3,689.81,2069.42
7749,2641,14,2,884.72,1769.44
7750,2641,19,2,146.82,293.64
7751,2641,32,2,1034.84,2069.68
7752,2642,28,3,1074.23,3222.69
7753,2642,1,3,3485.59,10456.77
7754,2643,2,2,1955.12,3910.24
7755,2643,34,2,507.59,1015.18
7756,2643,21,2,1499.1,2998.2
7757,2644,14,2,884.72,1769.44
7758,2644,10,1,4184.44,4184.44
7759,2645,35,3,907.85,2723.55
7760,2645,11,2,613.12,1226.24
7761,2645,31,3,1422.93,4268.79
7762,2645,4,3,3280.07,9840.21
7763,2646,3,2,2953.82,5907.65
7764,2647,25,3,1379.46,4138.38
7765,2648,34,3,507.59,1522.77
7766,2648,31,2,1422.93,2845.86
7767,2648,11,1,772.38,772.38
7768,2648,18,3,175.11,525.33
7769,2648,17,3,119.37,358.11
7770,2649,27,3,514.43,1543.29
7771,2649,6,1,3328.48,3328.48
7772,2649,15,3,373.87,1121.61
7773,2650,16,3,42.47,127.41
7774,2650,35,2,907.85,1815.7
7775,2650,2,3,1804.49,5413.47
7776,2650,8,1,1725.85,1725.85
7777,2650,26,2,480.49,960.98
7778,2651,1,2,3485.59,6971.18
7779,2651,6,3,3328.48,9985.44
7780,2651,11,1,636.88,636.88
7781,2651,2,1,1955.12,1955.12
7782,2651,5,2,1116.37,2232.74
7783,2652,14,3,884.72,2654.16
7784,2652,5,1,1122.98,1122.98
7785,2652,19,1,122.01,122.01
7786,2652,1,2,3485.59,6971.18
7787,2653,2,3,1955.12,5865.36
7788,2653,16,2,42.47,84.94
7789,2653,7,2,3807.28,7614.56
7790,2654,7,3,3807.28,11421.84
7791,2655,22,2,772.56,1545.12
7792,2655,14,2,884.72,1769.44
7793,2655,12,3,1597.94,4793.82
7794,2655,19,2,112.67,225.33
7795,2656,28,3,866.79,2600.37
7796,2656,8,3,1725.85,5177.55
7797,2656,30,1,511.45,511.45
7798,2657,3,3,3893.18,11679.54
7799,2658,13,1,772.58,772.58
7800,2658,19,1,114.19,114.19
7801,2658,8,3,1725.85,5177.55
7802,2658,12,2,1597.94,3195.88
7803,2658,14,3,884.72,2654.16
7804,2659,25,3,1379.46,4138.38
7805,2659,11,1,716.51,716.51
7806,2659,24,2,753.86,1507.72
7807,2659,10,2,4184.44,8368.88
7808,2660,32,2,1034.84,2069.68
7809,2660,2,1,1688.05,1688.05
7810,2660,7,2,3807.28,7614.56
7811,2660,6,3,3328.48,9985.44
7812,2661,12,2,1457.7,2915.41
7813,2662,29,1,1052.03,1052.03
7814,2662,15,1,373.87,373.87
7815,2662,2,2,1955.12,3910.24
7816,2662,11,1,772.38,772.38
7817,2663,5,2,1193.52,2387.04
7818,2663,34,1,507.59,507.59
7819,2664,1,3,3485.59,10456.77
7820,2664,34,3,507.59,1522.77
7821,2664,17,2,119.37,238.74
7822,2665,29,3,1259.43,3778.29
7823,2665,32,1,1034.84,1034.84
7824,2665,4,3,3280.07,9840.21
7825,2665,1,2,3485.59,6971.18
7826,2666,21,1,1754.04,1754.04
7827,2666,1,1,3485.59,3485.59
7828,2667,12,1,1597.94,1597.94
7829,2667,2,3,1955.12,5865.36
7830,2668,11,1,772.38,772.38
7831,2669,25,1,1140.0,1140.0
7832,2669,35,1,907.85,907.85
7833,2670,5,2,1193.52,2387.04
7834,2670,31,3,1337.83,4013.5
7835,2670,18,2,175.11,350.22
7836,2671,26,1,480.49,480.49
7837,2671,13,3,945.88,2837.64
7838,2671,6,2,3328.48,6656.96
7839,2671,11,3,772.38,2317.14
7840,2671,17,1,119.37,119.37
7841,2672,7,2,3807.28,7614.56
7842,2673,30,3,511.45,1534.35
7843,2673,29,1,1259.43,1259.43
7844,2673,27,2,514.43,1028.86
7845,2673,5,1,1193.52,1193.52
7846,2674,28,2,1074.23,2148.46
7847,2674,20,2,61.02,122.04
7848,2674,22,1,710.36,710.36
7849,2674,5,1,1193.52,1193.52
7850,2675,29,2,1259.43,2518.86
7851,2675,33,1,1384.64,1384.64
7852,2675,11,1,772.38,772.38
7853,2676,35,3,907.85,2723.55
7854,2676,18,2,175.11,350.22
7855,2677,11,3,772.38,2317.14
7856,2677,13,3,945.88,2837.64
7857,2677,14,1,884.72,884.72
7858,2677,22,2,607.92,1215.83
7859,2678,34,2,507.59,1015.18
7860,2678,20,2,61.02,122.04
7861,2679,15,3,373.87,1121.61
7862,2679,21,1,1754.04,1754.04
7863,2679,26,3,480.49,1441.47
7864,2679,23,2,929.31,1858.62
7865,2679,9,1,4199.61,4199.61
7866,2680,1,1,3485.59,3485.59
7867,2680,25,2,1379.46,2758.92
7868,2680,11,1,772.38,772.38
7869,2681,6,2,3328.48,6656.96
7870,2681,24,2,753.86,1507.72
7871,2682,34,1,507.59,507.59
7872,2682,27,1,514.43,514.43
7873,2683,24,1,753.86,753.86
7874,2683,8,2,1725.85,3451.7
7875,2683,20,1,52.27,52.27
7876,2684,22,3,772.56,2317.68
7877,2684,31,3,1422.93,4268.79
7878,2684,19,3,146.82,440.46
7879,2684,11,2,772.38,1544.76
7880,2684,6,1,3328.48,3328.48
7881,2685,27,2,514.43,1028.86
7882,2686,19,1,146.82,146.82
7883,2686,12,3,1597.94,4793.82
7884,2686,33,1,1384.64,1384.64
7885,2686,29,3,1259.43,3778.29
7886,2687,8,2,1725.85,3451.7
7887,2687,24,1,753.86,753.86
7888,2687,16,3,35.85,107.56
7889,2687,1,2,3485.59,6971.18
7890,2687,4,3,2665.15,7995.44
7891,2688,11,1,656.03,656.03
7892,2688,17,1,119.37,119.37
7893,2688,21,2,1754.04,3508.08
7894,2688,13,1,945.88,945.88
7895,2689,14,2,884.72,1769.44
7896,2689,4,1,3280.07,3280.07
7897,2689,5,3,1193.52,3580.56
7898,2690,27,3,405.16,1215.48
7899,2690,16,1,42.47,42.47
7900,2690,29,2,1259.43,2518.86
7901,2690,20,3,61.02,183.06
7902,2691,18,2,146.0,291.99
7903,2692,1,1,3485.59,3485.59
7904,2692,9,1,4199.61,4199.61
7905,2692,13,1,712.66,712.66
7906,2693,15,3,373.87,1121.61
7907,2693,9,1,4199.61,4199.61
7908,2693,8,3,1725.85,5177.55
7909,2693,12,2,1506.32,3012.64
7910,2693,4,2,3280.07,6560.14
7911,2694,33,1,1384.64,1384.64
7912,2694,17,2,93.39,186.78
7913,2694,11,1,772.38,772.38
7914,2694,3,1,3893.18,3893.18
7915,2695,28,3,1074.23,3222.69
7916,2695,5,2,1193.52,2387.04
7917,2695,23,3,929.31,2787.93
7918,2695,24,2,753.86,1507.72
7919,2695,11,2,772.38,1544.76
7920,2696,33,2,1384.64,2769.28
7921,2696,11,2,772.38,1544.76
7922,2696,15,3,373.87,1121.61
7923,2696,2,3,1955.12,5865.36
7924,2697,2,1,1955.12,1955.12
7925,2697,31,1,1422.93,1422.93
7926,2697,20,3,61.02,183.06
7927,2697,7,1,3807.28,3807.28
7928,2698,4,2,3280.07,6560.14
7929,2698,16,2,42.47,84.94
7930,2699,27,2,514.43,1028.86
7931,2699,25,2,1379.46,2758.92
7932,2699,28,2,916.07,1832.13
7933,2699,1,1,3485.59,3485.59
7934,2699,14,1,751.94,751.94
7935,2700,25,3,1379.46,4138.38
7936,2700,20,1,61.02,61.02
7937,2701,19,2,146.82,293.64
7938,2701,4,3,3280.07,9840.21
7939,2701,33,2,1384.64,2769.28
7940,2702,16,3,42.47,127.41
7941,2702,31,2,1224.5,2449.0
7942,2702,30,2,511.45,1022.9
7943,2703,30,2,511.45,1022.9
7944,2703,15,3,373.87,1121.61
7945,2703,32,2,1034.84,2069.68
7946,2704,11,3,772.38,2317.14
7947,2704,22,2,772.56,1545.12
7948,2705,21,3,1754.04,5262.12
7949,2705,11,3,772.38,2317.14
7950,2705,31,2,1422.93,2845.86
7951,2705,12,1,1597.94,1597.94
7952,2706,4,2,3115.46,6230.92
7953,2706,10,3,4184.44,12553.32
7954,2706,15,1,373.87,373.87
7955,2706,34,3,469.12,1407.37
7956,2706,22,1,772.56,772.56
7957,2707,15,1,373.87,373.87
7958,2707,35,1,907.85,907.85
7959,2707,22,3,772.56,2317.68
7960,2708,19,3,146.82,440.46
7961,2708,27,1,482.58,482.58
7962,2708,5,2,1038.87,2077.74
7963,2708,20,1,61.02,61.02
7964,2708,9,2,3546.81,7093.63
7965,2709,34,3,507.59,1522.77
7966,2709,12,2,1597.94,3195.88
7967,2710,3,1,3893.18,3893.18
7968,2710,19,2,132.28,264.56
7969,2710,7,3,3807.28,11421.84
7970,2710,5,1,939.25,939.25
7971,2710,31,2,1422.93,2845.86
7972,2711,4,1,3280.07,3280.07
7973,2711,12,3,1597.94,4793.82
7974,2711,2,3,1502.12,4506.35
7975,2711,13,1,945.88,945.88
7976,2712,32,2,1034.84,2069.68
7977,2712,30,2,511.45,1022.9
7978,2712,16,2,42.47,84.94
7979,2712,27,2,514.43,1028.86
7980,2713,8,3,1725.85,5177.55
7981,2713,22,1,772.56,772.56
7982,2713,17,1,119.37,119.37
7983,2713,13,1,945.88,945.88
7984,2713,23,2,929.31,1858.62
7985,2714,13,1,945.88,945.88
7986,2714,16,1,42.47,42.47
7987,2715,21,2,1754.04,3508.08
7988,2715,22,2,611.0,1221.99
7989,2715,2,1,1955.12,1955.12
7990,2715,30,2,511.45,1022.9
7991,2715,10,2,4184.44,8368.88
7992,2716,31,2,1422.93,2845.86
7993,2716,28,1,1074.23,1074.23
7994,2716,11,2,772.38,1544.76
7995,2716,7,2,3807.28,7614.56
7996,2716,27,3,514.43,1543.29
7997,2717,28,3,1074.23,3222.69
7998,2718,11,1,772.38,772.38
7999,2719,30,1,511.45,511.45
8000,2719,8,1,1725.85,1725.85
8001,2720,20,3,61.02,183.06
8002,2720,23,3,929.31,2787.93
8003,2720,6,3,3328.48,9985.44
8004,2720,25,2,1379.46,2758.92
8005,2720,22,2,772.56,1545.12
8006,2721,16,1,42.47,42.47
8007,2721,1,2,2702.71,5405.42
8008,2722,22,1,772.56,772.56
8009,2722,17,3,119.37,358.11
8010,2722,32,2,1034.84,2069.68
8011,2723,25,3,1379.46,4138.38
8012,2723,29,3,1259.43,3778.29
8013,2723,3,2,3893.18,7786.36
8014,2724,33,1,1384.64,1384.64
8015,2724,2,2,1955.12,3910.24
8016,2725,32,1,1034.84,1034.84
8017,2726,7,1,3807.28,3807.28
8018,2726,27,2,438.57,877.14
8019,2727,25,2,1379.46,2758.92
8020,2728,12,1,1597.94,1597.94
8021,2728,33,2,1384.64,2769.28
8022,2728,13,3,945.88,2837.64
8023,2729,26,2,480.49,960.98
8024,2729,34,2,449.21,898.41
8025,2729,33,2,1384.64,2769.28
8026,2729,5,1,1193.52,1193.52
8027,2730,16,2,42.47,84.94
8028,2730,27,2,514.43,1028.86
8029,2730,25,3,1379.46,4138.38
8030,2730,17,1,119.37,119.37
8031,2730,1,3,3485.59,10456.77
8032,2731,5,2,1193.52,2387.04
8033,2731,33,2,1279.78,2559.56
8034,2731,10,1,4184.44,4184.44
8035,2732,25,3,1379.46,4138.38
8036,2732,32,3,1034.84,3104.52
8037,2732,20,2,61.02,122.04
8038,2733,23,1,929.31,929.31
8039,2734,12,2,1516.66,3033.32
8040,2734,23,1,830.51,830.51
8041,2734,6,3,3328.48,9985.44
8042,2734,28,1,936.63,936.63
8043,2735,33,2,1384.64,2769.28
8044,2736,23,1,929.31,929.31
8045,2736,15,1,354.27,354.27
8046,2736,25,1,1379.46,1379.46
8047,2737,32,2,1034.84,2069.68
8048,2737,30,2,423.69,847.37
8049,2737,24,2,753.86,1507.72
8050,2738,14,3,804.52,2413.57
8051,2739,12,3,1597.94,4793.82
8052,2739,29,1,1259.43,1259.43
8053,2739,20,1,61.02,61.02
8054,2739,25,2,1156.87,2313.75
8055,2739,14,3,884.72,2654.16
8056,2740,1,1,3485.59,3485.59
8057,2740,28,3,1074.23,3222.69
8058,2740,22,3,772.56,2317.68
8059,2740,33,1,1384.64,1384.64
8060,2740,27,1,514.43,514.43
8061,2741,2,2,1955.12,3910.24
8062,2741,14,3,884.72,2654.16
8063,2741,26,3,480.49,1441.47
8064,2741,28,1,1074.23,1074.23
8065,2741,25,3,1379.46,4138.38
8066,2742,22,1,772.56,772.56
8067,2742,1,2,3485.59,6971.18
8068,2742,13,3,772.97,2318.91
8069,2743,24,3,753.86,2261.58
8070,2743,14,3,884.72,2654.16
8071,2743,23,3,929.31,2787.93
8072,2743,13,2,768.19,1536.38
8073,2744,22,1,772.56,772.56
8074,2745,33,1,1384.64,1384.64
8075,2745,30,2,511.45,1022.9
8076,2745,4,2,3280.07,6560.14
8077,2745,5,3,1193.52,3580.56
8078,2746,33,3,1384.64,4153.92
8079,2746,16,1,42.47,42.47
8080,2747,30,2,511.45,1022.9
8081,2747,29,1,1259.43,1259.43
8082,2747,32,3,805.7,2417.11
8083,2748,33,1,1384.64,1384.64
8084,2748,11,2,646.1,1292.19
8085,2749,2,1,1955.12,1955.12
8086,2749,9,3,4199.61,12598.83
8087,2749,20,3,61.02,183.06
8088,2749,17,2,119.37,238.74
8089,2749,19,2,146.82,293.64
8090,2750,28,3,1074.23,3222.69
8091,2750,22,2,772.56,1545.12
8092,2750,2,3,1955.12,5865.36
8093,2750,3,1,3536.34,3536.34
8094,2750,6,3,3328.48,9985.44
8095,2751,13,1,811.63,811.63
8096,2751,25,2,1379.46,2758.92
8097,2751,1,3,3485.59,10456.77
8098,2751,8,3,1725.85,5177.55
8099,2751,19,1,146.82,146.82
8100,2752,9,3,4199.61,12598.83
8101,2752,1,3,3485.59,10456.77
8102,2752,2,1,1955.12,1955.12
8103,2752,15,1,286.91,286.91
8104,2753,28,1,925.17,925.17
8105,2753,15,2,373.87,747.74
8106,2753,29,3,1259.43,3778.29
8107,2753,11,2,772.38,1544.76
8108,2754,1,2,3485.59,6971.18
8109,2755,13,2,849.28,1698.56
8110,2755,27,2,514.43,1028.86
8111,2755,32,1,931.1,931.1
8112,2756,18,2,175.11,350.22
8113,2756,28,1,1074.23,1074.23
8114,2756,35,1,907.85,907.85
8115,2757,11,2,772.38,1544.76
8116,2758,28,1,1074.23,1074.23
8117,2758,27,2,514.43,1028.86
8118,2759,21,1,1754.04,1754.04
8119,2759,34,2,450.18,900.37
8120,2759,4,2,3280.07,6560.14
8121,2759,20,1,57.11,57.11
8122,2759,1,3,3485.59,10456.77
8123,2760,33,3,1384.64,4153.92
8124,2760,21,2,1754.04,3508.08
8125,2760,17,2,119.37,238.74
8126,2760,26,2,480.49,960.98
8127,2760,29,1,1259.43,1259.43
8128,2761,7,2,3807.28,7614.56
8129,2761,14,2,884.72,1769.44
8130,2761,34,3,507.59,1522.77
8131,2762,19,3,146.82,440.46
8132,2762,9,3,3460.26,10380.78
8133,2762,35,1,698.5,698.5
8134,2763,20,1,61.02,61.02
8135,2763,1,2,3184.82,6369.65
8136,2763,19,3,146.82,440.46
8137,2764,9,3,4199.61,12598.83
8138,2764,16,2,42.47,84.94
8139,2765,25,1,1379.46,1379.46
8140,2766,13,2,858.4,1716.79
8141,2767,30,1,511.45,511.45
8142,2767,19,2,146.82,293.64
8143,2767,13,3,945.88,2837.64
8144,2767,2,3,1955.12,5865.36
8145,2767,34,3,507.59,1522.77
8146,2768,25,3,1309.27,3927.81
8147,2768,16,1,42.47,42.47
8148,2769,15,1,373.87,373.87
8149,2770,27,2,514.43,1028.86
8150,2770,4,3,2654.01,7962.02
8151,2770,22,3,772.56,2317.68
8152,2770,29,3,1188.05,3564.16
8153,2770,26,1,441.47,441.47
8154,2771,18,3,175.11,525.33
8155,2771,3,1,3893.18,3893.18
8156,2771,23,1,929.31,929.31
8157,2771,33,1,1384.64,1384.64
8158,2772,18,3,175.11,525.33
8159,2772,31,2,1422.93,2845.86
8160,2773,19,3,146.82,440.46
8161,2773,27,3,514.43,1543.29
8162,2773,31,2,1422.93,2845.86
8163,2773,17,2,119.37,238.74
8164,2774,34,2,439.65,879.3
8165,2774,35,3,907.85,2723.55
8166,2774,10,1,4184.44,4184.44
8167,2775,8,2,1725.85,3451.7
8168,2776,23,2,929.31,1858.62
8169,2776,5,2,1193.52,2387.04
8170,2776,21,3,1754.04,5262.12
8171,2776,30,3,511.45,1534.35
8172,2776,28,3,889.78,2669.34
8173,2777,15,1,373.87,373.87
8174,2777,17,2,119.37,238.74
8175,2777,28,2,822.49,1644.97
8176,2777,21,2,1754.04,3508.08
8177,2777,4,2,3280.07,6560.14
8178,2778,10,2,4184.44,8368.88
8179,2778,16,2,39.69,79.38
8180,2778,20,2,61.02,122.04
8181,2778,24,3,753.86,2261.58
8182,2778,9,3,3828.05,11484.14
8183,2779,11,3,772.38,2317.14
8184,2779,18,1,175.11,175.11
8185,2780,11,3,772.38,2317.14
8186,2780,33,2,1384.64,2769.28
8187,2780,25,1,1379.46,1379.46
8188,2780,30,1,511.45,511.45
8189,2781,18,3,147.91,443.73
8190,2781,31,3,1422.93,4268.79
8191,2781,29,1,1259.43,1259.43
8192,2782,18,3,175.11,525.33
8193,2782,6,1,3328.48,3328.48
8194,2782,12,2,1441.13,2882.27
8195,2782,15,3,373.87,1121.61
8196,2782,9,3,3568.16,10704.47
8197,2783,35,3,764.63,2293.9
8198,2784,4,1,3280.07,3280.07
8199,2785,33,2,1384.64,2769.28
8200,2785,10,2,4184.44,8368.88
8201,2786,35,1,907.85,907.85
8202,2786,25,3,1379.46,4138.38
8203,2786,24,2,753.86,1507.72
8204,2786,29,1,1000.12,1000.12
8205,2787,12,2,1597.94,3195.88
8206,2787,35,3,907.85,2723.55
8207,2787,27,2,514.43,1028.86
8208,2787,21,3,1754.04,5262.12
8209,2788,11,3,772.38,2317.14
8210,2788,24,3,753.86,2261.58
8211,2788,35,2,907.85,1815.7
8212,2788,29,3,1259.43,3778.29
8213,2788,12,1,1453.37,1453.37
8214,2789,31,1,1422.93,1422.93
8215,2790,16,1,42.47,42.47
8216,2791,19,2,146.82,293.64
8217,2791,32,3,1034.84,3104.52
8218,2791,6,3,2534.45,7603.34
8219,2791,28,1,1074.23,1074.23
8220,2791,16,3,36.85,110.54
8221,2792,34,2,507.59,1015.18
8222,2792,18,2,140.08,280.17
8223,2793,10,1,4184.44,4184.44
8224,2793,11,3,772.38,2317.14
8225,2793,23,2,811.72,1623.45
8226,2793,5,2,1193.52,2387.04
8227,2794,1,3,3128.77,9386.32
8228,2794,19,3,146.82,440.46
8229,2794,27,3,514.43,1543.29
8230,2794,2,3,1535.62,4606.86
8231,2795,5,2,1193.52,2387.04
8232,2795,2,3,1955.12,5865.36
8233,2795,27,2,514.43,1028.86
8234,2796,5,2,1091.43,2182.85
8235,2796,28,3,1074.23,3222.69
8236,2797,13,2,885.78,1771.57
8237,2797,23,1,929.31,929.31
8238,2797,18,1,175.11,175.11
8239,2797,17,2,107.58,215.16
8240,2797,1,3,3070.07,9210.2
8241,2798,29,2,1259.43,2518.86
8242,2798,7,1,3807.28,3807.28
8243,2798,17,1,119.37,119.37
8244,2798,35,1,907.85,907.85
8245,2799,11,3,772.38,2317.14
8246,2800,12,2,1597.94,3195.88
8247,2800,11,1,643.16,643.16
8248,2800,1,3,3485.59,10456.77
8249,2800,33,1,1384.64,1384.64
8250,2800,5,2,1193.52,2387.04
8251,2801,11,1,772.38,772.38
8252,2801,22,1,772.56,772.56
8253,2801,3,1,3893.18,3893.18
8254,2801,21,3,1355.03,4065.09
8255,2802,24,3,753.86,2261.58
8256,2802,3,2,3893.18,7786.36
8257,2803,15,2,373.87,747.74
8258,2803,33,3,1384.64,4153.92
8259,2804,18,3,175.11,525.33
8260,2804,10,2,4184.44,8368.88
8261,2805,34,2,507.59,1015.18
8262,2806,16,2,42.47,84.94
8263,2806,9,2,4199.61,8399.22
8264,2806,3,2,3893.18,7786.36
8265,2806,33,3,1384.64,4153.92
8266,2807,21,1,1754.04,1754.04
8267,2808,7,3,3424.17,10272.5
8268,2808,4,2,3280.07,6560.14
8269,2809,31,1,1422.93,1422.93
8270,2810,23,3,929.31,2787.93
8271,2810,26,3,480.49,1441.47
8272,2810,34,3,507.59,1522.77
8273,2811,19,2,146.82,293.64
8274,2811,18,2,152.56,305.13
8275,2811,25,3,1229.88,3689.63
8276,2811,26,2,480.49,960.98
8277,2812,1,3,3485.59,10456.77
8278,2812,13,2,945.88,1891.76
8279,2812,28,1,1074.23,1074.23
8280,2812,34,3,507.59,1522.77
8281,2812,14,3,884.72,2654.16
8282,2813,8,1,1725.85,1725.85
8283,2813,26,3,480.49,1441.47
8284,2813,2,2,1955.12,3910.24
8285,2814,4,2,2807.82,5615.64
8286,2814,14,1,884.72,884.72
8287,2814,7,1,3807.28,3807.28
8288,2815,32,2,811.32,1622.64
8289,2815,25,3,1379.46,4138.38
8290,2816,23,1,929.31,929.31
8291,2816,16,3,42.47,127.41
8292,2816,24,1,594.68,594.68
8293,2816,9,2,4199.61,8399.22
8294,2816,26,2,480.49,960.98
8295,2817,32,3,1034.84,3104.52
8296,2817,20,3,61.02,183.06
8297,2817,30,2,511.45,1022.9
8298,2817,22,1,772.56,772.56
8299,2817,18,3,175.11,525.33
8300,2818,20,2,61.02,122.04
8301,2819,15,3,373.87,1121.61
8302,2819,25,3,1379.46,4138.38
8303,2819,7,2,3807.28,7614.56
8304,2819,3,2,3893.18,7786.36
8305,2820,2,2,1955.12,3910.24
8306,2820,19,2,146.82,293.64
8307,2820,8,1,1725.85,1725.85
8308,2820,32,3,1034.84,3104.52
8309,2820,21,1,1754.04,1754.04
8310,2821,28,3,1074.23,3222.69
8311,2822,15,1,373.87,373.87
8312,2822,27,1,461.58,461.58
8313,2823,27,2,514.43,1028.86
8314,2823,29,3,986.91,2960.73
8315,2823,8,3,1725.85,5177.55
8316,2823,10,3,4184.44,12553.32
8317,2823,25,1,1379.46,1379.46
8318,2824,17,3,119.37,358.11
8319,2824,5,1,1193.52,1193.52
8320,2825,22,2,772.56,1545.12
8321,2825,24,1,753.86,753.86
8322,2825,13,2,945.88,1891.76
8323,2826,21,2,1754.04,3508.08
8324,2826,24,2,753.86,1507.72
8325,2826,26,2,480.49,960.98
8326,2826,32,3,1034.84,3104.52
8327,2826,2,1,1955.12,1955.12
8328,2827,3,2,3512.86,7025.72
8329,2827,29,1,1089.96,1089.96
8330,2827,24,1,753.86,753.86
8331,2828,34,3,507.59,1522.77
8332,2828,11,3,772.38,2317.14
8333,2828,12,1,1597.94,1597.94
8334,2828,33,1,1384.64,1384.64
8335,2829,10,2,4184.44,8368.88
8336,2829,24,2,753.86,1507.72
8337,2829,8,2,1725.85,3451.7
8338,2829,31,2,1422.93,2845.86
8339,2829,13,2,945.88,1891.76
8340,2830,5,3,1193.52,3580.56
8341,2830,4,1,3280.07,3280.07
8342,2830,21,3,1754.04,5262.12
8343,2830,13,2,945.88,1891.76
8344,2831,13,3,843.82,2531.47
8345,2831,26,1,480.49,480.49
8346,2831,1,2,2666.67,5333.34
8347,2832,3,2,2997.45,5994.91
8348,2833,23,2,853.9,1707.79
8349,2833,10,2,4184.44,8368.88
8350,2833,31,3,1422.93,4268.79
8351,2833,1,2,3011.57,6023.14
8352,2834,12,3,1597.94,4793.82
8353,2834,30,1,511.45,511.45
8354,2834,11,1,772.38,772.38
8355,2835,30,2,410.36,820.73
8356,2835,26,2,480.49,960.98
8357,2835,9,1,4199.61,4199.61
8358,2835,11,1,772.38,772.38
8359,2836,31,2,1271.31,2542.63
8360,2836,9,2,4199.61,8399.22
8361,2836,22,3,632.98,1898.93
8362,2837,26,3,480.49,1441.47
8363,2838,26,1,480.49,480.49
8364,2838,5,3,1193.52,3580.56
8365,2839,10,3,4184.44,12553.32
8366,2839,4,2,3280.07,6560.14
8367,2840,21,1,1754.04,1754.04
8368,2841,27,3,514.43,1543.29
8369,2842,28,3,1074.23,3222.69
8370,2842,5,1,1193.52,1193.52
8371,2842,30,3,451.82,1355.47
8372,2842,1,1,3155.45,3155.45
8373,2842,24,2,753.86,1507.72
8374,2843,24,1,753.86,753.86
8375,2843,9,1,4199.61,4199.61
8376,2843,27,3,514.43,1543.29
8377,2844,24,3,753.86,2261.58
8378,2844,3,2,3893.18,7786.36
8379,2845,22,3,772.56,2317.68
8380,2845,35,1,907.85,907.85
8381,2846,21,1,1438.96,1438.96
8382,2846,28,2,1074.23,2148.46
8383,2847,29,3,1259.43,3778.29
8384,2847,24,2,753.86,1507.72
8385,2847,5,1,1193.52,1193.52
8386,2847,13,1,945.88,945.88
8387,2847,31,2,1422.93,2845.86
8388,2848,32,2,1034.84,2069.68
8389,2848,28,1,1074.23,1074.23
8390,2848,11,3,772.38,2317.14
8391,2848,8,2,1397.97,2795.94
8392,2848,13,2,945.88,1891.76
8393,2849,17,1,119.37,119.37
8394,2849,29,3,947.2,2841.6
8395,2850,11,3,772.38,2317.14
8396,2851,17,1,119.37,119.37
8397,2851,16,3,33.94,101.82
8398,2851,29,3,1259.43,3778.29
8399,2851,20,3,47.58,142.73
8400,2851,8,2,1725.85,3451.7
8401,2852,3,1,3893.18,3893.18
8402,2852,35,3,907.85,2723.55
8403,2852,8,2,1725.85,3451.7
8404,2852,18,3,175.11,525.33
8405,2852,2,1,1955.12,1955.12
8406,2853,22,3,772.56,2317.68
8407,2853,34,2,507.59,1015.18
8408,2854,16,1,34.39,34.39
8409,2855,5,2,1193.52,2387.04
8410,2855,11,2,772.38,1544.76
8411,2856,10,3,4184.44,12553.32
8412,2857,26,1,480.49,480.49
8413,2857,11,2,772.38,1544.76
8414,2858,5,1,1193.52,1193.52
8415,2858,12,1,1446.43,1446.43
8416,2858,25,3,1379.46,4138.38
8417,2859,32,2,1034.84,2069.68
8418,2859,8,3,1725.85,5177.55
8419,2859,27,1,387.88,387.88
8420,2860,16,2,42.47,84.94
8421,2860,33,2,1384.64,2769.28
8422,2860,26,1,480.49,480.49
8423,2861,9,1,4199.61,4199.61
8424,2861,15,1,373.87,373.87
8425,2862,12,2,1448.51,2897.02
8426,2863,32,3,1034.84,3104.52
8427,2863,17,3,119.37,358.11
8428,2863,21,3,1754.04,5262.12
8429,2864,3,2,3893.18,7786.36
8430,2864,34,2,507.59,1015.18
8431,2864,15,3,373.87,1121.61
8432,2865,8,2,1725.85,3451.7
8433,2865,12,1,1305.74,1305.74
8434,2865,1,3,3485.59,10456.77
8435,2865,28,1,1074.23,1074.23
8436,2865,25,2,1379.46,2758.92
8437,2866,6,2,3328.48,6656.96
8438,2866,12,2,1452.25,2904.51
8439,2867,3,1,3344.75,3344.75
8440,2867,11,1,772.38,772.38
8441,2867,9,1,4199.61,4199.61
8442,2867,33,3,1384.64,4153.92
8443,2868,19,2,146.82,293.64
8444,2868,18,2,135.53,271.06
8445,2868,30,3,511.45,1534.35
8446,2868,15,1,373.87,373.87
8447,2869,8,2,1725.85,3451.7
8448,2869,34,3,507.59,1522.77
8449,2870,17,3,119.37,358.11
8450,2870,31,1,1422.93,1422.93
8451,2870,9,1,4199.61,4199.61
8452,2870,4,3,3280.07,9840.21
8453,2871,12,2,1597.94,3195.88
8454,2871,26,2,480.49,960.98
8455,2871,2,2,1955.12,3910.24
8456,2871,6,1,3328.48,3328.48
8457,2871,35,3,907.85,2723.55
8458,2872,15,2,373.87,747.74
8459,2872,9,1,4199.61,4199.61
8460,2872,17,2,119.37,238.74
8461,2872,24,3,753.86,2261.58
8462,2872,32,1,1034.84,1034.84
8463,2873,19,3,146.82,440.46
8464,2874,34,3,507.59,1522.77
8465,2874,15,3,373.87,1121.61
8466,2875,19,2,146.82,293.64
8467,2876,20,3,61.02,183.06
8468,2876,29,3,1259.43,3778.29
8469,2876,31,3,1422.93,4268.79
8470,2876,4,3,3280.07,9840.21
8471,2876,25,1,1379.46,1379.46
8472,2877,20,2,61.02,122.04
8473,2877,27,3,514.43,1543.29
8474,2877,6,3,3328.48,9985.44
8475,2878,5,3,1193.52,3580.56
8476,2878,34,1,507.59,507.59
8477,2878,28,2,1074.23,2148.46
8478,2878,14,2,884.72,1769.44
8479,2878,27,2,514.43,1028.86
8480,2879,8,3,1725.85,5177.55
8481,2880,4,2,3280.07,6560.14
8482,2880,6,2,3328.48,6656.96
8483,2880,18,1,175.11,175.11
8484,2881,19,3,125.42,376.27
8485,2881,32,3,1034.84,3104.52
8486,2881,30,1,429.6,429.6
8487,2882,7,3,3807.28,11421.84
8488,2883,4,2,3280.07,6560.14
8489,2883,26,3,480.49,1441.47
8490,2883,12,2,1597.94,3195.88
8491,2883,21,1,1754.04,1754.04
8492,2883,6,2,3328.48,6656.96
8493,2884,1,3,3485.59,10456.77
8494,2885,12,3,1597.94,4793.82
8495,2885,18,2,175.11,350.22
8496,2885,11,3,772.38,2317.14
8497,2885,31,2,1422.93,2845.86
8498,2886,13,1,945.88,945.88
8499,2886,3,1,3893.18,3893.18
8500,2886,23,1,842.49,842.49
8501,2886,8,2,1725.85,3451.7
8502,2886,30,1,511.45,511.45
8503,2887,31,2,1422.93,2845.86
8504,2887,32,1,1034.84,1034.84
8505,2887,29,2,1259.43,2518.86
8506,2887,14,2,884.72,1769.44
8507,2888,29,2,970.91,1941.82
8508,2888,6,3,2822.55,8467.64
8509,2888,17,2,97.64,195.27
8510,2888,1,3,3485.59,10456.77
8511,2888,31,2,1422.93,2845.86
8512,2889,32,3,958.32,2874.97
8513,2889,18,1,175.11,175.11
8514,2889,31,1,1422.93,1422.93
8515,2889,10,2,4184.44,8368.88
8516,2890,14,1,884.72,884.72
8517,2891,24,3,753.86,2261.58
8518,2891,10,2,4184.44,8368.88
8519,2891,21,2,1754.04,3508.08
8520,2891,35,2,907.85,1815.7
8521,2891,29,1,1259.43,1259.43
8522,2892,20,2,61.02,122.04
8523,2892,30,3,511.45,1534.35
8524,2893,6,3,3328.48,9985.44
8525,2893,17,1,119.37,119.37
8526,2893,14,2,670.25,1340.5
8527,2893,26,2,480.49,960.98
8528,2894,3,2,3893.18,7786.36
8529,2894,21,1,1528.17,1528.17
8530,2894,5,2,912.9,1825.81
8531,2894,22,1,772.56,772.56
8532,2894,26,1,480.49,480.49
8533,2895,20,3,55.47,166.42
8534,2896,31,3,1422.93,4268.79
8535,2896,16,1,42.47,42.47
8536,2897,21,2,1754.04,3508.08
8537,2897,35,2,907.85,1815.7
8538,2897,26,3,480.49,1441.47
8539,2897,29,3,1259.43,3778.29
8540,2897,30,2,467.25,934.49
8541,2898,7,1,3519.99,3519.99
8542,2898,21,1,1754.04,1754.04
8543,2898,19,3,146.82,440.46
8544,2898,12,1,1597.94,1597.94
8545,2898,31,2,1422.93,2845.86
8546,2899,5,2,1193.52,2387.04
8547,2899,16,3,42.47,127.41
8548,2900,5,2,984.56,1969.12
8549,2900,34,2,422.27,844.54
8550,2901,28,1,1074.23,1074.23
8551,2901,24,2,753.86,1507.72
8552,2901,22,1,772.56,772.56
8553,2901,11,2,772.38,1544.76
8554,2902,13,3,945.88,2837.64
8555,2902,1,1,3485.59,3485.59
8556,2902,10,1,4184.44,4184.44
8557,2902,12,2,1597.94,3195.88
8558,2903,23,2,929.31,1858.62
8559,2903,27,1,514.43,514.43
8560,2904,18,1,175.11,175.11
8561,2904,27,1,514.43,514.43
8562,2904,24,1,714.69,714.69
8563,2904,21,1,1754.04,1754.04
8564,2905,34,3,427.41,1282.22
8565,2906,2,1,1955.12,1955.12
8566,2906,22,2,772.56,1545.12
8567,2906,35,1,698.23,698.23
8568,2907,17,3,119.37,358.11
8569,2907,32,3,1034.84,3104.52
8570,2907,28,3,1074.23,3222.69
8571,2907,6,2,3328.48,6656.96
8572,2908,25,1,1379.46,1379.46
8573,2908,22,2,772.56,1545.12
8574,2908,16,3,42.47,127.41
8575,2909,10,1,4184.44,4184.44
8576,2909,28,1,1074.23,1074.23
8577,2909,11,1,772.38,772.38
8578,2909,33,2,1384.64,2769.28
8579,2910,4,1,3280.07,3280.07
8580,2910,21,1,1754.04,1754.04
8581,2910,11,3,660.66,1981.97
8582,2911,28,2,1074.23,2148.46
8583,2911,11,2,772.38,1544.76
8584,2911,5,2,1193.52,2387.04
8585,2911,18,3,175.11,525.33
8586,2912,6,2,3328.48,6656.96
8587,2912,29,1,1259.43,1259.43
8588,2912,20,3,61.02,183.06
8589,2912,32,2,1034.84,2069.68
8590,2912,15,2,373.87,747.74
8591,2913,29,1,1259.43,1259.43
8592,2913,8,3,1725.85,5177.55
8593,2913,16,2,42.47,84.94
8594,2914,16,2,42.47,84.94
8595,2914,21,2,1754.04,3508.08
8596,2914,12,1,1597.94,1597.94
8597,2914,22,1,699.59,699.59
8598,2915,5,2,1193.52,2387.04
8599,2915,6,3,3328.48,9985.44
8600,2915,34,3,507.59,1522.77
8601,2915,31,1,1298.45,1298.45
8602,2916,4,2,3280.07,6560.14
8603,2917,29,1,1259.43,1259.43
8604,2918,5,2,1193.52,2387.04
8605,2918,15,2,373.87,747.74
8606,2918,18,3,175.11,525.33
8607,2919,15,1,373.87,373.87
8608,2919,16,2,42.47,84.94
8609,2920,24,2,753.86,1507.72
8610,2920,31,3,1422.93,4268.79
8611,2921,33,3,1384.64,4153.92
8612,2921,12,3,1597.94,4793.82
8613,2922,31,3,1422.93,4268.79
8614,2922,33,1,1384.64,1384.64
8615,2922,10,2,4184.44,8368.88
8616,2923,33,1,1384.64,1384.64
8617,2923,16,3,42.47,127.41
8618,2923,28,2,1074.23,2148.46
8619,2923,25,2,1379.46,2758.92
8620,2923,27,1,514.43,514.43
8621,2924,18,2,175.11,350.22
8622,2924,24,3,753.86,2261.58
8623,2924,3,3,3893.18,11679.54
8624,2925,29,3,1259.43,3778.29
8625,2926,29,1,1259.43,1259.43
8626,2926,34,2,507.59,1015.18
8627,2927,28,1,1074.23,1074.23
8628,2927,32,2,1034.84,2069.68
8629,2927,8,3,1725.85,5177.55
8630,2928,6,3,3328.48,9985.44
8631,2928,30,2,452.19,904.38
8632,2928,3,2,3893.18,7786.36
8633,2929,22,3,772.56,2317.68
8634,2929,31,3,1422.93,4268.79
8635,2929,10,1,4184.44,4184.44
8636,2929,28,3,1074.23,3222.69
8637,2930,3,3,3893.18,11679.54
8638,2930,27,1,475.49,475.49
8639,2931,29,1,1259.43,1259.43
8640,2931,2,3,1955.12,5865.36
8641,2932,10,1,4184.44,4184.44
8642,2932,8,1,1725.85,1725.85
8643,2932,19,1,146.82,146.82
8644,2932,11,2,772.38,1544.76
8645,2932,20,3,46.28,138.85
8646,2933,17,1,119.37,119.37
8647,2933,33,1,1206.11,1206.11
8648,2933,14,2,884.72,1769.44
8649,2933,28,1,1074.23,1074.23
8650,2933,34,2,507.59,1015.18
8651,2934,16,1,42.47,42.47
8652,2934,21,3,1754.04,5262.12
8653,2934,19,3,146.82,440.46
8654,2934,7,2,3807.28,7614.56
8655,2935,3,3,3893.18,11679.54
8656,2935,12,3,1597.94,4793.82
8657,2935,22,3,772.56,2317.68
8658,2936,21,2,1754.04,3508.08
8659,2936,34,2,507.59,1015.18
8660,2936,29,2,1259.43,2518.86
8661,2936,10,1,4184.44,4184.44
8662,2936,14,1,884.72,884.72
8663,2937,24,1,753.86,753.86
8664,2938,26,2,391.97,783.94
8665,2939,25,1,1379.46,1379.46
8666,2939,28,1,1074.23,1074.23
8667,2939,6,2,3328.48,6656.96
8668,2940,22,3,772.56,2317.68
8669,2940,20,1,52.14,52.14
8670,2940,3,2,3893.18,7786.36
8671,2941,20,3,61.02,183.06
8672,2941,16,3,42.47,127.41
8673,2941,22,3,772.56,2317.68
8674,2941,28,1,1074.23,1074.23
8675,2942,26,2,440.63,881.27
8676,2942,19,2,146.82,293.64
8677,2943,15,3,373.87,1121.61
8678,2943,16,2,42.47,84.94
8679,2943,23,3,929.31,2787.93
8680,2943,5,3,1193.52,3580.56
8681,2943,19,3,146.82,440.46
8682,2944,3,3,3420.57,10261.72
8683,2945,35,1,907.85,907.85
8684,2945,27,3,514.43,1543.29
8685,2945,32,1,1034.84,1034.84
8686,2945,11,1,772.38,772.38
8687,2945,21,3,1754.04,5262.12
8688,2946,33,1,1384.64,1384.64
8689,2947,7,2,3807.28,7614.56
8690,2947,15,3,348.0,1044.01
8691,2947,2,1,1758.68,1758.68
8692,2947,35,2,907.85,1815.7
8693,2947,19,2,146.82,293.64
8694,2948,15,1,373.87,373.87
8695,2948,27,3,514.43,1543.29
8696,2948,7,2,2956.79,5913.57
8697,2949,20,3,51.09,153.26
8698,2949,32,3,1034.84,3104.52
8699,2949,18,2,134.7,269.41
8700,2949,24,3,753.86,2261.58
8701,2949,3,2,3893.18,7786.36
8702,2950,12,2,1597.94,3195.88
8703,2950,25,2,1379.46,2758.92
8704,2950,6,2,3328.48,6656.96
8705,2951,24,1,753.86,753.86
8706,2952,10,1,4184.44,4184.44
8707,2952,27,3,514.43,1543.29
8708,2952,19,1,146.82,146.82
8709,2952,24,3,753.86,2261.58
8710,2952,17,3,99.2,297.59
8711,2953,13,3,728.53,2185.58
8712,2953,29,2,1259.43,2518.86
8713,2953,16,1,42.47,42.47
8714,2953,26,2,480.49,960.98
8715,2953,21,3,1513.19,4539.57
8716,2954,28,1,1074.23,1074.23
8717,2954,8,2,1517.64,3035.27
8718,2955,28,1,1074.23,1074.23
8719,2955,10,2,4184.44,8368.88
8720,2956,23,2,929.31,1858.62
8721,2957,22,3,772.56,2317.68
8722,2957,1,1,3485.59,3485.59
8723,2957,24,2,753.86,1507.72
8724,2957,26,3,480.49,1441.47
8725,2958,5,1,1193.52,1193.52
8726,2958,10,3,4184.44,12553.32
8727,2958,26,3,480.49,1441.47
8728,2958,13,2,945.88,1891.76
8729,2959,29,1,1093.33,1093.33
8730,2959,16,2,42.47,84.94
8731,2960,22,2,772.56,1545.12
8732,2960,33,2,1384.64,2769.28
8733,2960,8,2,1725.85,3451.7
8734,2960,19,3,146.82,440.46
8735,2961,13,3,945.88,2837.64
8736,2961,5,1,1193.52,1193.52
8737,2961,27,3,514.43,1543.29
8738,2961,32,2,1034.84,2069.68
8739,2961,23,2,929.31,1858.62
8740,2962,15,2,373.87,747.74
8741,2962,26,1,480.49,480.49
8742,2962,28,1,935.26,935.26
8743,2963,29,2,1144.22,2288.45
8744,2963,1,3,3485.59,10456.77
8745,2963,22,1,632.85,632.85
8746,2963,16,3,42.47,127.41
8747,2964,26,2,480.49,960.98
8748,2965,9,3,4199.61,12598.83
8749,2965,35,3,907.85,2723.55
8750,2965,4,3,3280.07,9840.21
8751,2965,8,3,1725.85,5177.55
8752,2966,18,3,175.11,525.33
8753,2966,16,2,42.47,84.94
8754,2966,31,2,1422.93,2845.86
8755,2967,2,3,1955.12,5865.36
8756,2968,16,2,36.97,73.95
8757,2968,25,1,1379.46,1379.46
8758,2969,32,2,821.29,1642.57
8759,2969,9,3,3184.74,9554.23
8760,2969,10,2,4184.44,8368.88
8761,2970,9,2,3718.27,7436.54
8762,2970,5,2,1193.52,2387.04
8763,2970,4,3,3280.07,9840.21
8764,2970,34,3,468.41,1405.23
8765,2971,31,2,1422.93,2845.86
8766,2971,23,2,783.71,1567.41
8767,2971,12,2,1597.94,3195.88
8768,2971,28,2,1074.23,2148.46
8769,2971,34,3,507.59,1522.77
8770,2972,31,1,1422.93,1422.93
8771,2972,13,2,845.51,1691.02
8772,2973,10,1,4184.44,4184.44
8773,2974,31,1,1422.93,1422.93
8774,2975,21,1,1754.04,1754.04
8775,2975,29,2,1259.43,2518.86
8776,2975,34,1,507.59,507.59
8777,2975,35,1,719.98,719.98
8778,2975,11,1,644.95,644.95
8779,2976,19,3,146.82,440.46
8780,2977,32,1,1034.84,1034.84
8781,2977,24,3,753.86,2261.58
8782,2977,19,2,146.82,293.64
8783,2978,31,3,1422.93,4268.79
8784,2979,28,2,1074.23,2148.46
8785,2979,14,3,884.72,2654.16
8786,2979,26,2,480.49,960.98
8787,2980,22,3,772.56,2317.68
8788,2980,35,1,727.79,727.79
8789,2980,16,3,42.47,127.41
8790,2981,29,1,975.1,975.1
8791,2982,33,1,1105.67,1105.67
8792,2982,1,3,3485.59,10456.77
8793,2982,19,2,146.82,293.64
8794,2982,13,1,839.49,839.49
8795,2982,14,1,731.12,731.12
8796,2983,28,1,1074.23,1074.23
8797,2984,14,2,884.72,1769.44
8798,2984,5,1,1193.52,1193.52
8799,2984,25,2,1296.01,2592.01
8800,2984,18,3,175.11,525.33
8801,2984,9,1,3936.04,3936.04
8802,2985,19,2,146.82,293.64
8803,2985,21,3,1754.04,5262.12
8804,2985,30,3,511.45,1534.35
8805,2985,17,3,92.01,276.03
8806,2985,3,1,3052.22,3052.22
8807,2986,15,1,373.87,373.87
8808,2986,23,2,734.2,1468.39
8809,2986,11,1,772.38,772.38
8810,2986,27,2,421.61,843.22
8811,2987,25,2,1379.46,2758.92
8812,2987,31,2,1267.87,2535.75
8813,2987,7,1,3807.28,3807.28
8814,2987,4,2,3280.07,6560.14
8815,2987,26,2,480.49,960.98
8816,2988,31,2,1315.21,2630.43
8817,2988,6,2,3328.48,6656.96
8818,2988,32,3,1034.84,3104.52
8819,2989,11,2,772.38,1544.76
8820,2989,26,3,480.49,1441.47
8821,2989,8,3,1725.85,5177.55
8822,2990,16,1,38.97,38.97
8823,2990,7,2,3393.99,6787.98
8824,2990,31,3,1422.93,4268.79
8825,2990,21,2,1754.04,3508.08
8826,2990,8,2,1725.85,3451.7
8827,2991,17,2,119.37,238.74
8828,2991,6,2,3328.48,6656.96
8829,2991,1,2,3485.59,6971.18
8830,2991,27,3,514.43,1543.29
8831,2992,8,3,1725.85,5177.55
8832,2993,30,1,511.45,511.45
8833,2994,29,3,1259.43,3778.29
8834,2994,14,1,884.72,884.72
8835,2995,16,2,42.47,84.94
8836,2996,17,3,94.91,284.73
8837,2996,1,3,3485.59,10456.77
8838,2996,2,2,1955.12,3910.24
8839,2996,5,1,1193.52,1193.52
8840,2997,10,2,4184.44,8368.88
8841,2997,19,1,146.82,146.82
8842,2997,5,3,904.59,2713.78
8843,2997,8,3,1725.85,5177.55
8844,2998,21,1,1754.04,1754.04
8845,2998,19,3,132.76,398.28
8846,2998,26,1,480.49,480.49
8847,2998,28,2,1004.77,2009.55
8848,2999,26,3,480.49,1441.47
8849,2999,4,3,3280.07,9840.21
8850,2999,15,1,373.87,373.87
8851,3000,26,2,480.49,960.98
8852,3000,21,2,1754.04,3508.08
8853,3000,10,1,3612.72,3612.72
8854,3000,5,2,1193.52,2387.04
